id_filme;title;data_lanc;budget;revenue;vote_average;vote_count;popularity;id_diretor
19995;Avatar;2009-12-10;237000000;2787965087;7.2;11800;150.437577;2710.0
285;Pirates of the Caribbean: At World's End;2007-05-19;300000000;961000000;6.9;4500;139.082615;1704.0
206647;Spectre;2015-10-26;245000000;880674609;6.3;4466;107.376788;39.0
49026;The Dark Knight Rises;2012-07-16;250000000;1084939099;7.6;9106;112.31295;525.0
49529;John Carter;2012-03-07;260000000;284139100;6.1;2124;43.926995;7.0
559;Spider-Man 3;2007-05-01;258000000;890871626;5.9;3576;115.699814;7623.0
38757;Tangled;2010-11-24;260000000;591794936;7.4;3330;48.681969;76595.0
99861;Avengers: Age of Ultron;2015-04-22;280000000;1405403694;7.3;6767;134.279229;12891.0
767;Harry Potter and the Half-Blood Prince;2009-07-07;250000000;933959197;7.4;5293;98.885637;11343.0
209112;Batman v Superman: Dawn of Justice;2016-03-23;250000000;873260194;5.7;7004;155.790452;15217.0
1452;Superman Returns;2006-06-28;270000000;391081192;5.4;1400;57.925623;9032.0
10764;Quantum of Solace;2008-10-30;200000000;586090727;6.1;2965;107.928811;12995.0
58;Pirates of the Caribbean: Dead Man's Chest;2006-06-20;200000000;1065659812;7.0;5246;145.847379;1704.0
57201;The Lone Ranger;2013-07-03;255000000;89289910;5.9;2311;49.046956;1704.0
49521;Man of Steel;2013-06-12;225000000;662845518;6.5;6359;99.398009;15217.0
2454;The Chronicles of Narnia: Prince Caspian;2008-05-15;225000000;419651413;6.3;1630;53.978602;5524.0
24428;The Avengers;2012-04-25;220000000;1519557910;7.4;11776;144.448633;12891.0
1865;Pirates of the Caribbean: On Stranger Tides;2011-05-14;380000000;1045713802;6.4;4948;135.413856;17633.0
41154;Men in Black 3;2012-05-23;225000000;624026776;6.2;4160;52.035179;5174.0
122917;The Hobbit: The Battle of the Five Armies;2014-12-10;250000000;956019788;7.1;4760;120.965743;108.0
1930;The Amazing Spider-Man;2012-06-27;215000000;752215857;6.5;6586;89.866276;87742.0
20662;Robin Hood;2010-05-12;200000000;310669540;6.2;1398;37.668301;578.0
57158;The Hobbit: The Desolation of Smaug;2013-12-11;250000000;958400000;7.6;4524;94.370564;108.0
2268;The Golden Compass;2007-12-04;180000000;372234864;5.8;1303;42.990906;3288.0
254;King Kong;2005-12-14;207000000;550000000;6.6;2337;61.22601;108.0
597;Titanic;1997-11-18;200000000;1845034188;7.5;7562;100.025899;2710.0
271110;Captain America: Civil War;2016-04-27;250000000;1153304495;7.1;7241;198.372395;19271.0
44833;Battleship;2012-04-11;209000000;303025485;5.5;2114;64.928382;36602.0
135397;Jurassic World;2015-06-09;150000000;1513528810;6.5;8662;418.708552;930707.0
37724;Skyfall;2012-10-25;200000000;1108561013;6.9;7604;93.004993;39.0
558;Spider-Man 2;2004-06-25;200000000;783766341;6.7;4321;35.149586;7623.0
68721;Iron Man 3;2013-04-18;200000000;1215439994;6.8;8806;77.68208;1108.0
12155;Alice in Wonderland;2010-03-03;200000000;1025491110;6.4;4645;78.530105;510.0
36668;X-Men: The Last Stand;2006-05-24;210000000;459359555;6.3;3525;3.857526;11091.0
62211;Monsters University;2013-06-20;200000000;743559607;7.0;3528;89.186492;225976.0
8373;Transformers: Revenge of the Fallen;2009-06-19;150000000;836297228;6.0;3138;21.939663;865.0
91314;Transformers: Age of Extinction;2014-06-25;210000000;1091405097;5.8;3095;116.840296;865.0
68728;Oz: The Great and Powerful;2013-03-07;200000000;491868548;5.7;3530;46.985445;7623.0
102382;The Amazing Spider-Man 2;2014-04-16;200000000;705717432;6.5;4179;89.270217;87742.0
20526;TRON: Legacy;2010-12-10;170000000;400062763;6.3;2841;73.79505;86270.0
49013;Cars 2;2011-06-11;200000000;559852396;5.8;2033;49.98659;7879.0
44912;Green Lantern;2011-06-16;200000000;219851172;5.1;2487;51.872839;10702.0
10193;Toy Story 3;2010-06-16;200000000;1066969703;7.6;4597;59.995418;8.0
534;Terminator Salvation;2009-05-20;200000000;371353001;5.9;2463;71.862892;36425.0
168259;Furious 7;2015-04-01;190000000;1506249360;7.3;4176;102.322217;2127.0
72190;World War Z;2013-06-20;200000000;531865000;6.7;5560;81.834855;12995.0
127585;X-Men: Days of Future Past;2014-05-15;250000000;747862775;7.5;6032;118.078691;9032.0
54138;Star Trek Into Darkness;2013-05-05;190000000;467365246;7.4;4418;78.291018;15344.0
81005;Jack the Giant Slayer;2013-02-27;195000000;197687603;5.5;2598;43.349855;9032.0
64682;The Great Gatsby;2013-05-10;105000000;351040419;7.3;3769;61.196071;6201.0
9543;Prince of Persia: The Sands of Time;2010-05-19;150000000;335154643;6.2;2317;62.169881;10723.0
68726;Pacific Rim;2013-07-11;180000000;407602906;6.7;4794;56.523205;10828.0
38356;Transformers: Dark of the Moon;2011-06-28;195000000;1123746996;6.1;3299;28.529607;865.0
217;Indiana Jones and the Kingdom of the Crystal Skull;2008-05-21;185000000;786636033;5.7;2495;75.674458;488.0
105864;The Good Dinosaur;2015-11-14;175000000;331926147;6.6;1736;51.692953;21198.0
62177;Brave;2012-06-21;185000000;538983207;6.7;4641;125.114374;59803.0
188927;Star Trek Beyond;2016-07-07;185000000;343471816;6.6;2568;65.352913;58189.0
10681;WALL·E;2008-06-22;180000000;521311860;7.8;6296;66.390712;7.0
5174;Rush Hour 3;2007-08-08;140000000;258022233;6.1;783;22.57178;11091.0
14161;2012;2009-10-10;200000000;769653595;5.6;4903;45.274225;6046.0
17979;A Christmas Carol;2009-11-04;200000000;325233863;6.6;1095;39.744242;24.0
76757;Jupiter Ascending;2015-02-04;176000003;183987723;5.2;2768;85.36908;9339.0
258489;The Legend of Tarzan;2016-06-29;180000000;356743061;5.5;2430;42.741719;11343.0
411;The Chronicles of Narnia: The Lion, the Witch and the Wardrobe;2005-12-07;180000000;748806957;6.7;2629;67.391328;5524.0
246655;X-Men: Apocalypse;2016-05-18;178000000;543934787;6.4;4721;139.272042;9032.0
155;The Dark Knight;2008-07-16;185000000;1004558444;8.2;12002;187.322927;525.0
14160;Up;2009-05-13;175000000;735099082;7.7;6870;92.201962;12890.0
15512;Monsters vs Aliens;2009-03-19;175000000;381509870;6.0;1423;36.167578;12080.0
1726;Iron Man;2008-04-30;140000000;585174222;7.4;8776;120.725053;15277.0
44826;Hugo;2011-11-22;170000000;185770160;7.0;2141;32.319043;1032.0
8487;Wild Wild West;1999-06-29;170000000;222104681;5.1;1020;40.748915;5174.0
1735;The Mummy: Tomb of the Dragon Emperor;2008-07-01;145000000;401128639;5.2;1387;60.034162;18878.0
297761;Suicide Squad;2016-08-02;175000000;745000000;5.9;7458;90.23792;19769.0
2698;Evan Almighty;2007-06-09;175000000;173000000;5.3;1151;27.082182;4499.0
137113;Edge of Tomorrow;2014-05-27;178000000;370541256;7.6;4858;79.456485;11694.0
9804;Waterworld;1995-07-28;175000000;264218220;5.9;992;44.640292;8300.0
14869;G.I. Joe: The Rise of Cobra;2009-08-04;175000000;302469017;5.6;1962;32.852443;7775.0
150540;Inside Out;2015-06-09;175000000;857611174;8.0;6560;128.655964;12890.0
278927;The Jungle Book;2016-04-07;175000000;966550600;6.7;2892;94.199316;15277.0
10138;Iron Man 2;2010-04-28;200000000;623933331;6.6;6849;77.300194;15277.0
58595;Snow White and the Huntsman;2012-05-30;170000000;396600000;5.8;3118;77.178973;228134.0
102651;Maleficent;2014-05-28;180000000;758539785;7.0;4496;110.620647;1032536.0
119450;Dawn of the Planet of the Apes;2014-06-26;170000000;710644566;7.3;4410;243.791743;32278.0
79698;The Lovers;2015-02-13;27000000;0;4.8;34;2.418535;8965.0
64686;47 Ronin;2013-12-06;175000000;150962475;5.9;1326;41.796339;239571.0
100402;Captain America: The Winter Soldier;2014-03-20;170000000;714766572;7.6;5764;72.225265;19271.0
10192;Shrek Forever After;2010-05-16;165000000;752600867;6.0;1959;44.041186;64151.0
158852;Tomorrowland;2015-05-19;190000000;209154322;6.2;2846;130.311355;7087.0
177572;Big Hero 6;2014-10-24;165000000;652105443;7.8;6135;203.73459;70238.0
82690;Wreck-It Ralph;2012-11-01;165000000;471222889;7.1;4570;62.341073;165787.0
5255;The Polar Express;2004-11-10;165000000;305875730;6.4;1474;47.323228;24.0
47933;Independence Day: Resurgence;2016-06-22;165000000;389681935;4.9;2491;48.775723;6046.0
10191;How to Train Your Dragon;2010-03-05;165000000;494878759;7.5;4227;67.263269;66193.0
296;Terminator 3: Rise of the Machines;2003-07-02;200000000;435000000;5.9;2143;69.405188;7213.0
118340;Guardians of the Galaxy;2014-07-30;170000000;773328629;7.9;9742;481.098624;15218.0
157336;Interstellar;2014-11-05;165000000;675120017;8.1;10867;724.247784;525.0
27205;Inception;2010-07-14;160000000;825532764;8.1;13752;167.58371;525.0
315011;Shin Godzilla;2016-07-29;15000000;77000000;6.5;143;9.476999;77921.0
49051;The Hobbit: An Unexpected Journey;2012-11-26;250000000;1021103568;7.0;8297;108.849621;108.0
9799;The Fast and the Furious;2001-06-22;38000000;207283925;6.6;3428;6.909942;18878.0
4922;The Curious Case of Benjamin Button;2008-11-24;150000000;333932083;7.3;3292;60.269279;7467.0
49538;X-Men: First Class;2011-05-24;160000000;353624124;7.1;5181;3.195174;957.0
131634;The Hunger Games: Mockingjay - Part 2;2015-11-18;160000000;653428261;6.6;3984;127.284427;10943.0
27022;The Sorcerer's Apprentice;2010-07-13;150000000;215283742;5.8;1470;35.580815;12962.0
503;Poseidon;2006-05-12;160000000;181674817;5.5;583;21.133748;5231.0
241259;Alice Through the Looking Glass;2016-05-25;170000000;299370084;6.5;1725;56.268916;26205.0
810;Shrek the Third;2007-05-17;160000000;798958165;6.0;2278;42.986467;12098.0
68735;Warcraft;2016-05-25;160000000;433677183;6.3;2268;63.148529;81850.0
87101;Terminator Genisys;2015-06-23;155000000;440603537;5.8;3631;202.042635;47005.0
10140;The Chronicles of Narnia: The Voyage of the Dawn Treader;2010-08-13;155000000;415686217;6.2;1514;49.661984;10781.0
676;Pearl Harbor;2001-05-21;140000000;449220945;6.6;1791;34.20669;865.0
1858;Transformers;2007-06-27;150000000;709709780;6.6;4040;25.468493;865.0
1966;Alexander;2004-11-21;155000000;167298192;5.6;927;39.019229;1152.0
675;Harry Potter and the Order of the Phoenix;2007-06-28;150000000;938212738;7.4;5494;78.144395;11343.0
674;Harry Potter and the Goblet of Fire;2005-11-05;150000000;895921036;7.5;5608;101.250416;10723.0
8960;Hancock;2008-07-01;150000000;624029371;6.2;2961;56.758411;36602.0
6479;I Am Legend;2007-12-14;150000000;585349010;6.9;4853;70.867401;10943.0
118;Charlie and the Chocolate Factory;2005-07-13;150000000;474968763;6.7;3624;53.905592;510.0
2062;Ratatouille;2007-06-22;150000000;623722818;7.5;4369;65.677399;7930.0
272;Batman Begins;2005-06-10;150000000;374218673;7.5;7359;115.040024;525.0
10527;Madagascar: Escape 2 Africa;2008-10-30;150000000;603900354;6.2;1810;44.141021;18863.0
18360;Night at the Museum: Battle of the Smithsonian;2009-05-20;150000000;413106170;5.9;1971;81.781591;17825.0
2080;X-Men Origins: Wolverine;2009-04-28;150000000;373062864;6.2;4021;5.954334;13079.0
605;The Matrix Revolutions;2003-11-05;150000000;424988211;6.4;3096;73.313918;9339.0
109445;Frozen;2013-11-27;150000000;1274219009;7.3;5295;165.125366;15774.0
604;The Matrix Reloaded;2003-05-15;150000000;738599701;6.7;3443;70.78591;9339.0
76338;Thor: The Dark World;2013-10-29;170000000;644571402;6.8;4755;99.499595;47005.0
76341;Mad Max: Fury Road;2015-05-13;150000000;378858340;7.2;9427;434.278564;20629.0
13448;Angels & Demons;2009-05-13;150000000;356613439;6.5;2129;67.447636;6159.0
10195;Thor;2011-04-21;150000000;449326618;6.6;6525;86.493424;11181.0
13053;Bolt;2008-11-21;150000000;309979994;6.3;1750;41.845878;70238.0
19585;G-Force;2009-07-21;150000000;292817841;5.1;510;26.710398;84851.0
57165;Wrath of the Titans;2012-03-27;150000000;301000000;5.5;1431;44.927635;66739.0
62213;Dark Shadows;2012-05-08;150000000;245527149;5.7;2320;50.306728;510.0
177677;Mission: Impossible - Rogue Nation;2015-07-23;150000000;682330139;7.1;3224;114.522237;9033.0
7978;The Wolfman;2010-02-11;150000000;0;5.5;549;21.214571;4945.0
5559;Bee Movie;2007-10-28;150000000;287594577;5.7;1171;29.332905;44113.0
49444;Kung Fu Panda 2;2011-05-25;150000000;665692281;6.7;1880;51.247321;142312.0
10196;The Last Airbender;2010-06-30;150000000;318502923;4.7;1151;33.769336;11614.0
956;Mission: Impossible III;2006-05-03;150000000;397850012;6.5;2028;63.079003;15344.0
117251;White House Down;2013-06-27;150000000;205366737;6.4;1891;39.004588;6046.0
50321;Mars Needs Moms;2011-03-09;150000000;38992758;5.5;199;12.362599;21879.0
11619;Flushed Away;2006-10-22;149000000;64459316;6.0;874;22.550135;33183.0
266647;Pan;2015-09-24;150000000;128388320;5.9;954;48.03528;36588.0
82703;Mr. Peabody & Sherman;2014-02-07;145000000;272912430;6.7;843;38.73494;18898.0
652;Troy;2004-05-13;175000000;497409852;6.9;2759;66.803149;5231.0
80321;Madagascar 3: Europe's Most Wanted;2012-06-06;145000000;746921274;6.4;1808;44.989192;12080.0
36669;Die Another Day;2002-11-17;140000000;431971116;5.8;1092;54.159392;7256.0
43074;Ghostbusters;2016-07-14;144000000;229147509;5.3;2142;66.21806;116805.0
95;Armageddon;1998-07-01;140000000;553799566;6.4;2482;58.485967;865.0
608;Men in Black II;2002-07-03;140000000;441818803;6.0;3114;91.332849;5174.0
2310;Beowulf;2007-11-05;70000000;195735876;5.5;841;35.601665;24.0
140300;Kung Fu Panda 3;2016-01-23;145000000;521170825;6.7;1603;56.747978;142312.0
56292;Mission: Impossible - Ghost Protocol;2011-12-07;145000000;694713380;6.8;3972;77.77477;7087.0
81188;Rise of the Guardians;2012-11-21;145000000;306941670;7.1;1922;61.788035;151007.0
7552;Fun with Dick and Jane;2005-12-21;100000000;202026112;5.9;627;25.159168;15002.0
616;The Last Samurai;2003-12-05;140000000;456758981;7.3;1895;52.341226;9181.0
147441;Exodus: Gods and Kings;2014-12-03;140000000;268031828;5.6;1921;101.599427;578.0
13475;Star Trek;2009-05-06;150000000;385680446;7.4;4518;73.616808;15344.0
557;Spider-Man;2002-05-01;139000000;821708551;6.8;5265;82.502566;7623.0
82702;How to Train Your Dragon 2;2014-06-12;145000000;609123048;7.6;3106;100.21391;69797.0
205584;Gods of Egypt;2016-02-25;140000000;150680864;5.3;1277;56.257249;21085.0
10048;Stealth;2005-07-28;135000000;76932943;4.9;331;17.88953;18878.0
13183;Watchmen;2009-03-05;130000000;185258983;7.0;2811;64.798873;15217.0
944;Lethal Weapon 4;1998-07-10;140000000;285444603;6.3;767;24.855701;7187.0
1927;Hulk;2003-06-19;137000000;245360480;5.3;1533;34.981698;1614.0
72559;G.I. Joe: Retaliation;2013-03-26;130000000;371876278;5.4;3025;59.325589;54507.0
7364;Sahara;2005-04-06;130000000;119269486;5.7;434;21.605568;52609.0
2114;Final Fantasy: The Spirits Within;2001-07-02;137000000;85131830;5.9;433;26.074908;21692.0
1771;Captain America: The First Avenger;2011-07-22;140000000;370569774;6.6;7047;74.506246;4945.0
36643;The World Is Not Enough;1999-11-08;135000000;361832400;6.0;862;39.604363;10781.0
8619;Master and Commander: The Far Side of the World;2003-11-14;150000000;212011111;6.9;790;36.973031;2690.0
50620;The Twilight Saga: Breaking Dawn - Part 2;2012-11-13;120000000;829000000;6.1;2553;99.687084;15557.0
65759;Happy Feet Two;2011-11-17;130000000;150406466;5.8;373;17.7735;20629.0
1724;The Incredible Hulk;2008-06-12;150000000;163712074;6.1;3021;62.898336;18865.0
267935;The BFG;2016-06-01;140000000;183345589;6.0;1000;44.19092;488.0
281957;The Revenant;2015-12-25;135000000;532950503;7.3;6396;100.635882;223.0
77950;Turbo;2013-07-11;135000000;282570682;6.1;1074;44.765377;94075.0
44896;Rango;2011-03-02;135000000;245724603;6.6;2051;29.91353;1704.0
270946;Penguins of Madagascar;2014-11-22;132000000;373552094;6.5;1346;84.366984;18863.0
2503;The Bourne Ultimatum;2007-08-03;70000000;442824138;7.3;2888;45.381501;25598.0
9502;Kung Fu Panda;2008-06-04;130000000;631744560;6.9;3145;84.689648;57741.0
102899;Ant-Man;2015-07-14;130000000;519311965;7.0;5880;120.09361;59026.0
101299;The Hunger Games: Catching Fire;2013-11-15;130000000;847423452;7.4;6495;76.310119;10943.0
228161;Home;2015-03-18;135000000;368871007;6.8;1519;63.473086;52870.0
74;War of the Worlds;2005-06-28;132000000;591739379;6.2;2322;48.572726;488.0
8961;Bad Boys II;2003-07-18;130000000;273339556;6.3;1564;38.068736;865.0
417859;Puss in Boots;2011-10-28;130000000;554987477;6.4;451;20.678787;12098.0
27576;Salt;2010-07-21;110000000;293329073;6.2;2093;48.829437;13015.0
86834;Noah;2014-03-20;125000000;362637473;5.6;2350;46.115758;6431.0
17578;The Adventures of Tintin;2011-10-25;130000000;371940071;6.7;2061;89.938296;488.0
673;Harry Potter and the Prisoner of Azkaban;2004-05-31;130000000;789804554;7.7;5877;79.679601;11218.0
6972;Australia;2008-11-18;130000000;49554002;6.3;694;28.840997;6201.0
82700;After Earth;2013-05-30;130000000;243843127;5.0;2532;42.840582;11614.0
10567;Dinosaur;2000-05-19;127500000;354248063;6.2;542;26.548594;65855.0
181533;Night at the Museum: Secret of the Tomb;2014-12-17;127000000;349424282;6.1;1851;115.597753;17825.0
38055;Megamind;2010-10-28;130000000;321887208;6.7;1918;68.757242;18864.0
671;Harry Potter and the Philosopher's Stone;2001-11-16;125000000;976475550;7.5;7006;109.984351;10965.0
49524;R.I.P.D.;2013-07-18;130000000;61648500;5.4;1260;39.448066;57270.0
22;Pirates of the Caribbean: The Curse of the Black Pearl;2003-07-09;140000000;655011224;7.5;6985;271.972889;1704.0
131631;The Hunger Games: Mockingjay - Part 1;2014-11-18;125000000;752100229;6.6;5584;206.227151;10943.0
591;The Da Vinci Code;2006-05-17;125000000;767820459;6.5;2704;45.313197;6159.0
172385;Rio 2;2014-03-19;103000000;500188435;6.3;978;42.40024;5714.0
36658;X2;2003-04-24;110000000;407711549;6.8;3506;2.871739;9032.0
51497;Fast Five;2011-04-20;125000000;626137675;7.1;2438;7.255718;58189.0
58574;Sherlock Holmes: A Game of Shadows;2011-11-22;125000000;334615000;7.0;3886;81.499621;956.0
18823;Clash of the Titans;2010-04-01;125000000;232713139;5.6;2233;47.686442;18865.0
861;Total Recall;1990-06-01;65000000;261317921;7.1;1710;43.129703;10491.0
1911;The 13th Warrior;1999-08-27;160000000;61698899;6.4;510;27.220157;1090.0
49040;The Bourne Legacy;2012-08-08;130000000;276572938;6.0;2651;90.33681;19242.0
415;Batman & Robin;1997-06-20;125000000;238207122;4.2;1418;50.073575;5572.0
8871;How the Grinch Stole Christmas;2000-11-17;123000000;345141403;6.2;1386;45.419668;6159.0
435;The Day After Tomorrow;2004-05-26;125000000;544272402;6.2;2392;41.380094;6046.0
955;Mission: Impossible II;2000-05-24;125000000;546388105;5.9;1928;54.931334;11401.0
2133;The Perfect Storm;2000-03-15;120000000;325756637;6.2;597;25.752118;5231.0
1979;Fantastic 4: Rise of the Silver Surfer;2007-06-13;130000000;289047763;5.4;2589;60.810723;20400.0
87827;Life of Pi;2012-11-20;120000000;609016565;7.2;5797;51.328145;1614.0
1250;Ghost Rider;2007-02-16;110000000;228738393;5.2;1712;46.834704;16837.0
324668;Jason Bourne;2016-07-27;120000000;415484914;5.9;2341;62.641286;25598.0
9471;Charlie's Angels: Full Throttle;2003-06-27;120000000;259175788;5.2;914;33.616115;36425.0
70981;Prometheus;2012-05-30;130000000;403170142;6.3;5080;68.889395;578.0
10996;Stuart Little 2;2002-07-19;120000000;169956806;5.4;613;27.990284;18898.0
68724;Elysium;2013-08-07;115000000;286140700;6.4;3439;67.33767;82194.0
2789;The Chronicles of Riddick;2004-06-11;105000000;115772733;6.3;1570;27.835436;28239.0
97020;RoboCop;2014-01-30;120000000;242688965;5.7;2342;66.757869;52576.0
7459;Speed Racer;2008-05-09;120000000;93945766;5.7;354;17.060695;9339.0
42888;How Do You Know;2010-12-17;120000000;48668907;4.9;223;11.137655;3388.0
37834;Knight and Day;2010-06-15;117000000;261930431;5.9;1547;44.906918;366.0
75612;Oblivion;2013-04-10;120000000;286168572;6.4;4800;67.698004;86270.0
1895;Star Wars: Episode III - Revenge of the Sith;2005-05-17;113000000;850000000;7.1;4116;44.108427;1.0
1894;Star Wars: Episode II - Attack of the Clones;2002-05-15;120000000;649398328;6.4;3992;43.987061;1.0
585;Monsters, Inc.;2001-11-01;115000000;562816256;7.5;5996;106.815545;12890.0
76170;The Wolverine;2013-07-23;120000000;415440673;6.3;4053;15.953444;366.0
1893;Star Wars: Episode I - The Phantom Menace;1999-05-19;115000000;924317558;6.3;4432;54.035265;1.0
49519;The Croods;2013-03-20;135000000;585178928;6.8;2399;64.183321;66193.0
2395;Asterix at the Olympic Games;2008-01-13;97250400;132900000;5.0;471;20.344364;20674.0
12100;Windtalkers;2002-06-14;115000000;77628265;5.8;341;18.714197;11401.0
290595;The Huntsman: Winter's War;2016-04-06;115000000;164602163;6.0;1523;60.467984;1454884.0
98566;Teenage Mutant Ninja Turtles;2014-08-07;125000000;477200000;5.8;2636;143.350376;66739.0
49047;Gravity;2013-09-27;105000000;716392705;7.3;5751;110.153618;11218.0
9619;Dante's Peak;1997-02-07;116000000;178127760;5.7;428;16.90444;21370.0
308531;Teenage Mutant Ninja Turtles: Out of the Shadows;2016-06-01;135000000;245623848;5.8;963;39.873791;1101410.0
166424;Fantastic Four;2015-08-05;120000000;167977596;4.4;2278;38.126095;934803.0
1593;Night at the Museum;2006-10-20;110000000;574480841;6.3;2862;48.780039;17825.0
254128;San Andreas;2015-05-27;110000000;470490832;6.0;2968;100.412364;132876.0
714;Tomorrow Never Dies;1997-12-11;110000000;333011068;6.0;925;42.887121;1724.0
2024;The Patriot;2000-06-28;110000000;215294342;6.8;1099;23.657284;6046.0
163;Ocean's Twelve;2004-12-09;110000000;362744280;6.4;2124;76.840712;1884.0
787;Mr. & Mrs. Smith;2005-06-07;110000000;478207520;6.5;2965;44.635452;11694.0
262500;Insurgent;2015-03-18;110000000;295238201;6.2;3829;103.718387;57270.0
2567;The Aviator;2004-12-17;116000000;102000000;7.0;1489;45.616098;1032.0
38745;Gulliver's Travels;2010-12-25;112000000;237382724;4.9;621;22.845143;65630.0
40805;The Green Hornet;2011-01-12;120000000;227817248;5.5;1251;31.703608;201.0
53182;300: Rise of an Empire;2014-03-05;110000000;337580051;6.1;2397;71.510596;78914.0
41513;The Smurfs;2011-07-29;110000000;563749323;5.5;1179;36.65422;1215.0
13700;Home on the Range;2004-04-02;110000000;103951461;5.7;389;19.625972;70287.0
262504;Allegiant;2016-03-09;110000000;179246868;5.9;1998;86.105615;57270.0
39254;Real Steel;2011-09-28;110000000;299268508;6.6;2692;37.195046;17825.0
77931;The Smurfs 2;2013-07-30;105000000;347434178;5.5;695;32.473628;1215.0
1639;Speed 2: Cruise Control;1997-06-13;160000000;164508066;4.1;434;23.336875;2209.0
80274;Ender's Game;2013-10-23;110000000;125537191;6.6;2303;45.94834;13079.0
1571;Live Free or Die Hard;2007-06-20;110000000;383531464;6.4;2089;48.93337;3950.0
120;The Lord of the Rings: The Fellowship of the Ring;2001-12-18;93000000;871368364;8.0;8705;138.049577;108.0
10204;Around the World in 80 Days;2004-06-16;110000000;72178895;5.7;672;22.643776;57370.0
8489;Ali;2001-12-11;107000000;87713825;6.7;447;18.866672;638.0
10588;The Cat in the Hat;2003-11-21;0;0;4.9;366;18.251129;5133.0
2048;I, Robot;2004-07-15;120000000;347234916;6.7;3793;95.914473;21085.0
1495;Kingdom of Heaven;2005-05-03;130000000;211643158;6.6;1157;44.490453;578.0
10137;Stuart Little;1999-12-17;133000000;300135367;5.8;959;30.475297;18898.0
10198;The Princess and the Frog;2009-12-08;105000000;267045765;6.7;1247;62.479574;15810.0
286217;The Martian;2015-09-30;108000000;630161890;7.6;7268;167.93287;578.0
1635;The Island;2005-07-20;126000000;162949164;6.5;1770;37.68056;865.0
24113;Town & Country;2001-04-27;90000000;10372291;3.7;16;1.004579;36804.0
9679;Gone in Sixty Seconds;2000-06-09;90000000;237202299;6.1;1485;52.995628;58498.0
98;Gladiator;2000-05-01;103000000;457640427;7.9;5439;95.301296;578.0
180;Minority Report;2002-06-20;102000000;358372926;7.1;2608;65.948959;488.0
672;Harry Potter and the Chamber of Secrets;2002-11-13;100000000;876688482;7.4;5815;132.397737;10965.0
36557;Casino Royale;2006-11-14;150000000;599045960;7.3;3855;88.935165;10702.0
869;Planet of the Apes;2001-07-25;100000000;362211740;5.6;1243;51.188633;510.0
280;Terminator 2: Judgment Day;1991-07-01;100000000;520000000;7.7;4185;101.74155;2710.0
11322;Public Enemies;2009-07-01;80000000;214104620;6.5;1344;33.691694;638.0
4982;American Gangster;2007-11-02;100000000;266465037;7.4;1502;42.361215;578.0
36955;True Lies;1994-07-14;115000000;378882411;6.8;1116;38.729418;2710.0
18487;The Taking of Pelham 1 2 3;2009-06-11;100000000;150166126;6.2;954;40.597856;893.0
39451;Little Fockers;2010-12-21;100000000;310650585;5.4;1060;32.389353;3289.0
27581;The Other Guys;2010-08-06;100000000;170432927;6.1;1383;24.399642;55710.0
9268;Eraser;1996-06-21;100000000;242295562;5.6;543;24.507987;26713.0
68718;Django Unchained;2012-12-25;100000000;425368238;7.8;10099;82.121691;138.0
10545;The Hunchback of Notre Dame;1996-06-21;100000000;100138851;6.8;1129;46.727941;62047.0
11688;The Emperor's New Groove;2000-12-09;100000000;169327687;7.2;1490;51.113717;61411.0
76163;The Expendables 2;2012-08-08;100000000;312573423;6.1;2896;53.732892;12786.0
2059;National Treasure;2004-11-19;100000000;347451894;6.4;1926;58.849256;12962.0
2486;Eragon;2006-12-14;100000000;249288105;4.9;967;30.863434;25453.0
16523;Where the Wild Things Are;2009-10-16;100000000;100086793;6.4;572;31.586215;5953.0
116711;Epic;2013-05-15;100000000;268426634;6.4;1121;36.711378;5713.0
37710;The Tourist;2010-12-08;100000000;278731369;6.0;1699;41.426678;8193.0
9946;End of Days;1999-11-24;100000000;211989043;5.5;482;20.652943;37710.0
1372;Blood Diamond;2006-12-07;100000000;170877916;7.3;2281;52.792678;9181.0
106646;The Wolf of Wall Street;2013-12-25;100000000;392000694;7.9;6571;95.007934;1032.0
414;Batman Forever;1995-05-31;100000000;336529144;5.2;1498;48.205606;5572.0
563;Starship Troopers;1997-11-06;105000000;121214377;6.7;1560;58.782359;10491.0
83542;Cloud Atlas;2012-10-26;102000000;130482868;6.6;2977;73.872343;1071.0
41216;Legend of the Guardians: The Owls of Ga'Hoole;2010-07-10;80000000;140073390;6.5;703;37.321848;15217.0
314;Catwoman;2004-07-22;100000000;82102379;4.2;808;32.271938;4586.0
184315;Hercules;2014-07-23;100000000;243400000;5.6;1680;76.842247;11091.0
9016;Treasure Planet;2002-11-26;140000000;109578115;7.2;948;38.924136;15810.0
18162;Land of the Lost;2009-06-05;100000000;68688831;5.3;381;19.38841;11887.0
138103;The Expendables 3;2014-08-04;90000000;206172544;6.1;1795;61.025639;143059.0
257088;Point Break;2015-12-03;105000000;133718711;5.5;783;33.507289;21673.0
10214;Son of the Mask;2005-02-18;84000000;0;3.6;338;17.815595;64191.0
205775;In the Heart of the Sea;2015-11-20;100000000;93820758;6.5;1276;50.767332;6159.0
11692;The Adventures of Pluto Nash;2002-08-15;100000000;7103973;4.4;142;12.092241;33485.0
22972;Green Zone;2010-03-11;100000000;94882889;6.4;717;30.254021;25598.0
227973;The Peanuts Movie;2015-11-05;99000000;246233113;6.5;604;34.308098;71729.0
29193;The Spanish Prisoner;1997-09-08;10000000;13835130;7.1;73;3.091077;1255.0
1734;The Mummy Returns;2001-04-28;98000000;433013274;6.0;2206;41.862983;7775.0
3131;Gangs of New York;2002-12-14;100000000;193772504;7.1;1910;46.160048;1032.0
76758;The Flowers of War;2011-12-15;94000000;95311434;7.1;187;12.516546;607.0
9408;Surf's Up;2007-06-08;85000000;149044513;5.9;601;23.230851;12905.0
9890;The Stepford Wives;2004-06-10;90000000;102000000;5.4;334;19.224754;7908.0
855;Black Hawk Down;2001-12-28;92000000;172989651;7.2;1811;44.455166;578.0
77953;The Campaign;2012-08-09;0;104907746;5.6;578;16.460356;6737.0
18;The Fifth Element;1997-05-07;90000000;263920180;7.3;3885;109.528572;59.0
37786;Sex and the City 2;2010-05-26;100000000;288347692;5.4;426;18.325897;38023.0
10501;The Road to El Dorado;2000-03-31;95000000;76432727;7.0;858;37.054554;27005.0
57800;Ice Age: Continental Drift;2012-06-26;95000000;877244782;6.2;2672;65.229868;71729.0
150689;Cinderella;2015-03-12;95000000;543514353;6.7;2374;101.187052;11181.0
7980;The Lovely Bones;2009-12-26;65000000;93525586;6.6;1065;29.257137;108.0
12;Finding Nemo;2003-05-30;94000000;940335536;7.6;6122;85.688789;7.0
122;The Lord of the Rings: The Return of the King;2003-12-01;94000000;1118888979;8.1;8064;123.630332;108.0
121;The Lord of the Rings: The Two Towers;2002-12-18;79000000;926287400;8.0;7487;106.914973;108.0
68737;Seventh Son;2014-12-12;95000000;114178613;5.2;957;63.628459;130938.0
1995;Lara Croft: Tomb Raider;2001-06-11;115000000;274703340;5.7;2192;41.498631;12786.0
157353;Transcendence;2014-04-16;100000000;103039258;5.9;2295;58.991388;559.0
331;Jurassic Park III;2001-07-18;93000000;368780809;5.7;2077;1.859364;4945.0
61791;Rise of the Planet of the Apes;2011-08-03;93000000;482860185;7.0;4347;138.433168;77357.0
8204;The Spiderwick Chronicles;2008-02-14;90000000;162839667;6.3;572;21.436682;54050.0
47964;A Good Day to Die Hard;2013-02-06;92000000;304654182;5.2;3493;65.402595;12028.0
10733;The Alamo;2004-04-07;145000000;25819961;5.8;106;10.660441;54040.0
9806;The Incredibles;2004-11-05;92000000;631442092;7.4;5152;77.817571;7087.0
1408;Cutthroat Island;1995-12-22;98000000;10017322;5.7;136;7.029308;16938.0
32657;Percy Jackson & the Olympians: The Lightning Thief;2010-02-01;95000000;226497209;6.0;2010;61.121717;10965.0
607;Men in Black;1997-07-02;90000000;589390539;6.9;4412;104.121555;5174.0
863;Toy Story 2;1999-10-30;90000000;497366869;7.3;3806;73.575118;7879.0
44048;Unstoppable;2010-11-04;100000000;167805466;6.3;1165;37.698465;893.0
5175;Rush Hour 2;2001-08-03;90000000;347325802;6.4;1054;35.814765;11091.0
2655;What Lies Beneath;2000-07-21;100000000;155464351;6.3;488;15.835672;24.0
22794;Cloudy with a Chance of Meatballs;2009-09-17;100000000;242988466;6.5;1747;46.781182;107446.0
8355;Ice Age: Dawn of the Dinosaurs;2009-06-29;90000000;886686817;6.5;2271;69.457898;5714.0
116745;The Secret Life of Walter Mitty;2013-12-18;90000000;188133322;7.0;3144;43.348022;7399.0
4327;Charlie's Angels;2000-11-02;92000000;264105545;5.6;1232;40.20395;36425.0
1422;The Departed;2006-10-05;90000000;289847354;7.9;4339;63.429157;1032.0
10674;Mulan;1998-06-18;90000000;304320254;7.6;2008;67.427755;66190.0
7446;Tropic Thunder;2008-08-09;92000000;188072649;6.5;1667;43.192048;7399.0
65754;The Girl with the Dragon Tattoo;2011-12-14;90000000;232617430;7.2;2434;47.651083;7467.0
1572;Die Hard: With a Vengeance;1995-05-19;90000000;366101666;6.9;2066;51.881077;1090.0
10528;Sherlock Holmes;2009-12-23;90000000;524028679;7.0;5766;57.834787;956.0
271969;Ben-Hur;2016-08-17;100000000;94061311;5.3;621;29.608322;23430.0
10865;Atlantis: The Lost Empire;2001-06-02;120000000;186053725;6.7;1224;51.548589;62047.0
258509;Alvin and the Chipmunks: The Road Chip;2015-12-17;0;233755553;5.8;428;27.867368;68573.0
2253;Valkyrie;2008-12-25;75000000;200276000;6.7;1173;38.832842;9032.0
10661;You Don't Mess with the Zohan;2008-06-05;90000000;201596308;5.5;1048;40.597344;17494.0
257344;Pixels;2015-07-16;88000000;243637091;5.6;2513;140.849495;10965.0
644;A.I. Artificial Intelligence;2001-06-29;100000000;235926552;6.8;1974;34.035114;488.0
10756;The Haunted Mansion;2003-11-25;90000000;182290266;5.2;466;16.302378;18898.0
686;Contact;1997-07-11;90000000;171120329;7.2;1308;55.249434;24.0
9383;Hollow Man;2000-08-04;95000000;190213455;5.6;634;28.200874;10491.0
179;The Interpreter;2005-04-08;80000000;162944923;6.2;392;18.69984;2226.0
76285;Percy Jackson: Sea of Monsters;2013-08-07;90000000;174578751;5.9;1648;40.262261;109857.0
1996;Lara Croft Tomb Raider: The Cradle of Life;2003-07-21;95000000;156505388;5.5;1418;56.811056;2209.0
291805;Now You See Me 2;2016-06-02;90000000;334901337;6.7;3235;51.535701;54507.0
10003;The Saint;1997-04-03;68000000;118063304;5.9;302;20.913852;13015.0
1535;Spy Game;2001-11-18;92000000;143049560;6.8;579;27.166757;893.0
2067;Mission to Mars;2000-03-10;90000000;60874615;5.7;369;16.058284;1150.0
46195;Rio;2011-04-03;90000000;484635760;6.5;2166;46.200042;5714.0
2277;Bicentennial Man;1999-12-17;100000000;93700000;6.9;963;24.939295;10965.0
10357;Volcano;1997-04-25;90000000;0;5.2;376;19.836124;8843.0
4477;The Devil's Own;1997-03-12;90000000;140807547;5.9;290;15.350451;6349.0
8665;K-19: The Widowmaker;2002-07-19;100000000;35168966;6.1;264;15.625949;14392.0
9387;Conan the Barbarian;1982-04-02;20000000;79114085;6.6;650;31.802807;8328.0
921;Cinderella Man;2005-06-02;88000000;108539911;7.3;616;24.100863;6159.0
49852;The Nutcracker: The Untold Story;2010-11-24;90000000;16178959;5.4;50;3.593349;58728.0
4464;Seabiscuit;2003-07-22;87000000;148336445;6.7;216;14.824166;23964.0
664;Twister;1996-05-10;92000000;494471524;6.1;950;32.079995;2209.0
8358;Cast Away;2000-12-22;90000000;429632142;7.5;3218;57.739713;24.0
9836;Happy Feet;2006-11-16;100000000;384335608;5.9;1410;37.272385;20629.0
2502;The Bourne Supremacy;2004-07-23;75000000;288500217;7.2;2825;53.213931;25598.0
9772;Air Force One;1997-07-25;85000000;315156409;6.2;840;36.38795;5231.0
161;Ocean's Eleven;2001-12-07;85000000;450717150;7.2;3783;60.929352;1884.0
52451;The Three Musketeers;2011-08-31;75000000;132274484;5.6;924;36.605246;4014.0
76492;Hotel Transylvania;2012-09-20;85000000;358375603;6.8;2566;56.257411;185438.0
4523;Enchanted;2007-11-20;85000000;340487652;6.6;1449;29.21998;15775.0
59961;Safe House;2012-02-09;85000000;208076205;6.3;1345;34.773106;125738.0
10481;102 Dalmatians;2000-10-07;85000000;183611771;5.1;313;9.895061;15775.0
59108;Tower Heist;2011-11-02;75000000;152930623;5.8;932;36.743324;11091.0
1581;The Holiday;2006-12-08;85000000;194168700;6.7;1225;44.967453;17698.0
9798;Enemy of the State;1998-11-20;90000000;250649836;6.7;1240;41.207568;893.0
22897;It's Complicated;2009-12-23;85000000;219103655;6.2;360;16.479851;17698.0
298;Ocean's Thirteen;2007-06-07;85000000;311312624;6.5;1999;42.069993;1884.0
7484;Open Season;2006-09-29;85000000;197309027;6.1;656;26.61951;7881.0
157350;Divergent;2014-03-14;85000000;288747895;6.9;4663;80.316463;17329.0
853;Enemy at the Gates;2001-03-13;68000000;96976270;7.2;999;41.273567;2352.0
10159;The Rundown;2003-09-26;85000000;80916492;6.4;514;24.107835;36602.0
9593;Last Action Hero;1993-06-18;85000000;137298489;6.1;712;32.044191;1090.0
1904;Memoirs of a Geisha;2005-12-06;85000000;162242962;7.3;652;16.595874;17633.0
9615;The Fast and the Furious: Tokyo Drift;2006-06-03;85000000;158468292;6.1;1705;8.282876;58189.0
51052;Arthur Christmas;2011-02-22;0;0;6.7;333;19.83683;66191.0
297;Meet Joe Black;1998-11-12;90000000;142940100;6.9;1147;36.069611;769.0
9884;Collateral Damage;2002-02-06;85000000;78382433;5.5;427;18.827753;12989.0
16858;All That Jazz;1979-12-20;0;37823676;7.3;85;5.159407;66777.0
62764;Mirror Mirror;2012-03-15;85000000;183018522;5.5;1114;48.126297;56512.0
22538;Scott Pilgrim vs. the World;2010-07-27;60000000;47664559;7.2;2126;38.885195;11090.0
9341;The Core;2003-03-28;60000000;74208267;5.4;516;29.211255;15148.0
12107;Nutty Professor II: The Klumps;2000-07-27;84000000;123307945;4.7;332;17.783361;13426.0
9637;Scooby-Doo;2002-06-14;84000000;275650703;5.4;820;31.435539;1215.0
49049;Dredd;2012-09-07;50000000;41037742;6.6;1940;57.673932;43141.0
9339;Click;2006-06-22;82500000;237681299;6.0;2104;41.176631;57370.0
16281;Creepshow;1982-11-12;8000000;21028755;6.7;226;13.661289;14999.0
39691;Cats & Dogs 2 : The Revenge of Kitty Galore;2010-07-30;85000000;112483764;4.9;119;11.77398;132876.0
8247;Jumper;2008-02-10;85000000;222231186;5.9;1799;21.218;11694.0
11253;Hellboy II: The Golden Army;2008-07-11;85000000;160388063;6.5;1527;58.57976;10828.0
1949;Zodiac;2007-03-02;65000000;84785914;7.3;2023;51.970905;7467.0
8452;The 6th Day;2000-11-17;82000000;96085477;5.7;595;18.447479;1724.0
310;Bruce Almighty;2003-05-23;80000000;484572835;6.4;3012;109.684788;4499.0
27578;The Expendables;2010-08-03;80000000;274470394;6.0;2926;77.580661;16483.0
954;Mission: Impossible;1996-05-22;80000000;457696359;6.7;2631;75.290998;1150.0
70160;The Hunger Games;2012-03-12;75000000;691210692;6.9;9455;68.550698;23964.0
45243;The Hangover Part II;2011-05-25;80000000;254455986;6.2;3739;58.040149;57130.0
364;Batman Returns;1992-06-19;80000000;280000000;6.6;1673;59.113174;510.0
7518;Over the Hedge;2006-04-22;80000000;343397247;6.3;1074;36.32705;52845.0
11544;Lilo & Stitch;2002-06-21;80000000;145771527;7.1;1314;55.659988;66193.0
9986;Charlotte's Web;2006-12-15;85000000;144000000;5.8;288;14.132583;17046.0
8656;Deep Impact;1998-05-08;75000000;140464664;5.9;855;34.070054;51984.0
146216;RED 2;2013-07-18;84000000;0;6.4;1526;44.34333;15002.0
9291;The Longest Yard;2005-05-19;82000000;190320568;6.2;785;26.065735;13426.0
55301;Alvin and the Chipmunks: Chipwrecked;2011-12-14;75000000;342695435;5.4;484;23.473004;64151.0
109418;Grown Ups 2;2013-07-11;80000000;246984278;5.8;1155;45.589568;17494.0
11665;Get Smart;2008-06-19;80000000;230685453;6.0;1051;23.496054;13426.0
6964;Something's Gotta Give;2003-12-12;80000000;266728738;6.3;410;16.939441;17698.0
11324;Shutter Island;2010-02-18;80000000;294804195;7.8;6336;81.914696;1032.0
12193;Four Christmases;2008-11-26;80000000;163733697;5.3;331;19.500893;71600.0
9928;Robots;2005-03-10;75000000;260696994;6.0;1333;29.558157;5713.0
754;Face/Off;1997-06-27;80000000;245676146;6.8;1583;46.075037;11401.0
10202;Bedtime Stories;2008-12-24;80000000;212874442;5.9;901;23.531721;20739.0
4147;Road to Perdition;2002-07-12;80000000;181001478;7.3;1077;49.078546;39.0
50546;Just Go with It;2011-02-10;80000000;214918407;6.3;1543;37.02665;17494.0
1701;Con Air;1997-06-01;75000000;224012234;6.5;1270;45.154631;12786.0
13027;Eagle Eye;2008-09-25;80000000;178066569;6.3;1018;46.887983;40256.0
2289;Cold Mountain;2003-12-24;79000000;173013509;6.7;533;24.598479;2239.0
20504;The Book of Eli;2010-01-14;80000000;157107755;6.6;2164;32.363538;11447.0
9574;Flubber;1997-11-26;80000000;177977226;5.3;695;11.50396;56911.0
11618;The Haunting;1999-07-23;80000000;91188905;5.2;369;19.375768;2209.0
2300;Space Jam;1996-11-15;80000000;250200000;6.5;1288;36.125715;23677.0
12096;The Pink Panther;2006-01-18;0;0;5.6;550;25.450534;17825.0
10200;The Day the Earth Stood Still;2008-12-10;80000000;233093859;5.2;1043;41.890722;55499.0
8834;Conspiracy Theory;1997-08-07;75000000;136982834;6.5;431;22.179658;7187.0
228150;Fury;2014-10-15;68000000;211817906;7.4;3946;139.575085;19769.0
6068;Six Days Seven Nights;1998-06-12;70000000;164000000;5.6;332;18.264635;8858.0
41515;Yogi Bear;2010-12-11;80000000;201584141;5.2;220;11.187696;9622.0
9023;Spirit: Stallion of the Cimarron;2002-05-24;80000000;122563539;7.4;831;41.670544;12079.0
38317;Zookeeper;2011-07-06;80000000;169852759;5.3;498;27.46264;57370.0
2157;Lost in Space;1998-04-03;80000000;136159423;5.0;388;17.455024;2042.0
14462;The Manchurian Candidate;2004-07-30;80000000;96105964;6.2;393;21.394281;16294.0
161795;Déjà Vu;1998-04-22;0;0;8.0;1;0.605645;117075.0
159824;Hotel Transylvania 2;2015-09-21;80000000;473226958;6.7;1497;61.692197;185438.0
49948;Fantasia 2000;1999-12-17;80000000;90874570;7.0;292;14.530946;5690.0
2135;The Time Machine;2002-03-04;80000000;123729176;5.8;631;25.978555;21879.0
9822;Mighty Joe Young;1998-12-25;90000000;0;5.9;208;6.643778;33485.0
9705;Swordfish;2001-06-07;102000000;147080413;6.1;932;36.788745;58498.0
1656;The Legend of Zorro;2005-10-24;75000000;142400065;5.9;893;31.054334;10702.0
12159;What Dreams May Come;1998-10-02;85000000;71485043;6.8;577;21.891078;9198.0
9678;Little Nicky;2000-11-10;85000000;0;5.2;438;18.335992;32593.0
4442;The Brothers Grimm;2005-08-26;88000000;105316267;5.6;818;40.138009;280.0
75;Mars Attacks!;1996-12-12;70000000;101371017;6.1;1509;44.090535;510.0
330770;Evolution;2015-09-14;0;0;6.4;47;3.300061;17627.0
9433;The Edge;1997-09-06;0;43312294;6.7;349;20.632673;7256.0
19959;Surrogates;2009-09-24;80000000;122444772;5.9;1195;36.664991;7213.0
11973;Thirteen Days;2000-12-24;80000000;34566746;6.9;189;18.26121;21370.0
11228;Daylight;1996-12-06;80000000;159212469;5.8;378;16.681269;18878.0
77951;Walking With Dinosaurs;2013-12-18;80000000;126546518;5.2;133;10.088006;66191.0
5491;Battlefield Earth;2000-05-10;44000000;21400000;3.0;255;7.89147;5058.0
10715;Looney Tunes: Back in Action;2003-11-14;80000000;68514844;5.6;297;16.715631;4600.0
10197;Nine;2009-12-03;80000000;53825515;5.1;165;9.357734;17633.0
9562;Timeline;2003-11-26;80000000;19480739;5.4;318;11.22268;7187.0
9922;The Postman;1997-12-25;80000000;17626234;6.1;299;14.564667;1269.0
9447;Babe: Pig in the City;1998-11-25;90000000;69131860;5.2;305;11.356079;20629.0
274854;The Last Witch Hunter;2015-10-21;90000000;146936910;5.7;1316;52.612025;52609.0
8870;Red Planet;2000-11-10;80000000;33463969;5.4;267;13.800656;56154.0
9992;Arthur and the Invisibles;2006-12-13;86000000;107944236;6.0;639;27.097932;59.0
36970;Oceans;2009-10-17;0;19406406;7.3;111;10.706613;20030.0
10077;A Sound of Thunder;2005-05-15;80000000;5989640;4.8;111;7.342892;37710.0
76649;Pompeii;2014-02-18;130000000;117831631;5.2;1267;50.561849;4014.0
293644;Top Cat Begins;2015-10-30;8000000;0;5.3;9;0.719996;1172908.0
453;A Beautiful Mind;2001-12-11;60000000;313542341;7.7;3009;59.248437;6159.0
8587;The Lion King;1994-06-23;45000000;788241776;8.0;5376;90.457886;15812.0
72545;Journey 2: The Mysterious Island;2012-01-19;79000000;355692760;5.8;1030;40.723459;132876.0
109451;Cloudy with a Chance of Meatballs 2;2013-09-26;78000000;248384621;6.4;915;41.247402;12095.0
9533;Red Dragon;2002-09-29;78000000;209196298;6.7;1115;10.083905;11091.0
2023;Hidalgo;2004-03-05;100000000;108103450;6.5;318;16.759252;4945.0
71880;Jack and Jill;2011-11-11;79000000;149673788;4.1;604;22.132418;17494.0
584;2 Fast 2 Furious;2003-06-05;76000000;236350661;6.2;2028;10.520961;6482.0
309809;The Little Prince;2015-07-29;64000000;97571250;7.6;756;35.384423;57741.0
4858;The Invasion;2007-08-17;80000000;15071514;5.7;359;15.673154;7832.0
17711;The Adventures of Rocky & Bullwinkle;2000-06-30;76000000;35134820;3.9;87;8.981427;588701.0
328111;The Secret Life of Pets;2016-06-18;75000000;875958308;5.9;3462;31.482872;124748.0
8698;The League of Extraordinary Gentlemen;2003-07-11;78000000;179265204;5.7;1155;47.436675;10808.0
93456;Despicable Me 2;2013-06-25;76000000;970761885;7.0;4637;136.886704;124747.0
602;Independence Day;1996-06-25;75000000;816969268;6.7;3260;60.442593;6046.0
330;The Lost World: Jurassic Park;1997-05-23;73000000;229074524;6.2;2487;2.502487;488.0
953;Madagascar;2005-05-25;75000000;532680671;6.6;3237;48.110909;18863.0
9693;Children of Men;2006-09-22;76000000;69959751;7.4;2071;35.387874;11218.0
36657;X-Men;2000-07-13;75000000;296339527;6.8;4097;4.66891;9032.0
8909;Wanted;2008-06-19;75000000;258270008;6.4;2528;73.82289;23430.0
9802;The Rock;1996-06-06;75000000;335062621;6.9;1456;51.469576;865.0
950;Ice Age: The Meltdown;2006-03-23;80000000;660940780;6.5;2951;85.115058;5714.0
1824;50 First Dates;2004-02-13;75000000;196482882;6.6;2105;61.437586;13426.0
2976;Hairspray;2007-07-13;50000000;90450008;6.5;709;31.160542;20739.0
11026;Exorcist: The Beginning;2004-08-20;80000000;78000586;4.7;183;15.761384;16938.0
332;Inspector Gadget;1999-07-23;75000000;0;4.3;318;17.561955;4759.0
75656;Now You See Me;2013-05-29;75000000;117698894;7.3;5487;71.124686;18865.0
38365;Grown Ups;2010-06-24;80000000;271430189;6.0;1705;38.864027;17494.0
594;The Terminal;2004-06-17;60000000;219417255;7.0;1910;57.753914;488.0
15189;Hotel for Dogs;2009-01-16;35000000;73034460;5.7;202;13.25753;109857.0
11678;Vertical Limit;2000-12-08;75000000;215663859;5.9;283;13.318744;10702.0
6538;Charlie Wilson's War;2007-12-19;75000000;119000410;6.5;338;18.70031;5342.0
10555;Shark Tale;2004-09-20;75000000;367275019;5.8;1557;47.094369;12058.0
1125;Dreamgirls;2006-12-25;70000000;154937680;6.6;284;14.486311;15557.0
4551;Be Cool;2005-03-04;53000000;95226116;5.4;292;18.61472;37932.0
612;Munich;2005-12-22;70000000;130358911;6.9;696;29.035222;488.0
9567;Tears of the Sun;2003-03-07;70000000;85632458;6.4;573;27.055085;20907.0
37821;Killers;2010-06-04;75000000;98159963;5.7;772;23.004607;36797.0
203801;The Man from U.N.C.L.E.;2015-08-13;75000000;108145109;7.1;2265;48.744209;956.0
2539;Spanglish;2004-12-17;80000000;55041367;5.8;369;14.209329;3388.0
9297;Monster House;2006-07-21;75000000;140175006;6.3;874;36.368839;57193.0
3172;Bandits;2001-10-12;75000000;67631903;6.2;302;24.353302;8246.0
6520;First Knight;1995-07-07;55000000;127600435;5.9;311;19.143321;3415.0
1439;Anna and the King;1999-12-16;75000000;0;6.4;197;13.327372;17167.0
37958;Immortals;2011-11-10;75000000;226904017;5.7;880;37.917002;56512.0
2026;Hostage;2005-03-09;52000000;77944725;6.2;512;23.663713;1011158.0
7450;Titan A.E.;2000-06-16;75000000;36754634;6.3;313;14.44381;12881.0
11375;Hollywood Homicide;2003-06-09;75000000;51142659;5.0;166;10.605084;4037.0
9425;Soldier;1998-10-23;75000000;14567883;6.1;221;11.873856;4014.0
25769;Carriers;2009-09-04;0;5802422;5.8;282;12.708963;94220.0
23685;Monkeybone;2001-02-23;75000000;5409517;4.3;78;8.098369;57646.0
11866;Flight of the Phoenix;2004-12-17;45000000;21009180;5.7;276;20.374308;12028.0
9741;Unbreakable;2000-11-13;75000000;248118121;6.9;1946;42.006908;11614.0
211672;Minions;2015-06-17;74000000;1156730962;6.4;4571;875.581305;8023.0
23629;Sucker Punch;2011-03-24;82000000;89792502;5.9;1623;39.127082;15217.0
8688;Snake Eyes;1998-08-07;73000000;103891409;5.8;327;20.790703;1150.0
10153;Sphere;1998-02-13;75000000;13100000;5.8;476;18.65988;8246.0
153518;The Angry Birds Movie;2016-05-11;73000000;349779543;5.9;1022;45.720894;52701.0
8676;Fool's Gold;2008-02-07;70000000;111231041;5.4;444;21.789615;17167.0
20829;Funny People;2009-07-31;75000000;61458982;5.7;390;20.199057;41039.0
4349;The Kingdom;2007-08-22;70000000;86658558;6.5;513;26.123705;36602.0
9718;Talladega Nights: The Ballad of Ricky Bobby;2006-08-04;72500000;162966177;6.2;491;12.599836;55710.0
10808;Dr. Dolittle 2;2001-06-22;70000000;176104344;4.9;410;13.543053;52112.0
197;Braveheart;1995-05-24;72000000;210000000;7.7;3336;60.722162;2461.0
25;Jarhead;2005-11-04;72000000;96889998;6.6;765;32.227223;39.0
35;The Simpsons Movie;2007-07-25;75000000;527068851;6.9;2264;46.875375;197.0
11086;The Majestic;2001-12-21;72000000;37317558;6.6;188;11.215702;4027.0
10477;Driven;2001-04-27;94000000;54744738;4.5;179;8.468586;16938.0
1997;Two Brothers;2004-04-07;74500000;62172050;6.9;180;8.884318;2352.0
6947;The Village;2004-07-30;60000000;256697520;6.2;1071;27.491891;11614.0
3050;Doctor Dolittle;1998-06-22;71000000;294456605;5.4;686;21.462935;31024.0
2675;Signs;2002-08-02;72000000;408247917;6.4;1599;28.848187;11614.0
809;Shrek 2;2004-05-19;150000000;919838758;6.7;2988;47.320801;5524.0
920;Cars;2006-06-08;120000000;461983149;6.6;3877;82.643036;7879.0
4806;Runaway Bride;1999-07-30;70000000;309457509;5.7;455;20.230535;1201.0
7451;xXx;2002-08-09;70000000;277448382;5.8;1424;46.217769;18878.0
228165;The SpongeBob Movie: Sponge Out of Water;2015-02-05;74000000;311594032;5.8;719;36.952268;217174.0
3595;Ransom;1996-11-08;80000000;309492681;6.4;470;16.411345;6159.0
16869;Inglourious Basterds;2009-08-18;70000000;319131050;7.9;6430;72.595961;138.0
879;Hook;1991-12-11;70000000;300854823;6.6;1532;33.648404;488.0
1573;Die Hard 2;1990-07-02;70000000;240031094;6.6;1896;57.69847;16938.0
9257;S.W.A.T.;2003-08-08;80000000;116643346;5.8;770;34.052253;47640.0
1903;Vanilla Sky;2001-12-10;68000000;203388341;6.5;1078;27.299301;11649.0
9697;Lady in the Water;2006-07-21;75000000;42285169;5.3;409;20.219385;11614.0
395;AVP: Alien vs. Predator;2004-08-12;70000000;171183863;5.5;1217;42.957216;4014.0
23398;Alvin and the Chipmunks: The Squeakquel;2009-12-21;75000000;443140005;5.4;666;29.412262;31024.0
10590;We Were Soldiers;2002-03-01;75000000;114660784;6.7;521;19.708731;2460.0
117263;Olympus Has Fallen;2013-03-20;70000000;161025640;6.2;2981;59.428223;20907.0
200;Star Trek: Insurrection;1998-12-10;70000000;118000000;6.3;391;19.711951;2388.0
44943;Battle: Los Angeles;2011-03-08;70000000;202466756;5.5;1448;49.199234;66739.0
587;Big Fish;2003-12-25;70000000;122919055;7.6;1994;46.199482;510.0
10395;Wolf;1994-06-17;0;0;6.0;216;13.758526;5342.0
57212;War Horse;2011-12-25;66000000;177584879;7.0;992;29.505574;488.0
152760;The Monuments Men;2014-01-24;70000000;154984035;5.8;1523;43.873266;1461.0
2756;The Abyss;1989-08-09;70000000;90000098;7.1;808;24.961625;2710.0
33909;Wall Street: Money Never Sleeps;2010-09-02;70000000;134748021;5.8;493;23.25645;1152.0
49017;Dracula Untold;2014-10-01;70000000;215529201;6.2;2389;64.457947;1167470.0
9882;The Siege;1998-11-06;70000000;116672912;6.0;352;20.089933;9181.0
2270;Stardust;2007-08-09;70000000;135560026;7.1;1184;48.032734;957.0
978;Seven Years in Tibet;1997-09-12;70000000;131457682;7.0;630;16.92991;2352.0
44564;The Dilemma;2011-01-13;70000000;67112664;5.2;304;14.780634;6159.0
3132;Bad Company;2002-06-07;70000000;65977295;5.4;228;14.086292;5572.0
8814;Doom;2005-10-20;60000000;55987321;5.0;609;29.261348;10765.0
8427;I Spy;2002-10-31;70000000;33561137;5.2;269;13.267631;31024.0
52520;Underworld: Awakening;2012-01-19;70000000;160112671;6.1;1862;58.401204;80923.0
80585;Rock of Ages;2012-06-13;75000000;59418613;6.0;385;23.515938;20739.0
10592;Hart's War;2002-02-15;70000000;32287044;5.9;241;14.244518;17812.0
49021;Killer Elite;2011-09-23;66000000;57777106;6.1;695;29.501489;141688.0
11535;Rollerball;2002-02-08;0;0;3.4;106;9.306253;1090.0
10550;Ballistic: Ecks vs. Sever;2002-09-20;70000000;19924033;4.3;97;8.37378;65615.0
11258;Hard Rain;1998-01-16;70000000;19870567;5.5;179;10.930537;30149.0
12610;Osmosis Jones;2001-08-07;75000000;13596911;5.9;228;10.54544;7395.0
59981;Legends of Oz: Dorothy's Return;2013-06-13;70000000;18662027;5.9;43;6.682006;15780.0
201088;Blackhat;2015-01-13;70000000;17752940;5.1;826;46.832372;638.0
5137;Sky Captain and the World of Tomorrow;2004-09-17;70000000;57958696;5.7;439;24.664776;41378.0
3093;Basic Instinct 2;2006-03-29;70000000;38629478;4.6;180;13.483387;30365.0
107846;Escape Plan;2013-10-09;50000000;122915111;6.7;1659;44.478043;29605.0
188207;The Legend of Hercules;2014-01-10;70000000;61279452;4.4;533;25.020428;16938.0
4614;The Sum of All Fears;2002-05-31;68000000;193000000;5.9;437;22.392544;23968.0
24021;The Twilight Saga: Eclipse;2010-06-23;68000000;698491347;5.8;2301;107.069763;27571.0
11371;The Score;2001-07-13;68000000;71069884;6.7;423;22.572323;7908.0
20352;Despicable Me;2010-07-08;69000000;543513985;7.1;6478;113.858273;124747.0
11517;Money Train;1995-11-21;60000000;35431113;5.4;222;10.004564;52629.0
214756;Ted 2;2015-06-25;68000000;217022588;6.2;2463;68.734513;52139.0
26428;Agora;2009-05-17;70000000;39041505;6.9;395;18.888806;19840.0
9824;Mystery Men;1999-08-06;68000000;29762011;5.7;250;12.948627;59646.0
48988;Hall Pass;2011-02-25;36000000;83160734;5.4;611;27.11589;7395.0
9008;The Insider;1999-10-28;90000000;60289912;7.3;481;26.153669;638.0
300673;The Finest Hours;2016-01-25;80000000;52099090;6.3;588;28.223664;50767.0
12113;Body of Lies;2008-10-10;70000000;113280098;6.5;895;37.507136;578.0
38778;Dinner for Schmucks;2010-07-30;69000000;86387857;5.5;531;11.023691;6737.0
72331;Abraham Lincoln: Vampire Hunter;2012-06-20;69000000;112265139;5.5;1269;38.634767;23430.0
1844;Entrapment;1999-04-29;66000000;212404396;6.0;602;25.877794;15148.0
846;The X Files;1998-06-19;66000000;189198313;6.6;488;18.59991;12523.0
9703;The Last Legion;2007-04-19;67000000;25303038;5.0;207;12.282911;58656.0
857;Saving Private Ryan;1998-07-24;70000000;481840909;7.9;5048;76.041867;488.0
136797;Need for Speed;2014-03-13;66000000;203277636;6.1;1520;54.81489;293911.0
3981;What Women Want;2000-12-15;70000000;374111707;6.1;992;31.39165;17698.0
425;Ice Age;2002-03-10;59000000;383257136;7.1;3857;99.561972;5713.0
6171;Dreamcatcher;2003-03-21;68000000;75715436;5.3;567;26.792794;8844.0
72976;Lincoln;2012-11-09;65000000;275293450;6.7;1429;36.307296;488.0
603;The Matrix;1999-03-30;63000000;463517383;7.9;8907;104.309993;9339.0
568;Apollo 13;1995-06-30;52000000;355237933;7.3;1599;68.140214;6159.0
9021;The Santa Clause 2;2002-10-31;65000000;172855065;5.5;297;14.646884;15045.0
82695;Les Misérables;2012-12-18;61000000;441809770;7.1;1884;48.356214;70500.0
9489;You've Got Mail;1998-12-17;65000000;250821495;6.3;838;28.540267;9248.0
12133;Step Brothers;2008-07-25;65000000;128107642;6.5;1062;22.977983;55710.0
9342;The Mask of Zorro;1998-07-16;95000000;250288523;6.3;1183;31.086791;10702.0
41733;Due Date;2010-11-04;65000000;211780824;6.2;1685;43.865294;57130.0
227306;Unbroken;2014-12-25;65000000;163442937;7.3;1400;43.055253;11701.0
5551;Space Cowboys;2000-07-31;65000000;128884132;6.3;403;15.772081;190.0
9350;Cliffhanger;1993-05-28;70000000;255000211;6.1;588;26.19909;16938.0
9208;Broken Arrow;1996-02-09;50000000;150270147;5.7;453;22.769108;11401.0
4244;The Kid;2000-07-07;65000000;69700000;6.0;238;18.281798;12962.0
1852;World Trade Center;2006-08-09;63000000;162945894;5.9;447;24.697533;1152.0
11820;Mona Lisa Smile;2003-12-19;65000000;0;6.5;393;19.718544;10723.0
76493;The Dictator;2012-05-15;65000000;179379533;5.9;1743;31.349143;6767.0
345;Eyes Wide Shut;1999-07-14;65000000;162091208;7.1;1234;27.870312;240.0
196867;Annie;2014-12-19;65000000;133821816;6.0;466;33.439187;82511.0
256591;Focus;2015-02-25;50100000;153962963;6.7;2542;59.634029;56411.0
59962;This Means War;2012-02-14;65000000;156974557;5.9;1389;38.994297;36425.0
36648;Blade: Trinity;2004-12-08;65000000;128905366;5.7;1252;49.660055;3893.0
1880;Red Dawn;1984-08-10;4200000;38376497;6.4;215;11.743085;8328.0
9440;Primary Colors;1998-03-20;65000000;0;6.1;94;9.110247;5342.0
71679;Resident Evil: Retribution;2012-09-12;65000000;240159255;5.6;1600;6.227675;4014.0
10483;Death Race;2008-08-22;45000000;73762516;6.0;1175;42.57877;4014.0
11412;The Long Kiss Goodnight;1996-10-11;65000000;89456761;6.5;314;15.858629;16938.0
11983;Proof of Life;2000-12-08;65000000;0;6.0;208;14.866901;18596.0
6795;Zathura: A Space Adventure;2005-11-06;65000000;64321501;6.1;779;15.194239;15277.0
550;Fight Club;1999-10-15;63000000;100853753;8.3;9413;146.757391;7467.0
11170;We Are Marshall;2006-12-12;65000000;43545364;6.7;186;8.629665;36425.0
9292;Hudson Hawk;1991-05-23;65000000;17218080;5.4;269;16.803457;7145.0
10783;Lucky Numbers;2000-10-27;65000000;0;4.9;52;2.952595;9248.0
100241;I, Frankenstein;2014-01-22;65000000;71154592;5.0;687;31.324734;1707.0
257;Oliver Twist;2005-09-23;50000000;42093706;6.7;274;20.415572;3556.0
9947;Elektra;2005-01-13;43000000;56681566;4.8;575;28.613892;12523.0
189;Sin City: A Dame to Kill For;2014-08-20;65000000;39407616;6.3;1286;85.428395;2294.0
12618;Random Hearts;1999-10-08;64000000;74608570;5.3;63;4.137237;2226.0
253412;Everest;2015-09-10;55000000;203427584;6.7;1772;60.246978;67813.0
1427;Perfume: The Story of a Murderer;2006-09-13;50000000;132180323;7.1;1165;42.551902;1071.0
818;Austin Powers in Goldmember;2002-07-26;63000000;296655431;5.9;979;40.137264;6737.0
16577;Astro Boy;2009-10-15;65000000;44091067;6.1;409;24.857079;33183.0
329;Jurassic Park;1993-06-11;63000000;920100000;7.6;4856;40.413191;488.0
12160;Wyatt Earp;1994-06-24;63000000;25052000;6.5;202;13.859307;8844.0
9331;Clear and Present Danger;1994-08-03;62000000;215887717;6.4;386;18.832471;13015.0
300168;Dragon Blade;2015-02-19;65000000;121545703;5.9;145;9.568884;57832.0
9072;Little Man;2006-08-31;64000000;101595121;5.3;261;12.421504;35689.0
3536;U-571;2000-04-20;62000000;127666415;6.1;340;18.096884;7213.0
9087;The American President;1995-11-17;62000000;107879496;6.5;195;11.056763;3026.0
12177;The Love Guru;2008-06-20;62000000;41819064;4.3;242;13.218008;71527.0
12138;3000 Miles to Graceland;2001-02-23;62000000;18720175;5.8;178;11.262655;71418.0
273248;The Hateful Eight;2015-12-25;44000000;155760117;7.6;4274;68.717016;138.0
9955;Blades of Glory;2007-03-30;53000000;0;5.9;569;19.412028;60922.0
50359;Hop;2011-03-30;63000000;183953723;5.5;331;16.791058;49903.0
1271;300;2006-12-09;65000000;422610419;7.0;4997;65.197968;15217.0
693;Meet the Fockers;2004-12-22;80000000;516642939;6.1;1373;32.829538;6737.0
14306;Marley & Me;2008-12-25;60000000;244082376;6.9;1343;30.951203;5065.0
497;The Green Mile;1999-12-10;60000000;284600000;8.2;4048;103.698022;4027.0
11199;Wild Hogs;2007-03-02;0;253625427;5.6;648;31.719463;68573.0
9982;Chicken Little;2005-11-04;150000000;314432665;5.6;944;47.973995;61411.0
210577;Gone Girl;2014-10-01;61000000;369330363;7.9;5862;143.041543;7467.0
2501;The Bourne Identity;2002-06-14;60000000;214034224;7.3;3583;86.476817;11694.0
710;GoldenEye;1995-11-16;58000000;352194034;6.6;1174;59.824565;10702.0
2275;The General's Daughter;1999-06-18;60000000;149705852;6.1;205;18.345613;12786.0
37165;The Truman Show;1998-06-04;60000000;264118201;7.8;4537;56.488027;2690.0
9837;The Prince of Egypt;1998-12-15;70000000;218613188;6.8;817;29.464852;21879.0
10708;Daddy Day Care;2003-05-03;60000000;164433867;5.6;506;18.106021;52112.0
136400;2 Guns;2013-08-02;61000000;131940411;6.6;1589;42.881415;67813.0
10992;Cats & Dogs;2001-07-04;60000000;93375151;5.0;352;18.735024;64191.0
9654;The Italian Job;2003-05-30;60000000;176070171;6.6;1919;62.766854;37932.0
2642;Two Weeks Notice;2002-12-19;60000000;93354918;5.9;487;24.153567;18323.0
8916;Antz;1998-10-02;60000000;171757863;6.0;1272;41.515702;18863.0
19899;Couples Retreat;2009-09-19;70000000;171844840;5.3;588;26.676487;12708.0
2119;Days of Thunder;1990-06-27;60000000;157920733;5.9;353;16.278022;893.0
9641;Cheaper by the Dozen 2;2005-12-21;60000000;129181830;5.7;526;18.831023;20739.0
294254;Maze Runner: The Scorch Trials;2015-09-09;61000000;311256926;6.4;3040;113.161483;1179066.0
38167;Eat Pray Love;2010-08-12;60000000;204594016;5.8;636;28.800112;52779.0
5994;The Family Man;2000-12-12;60000000;0;6.5;521;19.705489;11091.0
39514;RED;2010-10-13;58000000;71664962;6.6;2808;41.430245;57270.0
9563;Any Given Sunday;1999-12-16;55000000;100230832;6.8;422;23.127561;1152.0
547;The Horse Whisperer;1998-05-14;60000000;186883563;6.7;292;12.867352;4135.0
1538;Collateral;2004-08-04;65000000;217764291;7.0;1451;44.815022;638.0
9334;The Scorpion King;2002-04-16;60000000;165333180;5.3;779;37.537093;26713.0
11128;Ladder 49;2004-10-01;60000000;74541707;6.2;207;10.99991;46297.0
75780;Jack Reacher;2012-12-20;60000000;218340595;6.3;2998;56.868399;9033.0
8914;Deep Blue Sea;1999-07-28;60000000;73648228;5.6;604;22.991269;16938.0
13576;This Is It;2009-10-28;60000000;0;6.7;247;15.798622;65310.0
39538;Contagion;2011-09-08;60000000;137551594;6.2;1325;38.820858;1884.0
10628;Kangaroo Jack;2003-01-17;0;0;4.3;203;10.292864;48980.0
14836;Coraline;2009-02-05;60000000;124596398;7.3;1386;51.146047;57646.0
8645;The Happening;2008-06-11;60000000;163403799;4.9;950;20.501582;11614.0
9509;Man on Fire;2004-04-23;70000000;130293714;7.3;1553;45.299089;893.0
10067;The Shaggy Dog;2006-03-09;50000000;61112916;4.5;137;4.280619;53177.0
9384;Starsky & Hutch;2004-03-05;60000000;170268750;5.6;644;28.848842;57130.0
9279;Jingle All the Way;1996-11-15;60000000;129832389;5.5;575;22.501041;13581.0
1487;Hellboy;2004-04-02;66000000;99318987;6.5;2225;47.479755;10828.0
9422;A Civil Action;1998-03-05;70000000;56702901;6.1;109;10.147321;2260.0
77174;ParaNorman;2012-08-03;60000000;107139399;6.7;789;39.539045;58897.0
4824;The Jackal;1997-11-14;60000000;159330280;6.1;527;19.747459;30365.0
9620;Paycheck;2003-12-25;60000000;96269812;5.9;581;29.018826;11401.0
9302;Up Close & Personal;1996-03-01;60000000;0;5.9;50;4.801849;18250.0
10199;The Tale of Despereaux;2008-12-19;60000000;50877145;5.8;258;16.493576;64152.0
10771;The Tuxedo;2002-09-27;0;0;5.3;483;21.549232;66654.0
3512;Under Siege 2: Dark Territory;1995-07-13;60000000;104324083;5.6;210;13.080725;32277.0
137094;Jack Ryan: Shadow Recruit;2014-01-15;60000000;50549107;5.9;1173;42.538258;11181.0
274479;Joy;2015-12-24;60000000;101134059;6.4;1581;29.876507;17883.0
267860;London Has Fallen;2016-03-02;60000000;205754447;5.8;1621;61.849521;132239.0
8078;Alien: Resurrection;1997-11-12;70000000;162000000;5.9;1365;37.44963;2419.0
7485;Shooter;2007-03-22;61000000;95696996;6.9;1462;37.378081;20907.0
170687;The Boxtrolls;2014-09-10;60000000;108255770;6.6;668;30.656345;52691.0
6435;Practical Magic;1998-10-16;75000000;46683377;6.3;338;15.142701;2171.0
137106;The Lego Movie;2014-02-06;60000000;469160692;7.5;3070;59.547928;107446.0
10040;Miss Congeniality 2: Armed and Fabulous;2005-03-11;0;0;5.3;425;19.998581;58072.0
6278;Reign of Fire;2002-07-12;60000000;43061982;6.0;669;27.615108;12523.0
82682;Gangster Squad;2013-01-10;60000000;105200903;6.2;1778;29.041198;91268.0
17610;Year One;2009-06-18;60000000;62357900;4.6;524;25.293538;1524.0
22954;Invictus;2009-12-10;60000000;122233971;7.0;1125;23.85119;190.0
16995;State of Play;2009-04-17;60000000;87784194;6.7;484;21.685719;17350.0
16558;Duplicity;2009-03-19;78146652;60000000;5.7;201;13.630049;19242.0
9849;My Favorite Martian;1999-02-11;65000000;36850101;5.1;80;6.80692;18281.0
5820;The Sentinel;2006-04-19;60000000;77920346;5.8;225;15.352807;47640.0
16866;Planet 51;2009-11-19;70000000;104945765;5.6;556;23.661071;117052.0
201;Star Trek: Nemesis;2002-12-13;60000000;67312826;6.1;479;21.605533;2523.0
11775;Intolerable Cruelty;2003-09-02;60000000;119940815;5.8;391;22.620125;1223.0
87825;Trouble with the Curve;2012-09-21;0;0;6.6;366;18.587114;4746.0
12201;Edge of Darkness;2010-01-29;80000000;74901339;6.2;487;24.657931;10702.0
11015;The Relic;1997-01-10;60000000;33956608;5.8;130;12.621769;37710.0
9932;Analyze That;2002-12-06;60000000;55003135;5.7;380;21.08952;1524.0
13389;Righteous Kill;2008-09-11;60000000;73174566;5.9;375;18.380176;18250.0
8838;Mercury Rising;1998-04-03;60000000;0;6.0;368;18.877795;23213.0
17332;The Soloist;2009-04-24;60000000;31720158;6.6;234;17.299333;36588.0
4958;The Legend of Bagger Vance;2000-11-02;80000000;39459427;6.3;251;16.848899;4135.0
786;Almost Famous;2000-09-15;60000000;47383689;7.4;797;21.547446;11649.0
9513;Garfield: A Tail of Two Kitties;2006-06-15;0;141702264;5.1;464;16.930969;49903.0
11679;xXx: State of the Union;2005-04-27;60000000;71073932;4.7;549;36.689223;7256.0
38321;Priest;2011-05-05;60000000;78309131;5.4;692;28.350927;116357.0
14411;Sinbad: Legend of the Seven Seas;2003-07-02;60000000;26288320;6.6;372;18.815442;52870.0
8413;Event Horizon;1997-08-15;60000000;26673242;6.5;742;29.787135;4014.0
10052;Dragonfly;2002-02-22;60000000;52322400;6.1;204;8.927137;4499.0
9676;The Black Dahlia;2006-09-15;50000000;49111202;5.7;287;15.213484;1150.0
9664;Flyboys;2006-09-22;60000000;17800000;6.3;271;13.155999;57138.0
2100;The Last Castle;2001-10-19;72000000;27642707;7.0;285;15.433244;21526.0
10384;Supernova;2000-01-14;90000000;14828081;4.9;109;5.762037;1723.0
137321;Winter's Tale;2014-02-13;60000000;30800231;6.0;487;22.736038;5575.0
123553;The Mortal Instruments: City of Bones;2013-08-21;60000000;90565421;6.2;1602;45.514031;21981.0
11260;Meet Dave;2008-07-08;60000000;50650079;5.0;371;18.676291;53177.0
9009;Dark Water;2005-06-27;30000000;25473093;5.3;274;14.376463;8574.0
11374;Edtv;1999-03-26;80000000;0;5.7;166;14.298297;6159.0
2309;Inkheart;2008-12-11;60000000;57490374;6.0;592;27.018886;1978.0
8285;The Spirit;2008-12-25;60000000;39031337;4.7;320;14.84856;2293.0
210860;Mortdecai;2015-01-21;60000000;30418560;5.4;1055;52.417529;508.0
2312;In the Name of the King: A Dungeon Siege Tale;2007-11-29;60000000;0;4.1;224;15.406173;23799.0
9839;Beyond Borders;2003-10-23;35000000;0;6.7;110;6.523472;10702.0
381902;The Monkey King 2;2016-01-22;68490000;193677158;6.0;24;4.72629;93991.0
13922;The Great Raid;2005-08-12;80000000;10166502;6.8;91;8.923215;21053.0
293660;Deadpool;2016-02-09;58000000;783112979;7.4;10995;514.569956;55252.0
9713;Holy Man;1998-10-08;60000000;0;4.9;111;9.265672;18356.0
190859;American Sniper;2014-12-11;58800000;542307423;7.4;4469;87.53437;190.0
257445;Goosebumps;2015-08-05;58000000;158162788;6.2;995;45.351617;65630.0
9007;Just Like Heaven;2005-09-16;58000000;102854431;6.5;579;13.43573;54050.0
889;The Flintstones in Viva Rock Vegas;2000-04-28;83000000;59468275;4.4;134;6.248309;13581.0
1370;Rambo III;1988-05-24;63000000;189015611;5.7;690;31.294717;16589.0
4942;Leatherheads;2008-03-24;58000000;41299492;5.7;130;7.739276;1461.0
347969;The Ridiculous 6;2015-12-11;60000000;0;4.9;388;19.694695;57370.0
24438;Did You Hear About the Morgans?;2009-12-17;58000000;85280250;5.1;276;14.403696;18323.0
116741;The Internship;2013-06-07;58000000;44000000;6.1;1658;1.551497;17825.0
35791;Resident Evil: Afterlife;2010-09-09;60000000;300228084;5.8;1363;2.143764;4014.0
72431;Red Tails;2012-01-19;58000000;50365377;5.9;178;12.29603;1216147.0
1813;The Devil's Advocate;1997-10-17;57000000;152944660;7.2;1374;33.8473;18596.0
87428;That's My Boy;2012-06-14;70000000;58058367;5.5;453;21.723897;74619.0
8840;DragonHeart;1996-05-31;57000000;115267375;6.4;535;31.791979;18878.0
10589;After the Sunset;2004-11-12;60000000;61347797;6.0;226;14.113066;11091.0
71676;Ghost Rider: Spirit of Vengeance;2011-12-10;57000000;149217355;4.7;1135;48.622278;20192.0
1722;Captain Corelli's Mandolin;2001-08-17;57000000;62112895;5.5;145;9.061866;18844.0
10022;The Pacifier;2005-03-04;56000000;113006880;5.8;842;35.4763;20739.0
11358;Walking Tall;2004-04-02;56000000;57223890;6.0;381;23.438398;34453.0
13;Forrest Gump;1994-07-06;55000000;677945399;8.2;7927;138.133331;24.0
6477;Alvin and the Chipmunks;2007-12-13;60000000;361366633;5.5;1177;47.336034;49903.0
1597;Meet the Parents;2000-10-06;55000000;330444045;6.6;1698;29.97224;6737.0
10530;Pocahontas;1995-06-14;55000000;346079773;6.7;1457;47.845589;65530.0
1924;Superman;1978-12-13;55000000;300218018;6.9;1022;48.507081;7187.0
9327;The Nutty Professor;1996-06-26;54000000;128769345;5.4;702;20.28119;4499.0
8488;Hitch;2005-02-10;70000000;368100420;6.4;1665;34.576913;17167.0
10603;George of the Jungle;1997-07-15;55000000;0;5.4;496;22.573237;54967.0
8273;American Wedding;2003-08-01;55000000;231449203;6.0;1129;36.194802;54584.0
109424;Captain Phillips;2013-10-10;55000000;95000000;7.6;2454;52.786917;25598.0
35056;Date Night;2010-04-08;55000000;152263880;5.9;1122;38.06168;17825.0
8839;Casper;1995-05-26;50000000;287928194;6.0;1019;19.830132;11887.0
156022;The Equalizer;2014-09-24;55000000;192330738;7.1;2954;79.922059;20907.0
7303;Maid in Manhattan;2002-12-13;55000000;154906693;5.6;485;19.738215;39819.0
8963;Crimson Tide;1995-05-12;53000000;157387195;7.0;498;20.334629;893.0
1402;The Pursuit of Happyness;2006-12-14;55000000;307077295;7.7;2525;80.581367;20646.0
9315;Flightplan;2005-09-22;55000000;223387299;6.1;772;32.05145;57270.0
8984;Disclosure;1994-12-09;55000000;214015089;5.9;210;15.064058;8246.0
795;City of Angels;1998-04-10;55000000;198685114;6.4;529;21.272734;11887.0
24;Kill Bill: Vol. 1;2003-10-10;30000000;180949000;7.7;4949;79.754966;138.0
11353;Bowfinger;1999-08-12;55000000;0;6.0;254;13.191829;7908.0
393;Kill Bill: Vol. 2;2004-04-16;30000000;152159461;7.6;3948;50.622607;138.0
9618;Tango & Cash;1989-12-22;55000000;63408614;6.1;458;22.787667;58728.0
9374;Death Becomes Her;1992-07-30;55000000;149022650;6.3;636;29.498304;24.0
8584;Shanghai Noon;2000-05-26;55000000;56932305;6.2;735;25.400935;46076.0
2320;Executive Decision;1996-03-15;55000000;121969216;5.8;256;17.231675;2523.0
58224;Mr. Popper's Penguins;2011-06-17;55000000;187361754;5.7;751;32.835777;54050.0
1729;The Forbidden Kingdom;2008-04-18;55000000;127906624;6.3;461;17.097041;18898.0
175574;Free Birds;2013-10-30;55000000;110000000;5.7;254;14.414937;8029.0
8077;Alien³;1992-05-22;50000000;159773545;6.2;1633;45.856409;7467.0
8818;Evita;1996-12-14;55000000;141047179;5.9;120;7.027139;9168.0
8195;Ronin;1998-09-25;55000000;41610884;6.7;658;32.657488;13776.0
10586;The Ghost and the Darkness;1996-10-11;50000000;75000000;6.4;236;12.46525;2042.0
116149;Paddington;2014-11-27;55000000;259207227;7.0;883;39.882276;101666.0
80035;The Watch;2012-07-26;68000000;68267862;5.3;881;39.395881;62854.0
10632;The Hunted;2003-03-11;55000000;34234008;6.0;189;8.634954;15175.0
12117;Instinct;1999-06-04;80000000;0;6.2;146;7.386394;12962.0
1792;Stuck on You;2003-12-10;55000000;33828318;5.1;188;8.802525;7395.0
13260;Semi-Pro;2008-02-28;0;33472850;5.4;251;10.449975;65702.0
72197;The Pirates! In an Adventure with Scientists!;2012-03-12;60000000;118338361;6.4;374;23.700759;53304.0
3580;Changeling;2008-01-30;55000000;113020255;7.3;1131;27.50916;190.0
12123;Chain Reaction;1996-08-02;50000000;60209334;5.3;284;20.58862;12989.0
9566;The Fan;1996-08-15;55000000;18626419;5.7;194;4.366488;893.0
9833;The Phantom of the Opera;2004-12-08;70000000;154648887;7.0;438;18.927463;5572.0
4517;Elizabeth: The Golden Age;2007-09-09;55000000;74237563;6.6;303;15.274137;37630.0
8202;Æon Flux;2005-11-30;62000000;52304001;5.4;703;29.954302;54025.0
16072;Gods and Generals;2003-02-21;56000000;12923936;6.1;48;4.362535;66088.0
34314;Turbulence;1997-01-09;55000000;11466088;5.2;62;4.700024;101767.0
19724;Imagine That;2009-06-19;55000000;0;5.7;134;12.340384;52845.0
145220;Muppets Most Wanted;2014-03-20;50000000;80383290;6.2;316;14.808304;26205.0
14623;Thunderbirds;2004-07-23;57000000;28283637;4.2;91;9.27875;2388.0
42297;Burlesque;2010-11-23;55000000;89519773;6.9;573;22.863516;42745.0
2841;A Very Long Engagement;2004-10-26;47000000;0;7.1;346;23.05451;2419.0
802;Lolita;1962-06-13;2000000;9250000;7.3;395;23.962109;240.0
10375;D-Tox;2002-01-04;55000000;6416302;5.3;123;12.669778;33254.0
36586;Blade II;2002-03-22;54000000;155010032;6.2;1528;67.169587;10828.0
11321;Seven Pounds;2008-12-18;55000000;168167691;7.5;2039;41.472404;20646.0
70074;Bullet to the Head;2013-01-31;55000000;9489829;5.2;481;22.503935;1723.0
242;The Godfather: Part III;1990-12-24;54000000;136766062;7.1;1546;59.194915;1776.0
9621;Elizabethtown;2005-10-06;57000000;52034889;6.1;327;22.894898;11649.0
1819;You, Me and Dupree;2006-07-14;54000000;130431368;5.4;407;18.600367;19271.0
8536;Superman II;1980-12-04;54000000;190458706;6.5;629;30.515175;10586.0
8046;Gigli;2003-08-01;54000000;7266209;3.5;104;9.053456;769.0
1717;All the King's Men;2006-09-10;55000000;9450897;5.7;95;7.768223;2260.0
479;Shaft;2000-06-15;46000000;107196498;5.5;308;19.643365;6482.0
9444;Anastasia;1997-11-20;53000000;139804348;7.4;1432;45.565918;12881.0
824;Moulin Rouge!;2001-03-09;52500000;179213434;7.4;1300;57.374341;6201.0
11456;Domestic Disturbance;2001-10-30;75000000;54249294;5.4;113;8.41856;23213.0
261023;Black Mass;2015-09-04;53000000;98837872;6.3;1242;46.049902;65167.0
3683;Flags of Our Fathers;2006-10-18;90000000;65900249;6.7;526;23.9366;190.0
22803;Law Abiding Citizen;2009-10-15;53000000;126690726;7.2;1486;49.593978;37932.0
285923;Grindhouse;2007-04-06;67000000;25037897;6.8;459;16.637642;2294.0
39437;Beloved;1998-10-16;0;0;5.9;26;1.453765;16294.0
1950;Lucky You;2007-05-01;0;5761917;5.4;81;6.162872;323.0
640;Catch Me If You Can;2002-12-25;52000000;352114312;7.7;3795;73.944049;488.0
97630;Zero Dark Thirty;2012-12-19;40000000;132820716;6.7;1702;38.306954;14392.0
9767;The Break-Up;2006-06-01;52000000;204999686;5.6;832;26.251217;59026.0
11631;Mamma Mia!;2008-07-03;52000000;609841637;6.4;1386;30.780599;71068.0
32856;Valentine's Day;2010-02-10;52000000;216485654;5.7;1013;25.41929;1201.0
6519;The Dukes of Hazzard;2005-08-05;50000000;110803676;5.1;316;15.98212;52049.0
8741;The Thin Red Line;1998-12-25;52000000;98126565;7.2;771;40.072583;30715.0
49520;The Change-Up;2011-08-05;52000000;75450437;5.9;736;32.015477;42994.0
1850;Man on the Moon;1999-12-22;82000000;47434430;6.9;435;24.444186;3974.0
524;Casino;1995-11-22;52000000;116112375;7.8;1307;40.06688;1032.0
26389;From Paris with Love;2010-02-05;52000000;52826594;6.1;675;27.916284;35453.0
11817;Bulletproof Monk;2003-03-28;52000000;0;5.1;278;15.20707;70573.0
2123;Me, Myself & Irene;2000-06-22;51000000;149270999;6.1;927;39.001682;7395.0
9907;Barnyard;2006-08-04;51000000;72779000;5.3;225;10.430832;4489.0
9969;Deck the Halls;2006-11-22;0;47231070;5.1;109;5.952527;61175.0
18239;The Twilight Saga: New Moon;2009-03-15;50000000;709827462;5.6;2436;94.815867;3288.0
808;Shrek;2001-05-16;60000000;484409218;7.3;4056;67.298732;5524.0
38050;The Adjustment Bureau;2011-03-03;50200000;127869379;6.5;1652;26.60772;1921.0
8367;Robin Hood: Prince of Thieves;1991-06-14;48000000;390493908;6.6;909;28.803729;8300.0
9390;Jerry Maguire;1996-12-06;50000000;273552592;6.7;913;27.039636;11649.0
72105;Ted;2012-06-29;50000000;549368315;6.3;4697;68.87691;52139.0
2898;As Good as It Gets;1997-12-19;50000000;314178011;7.2;915;37.885022;3388.0
10312;Patch Adams;1998-12-25;50000000;202292902;7.0;832;35.537397;4499.0
109443;Anchorman 2: The Legend Continues;2013-12-18;50000000;173649015;6.0;923;38.125008;55710.0
2022;Mr. Deeds;2002-06-28;50000000;171269535;5.6;644;18.121404;32593.0
37686;Super 8;2011-06-08;50000000;260095987;6.6;2435;37.069253;15344.0
462;Erin Brockovich;2000-03-17;52000000;256271286;7.1;716;30.347332;1884.0
9919;How to Lose a Guy in 10 Days;2003-02-07;50000000;177371441;6.3;850;23.854701;18281.0
187017;22 Jump Street;2014-06-05;50000000;188441614;7.0;3319;52.380982;107446.0
628;Interview with the Vampire;1994-11-11;60000000;223664608;7.2;1516;50.163785;17016.0
10201;Yes Man;2008-12-09;70000000;225990978;6.4;1813;43.849351;59026.0
302699;Central Intelligence;2016-06-15;50000000;216972543;6.2;1650;45.318703;57633.0
9441;Stepmom;1998-12-25;0;0;6.9;277;16.368283;10965.0
274167;Daddy's Home;2015-12-25;50000000;242786137;5.8;854;38.616744;74619.0
224141;Into the Woods;2014-12-25;50000000;212902372;5.6;1652;65.90161;17633.0
388;Inside Man;2006-03-23;45000000;184376254;7.3;1630;45.220386;5281.0
2112;Payback;1999-02-05;90000000;161626121;6.7;548;17.457947;4723.0
10329;Congo;1995-06-09;50000000;152022101;5.0;213;10.755847;664.0
74465;We Bought a Zoo;2011-12-22;50000000;120081841;6.5;909;38.629763;11649.0
13811;Knowing;2009-03-19;50000000;155446362;5.9;1486;32.693093;21085.0
6877;Failure to Launch;2006-03-10;50000000;88715192;5.5;399;18.806031;46076.0
10320;The Ring Two;2005-03-17;50000000;161451538;5.4;632;32.233713;26875.0
50646;Crazy, Stupid, Love.;2011-07-29;50000000;142851197;7.0;2443;37.990705;56411.0
8920;Garfield;2004-06-10;50000000;200804534;5.2;820;17.667826;18357.0
13673;Christmas with the Kranks;2004-11-24;60000000;0;5.2;193;9.225166;18311.0
60308;Moneyball;2011-09-22;50000000;110206216;7.0;1381;46.180421;5345.0
6950;Outbreak;1995-03-10;50000000;189859560;6.3;513;30.397496;5231.0
225574;Non-Stop;2014-01-26;50000000;222809600;6.8;2268;83.295796;59521.0
13836;Race to Witch Mountain;2009-03-12;50000000;106303988;5.5;509;23.935053;58375.0
752;V for Vendetta;2006-03-15;54000000;132511035;7.7;4442;84.630969;11266.0
6038;Shanghai Knights;2003-02-06;50000000;88323487;6.0;692;16.251204;42994.0
9975;Curious George;2006-02-10;50000000;69834815;6.2;106;9.894346;61290.0
11451;Herbie Fully Loaded;2005-06-22;50000000;66002004;5.1;542;12.050755;7312.0
12103;Don't Say a Word;2001-09-28;50000000;100020092;6.0;220;11.596207;5501.0
60304;Hansel & Gretel: Witch Hunters;2013-01-17;50000000;224803475;5.7;3239;53.02787;76927.0
2251;Unfaithful;2002-05-10;50000000;119137784;6.3;276;14.382253;7270.0
46529;I Am Number Four;2011-02-18;50000000;144492830;5.9;1567;43.450266;40256.0
231;Syriana;2005-11-23;50000000;94000000;6.3;451;16.871194;2945.0
300671;13 Hours: The Secret Soldiers of Benghazi;2016-01-13;50000000;69411370;7.0;938;42.526529;865.0
228326;The Book of Life;2014-10-01;50000000;97437106;7.3;755;34.890999;1265056.0
9754;Firewall;2006-02-10;45000000;82800000;5.6;267;18.186026;33315.0
66;Absolute Power;1997-02-14;50000000;50068310;6.4;223;13.576765;190.0
4421;G.I. Jane;1997-08-22;50000000;48169156;6.0;395;19.434672;578.0
2649;The Game;1997-09-12;50000000;109423648;7.5;1506;62.925175;7467.0
588;Silent Hill;2006-04-21;50000000;97607453;6.3;1067;32.927994;8296.0
10393;The Replacements;2000-08-07;0;0;6.1;203;14.837288;26502.0
71552;American Reunion;2012-04-04;50000000;234989584;6.1;1611;39.920035;68843.0
9631;The Negotiator;1998-07-29;50000000;44547681;6.8;582;28.725621;37932.0
216282;Into the Storm;2014-08-06;50000000;160602194;5.8;817;20.566554;93214.0
306;Beverly Hills Cop III;1994-05-24;50000000;119208989;5.5;434;20.333953;4610.0
928;Gremlins 2: The New Batch;1990-06-15;50000000;41482207;6.2;652;33.98637;4600.0
205587;The Judge;2014-10-08;50000000;83719388;7.2;1417;42.472324;42994.0
6623;The Peacemaker;1997-09-26;50000000;0;5.8;255;15.931084;51984.0
1577;Resident Evil: Apocalypse;2004-09-10;45000000;129394835;6.1;1267;29.880122;17649.0
9801;Bridget Jones: The Edge of Reason;2004-11-10;50000000;40203020;6.1;750;28.803802;20237.0
2116;Out of Time;2003-10-03;50000000;55495563;6.1;298;14.993459;21712.0
9624;On Deadly Ground;1994-02-18;50000000;49000000;4.5;104;9.114168;23880.0
14199;The Adventures of Sharkboy and Lavagirl;2005-06-10;50000000;69425966;4.4;269;12.31101;2294.0
1907;The Beach;2000-02-11;40000000;144056873;6.3;1233;41.362082;2034.0
4599;Raising Helen;2004-05-27;50000000;49718611;5.9;189;13.298205;1201.0
22832;Ninja Assassin;2009-09-29;40000000;60462347;6.2;371;19.085403;11266.0
10390;For Love of the Game;1999-09-17;50000000;0;6.3;88;9.622345;7623.0
9879;Striptease;1996-06-28;50000000;113309743;4.4;205;11.106006;41550.0
38579;Marmaduke;2010-06-04;50000000;83761844;5.0;149;12.25622;46076.0
44603;Hereafter;2010-10-15;50000000;105197635;5.8;510;13.365715;190.0
11892;Murder by Numbers;2002-04-19;50000000;56714147;6.0;268;16.167093;23393.0
9691;Assassins;1995-10-06;50000000;30303072;6.0;387;23.073933;7187.0
1248;Hannibal Rising;2007-02-06;50000000;82169884;6.0;654;6.567065;16785.0
12220;The Story of Us;1999-10-13;50000000;58900031;5.9;75;6.22577;3026.0
72710;The Host;2013-03-22;44000000;63327201;6.0;1817;42.933027;8685.0
10782;Basic;2003-04-18;50000000;42792561;6.2;286;19.226763;1090.0
9573;Blood Work;2002-08-04;50000000;26199517;6.1;206;10.089065;190.0
4959;The International;2009-02-03;50000000;60161391;6.0;368;13.391833;1071.0
10061;Escape from L.A.;1996-08-09;50000000;42277365;5.6;373;21.637234;11770.0
10386;The Iron Giant;1999-08-06;70000000;23159305;7.6;1436;61.245957;7087.0
421;The Life Aquatic with Steve Zissou;2004-12-10;50000000;34808403;7.1;775;25.237969;5655.0
316152;Free State of Jones;2016-06-24;50000000;25035950;6.6;428;21.589393;23964.0
11615;The Life of David Gale;2003-02-21;50000000;38955598;7.3;480;22.442241;9168.0
13498;Man of the House;2005-02-25;40000000;0;5.4;120;6.004422;18356.0
241554;Run All Night;2015-03-11;50000000;71561644;6.3;1148;74.64653;59521.0
2252;Eastern Promises;2007-09-14;51500000;55112356;7.2;848;35.481169;224.0
11968;Into the Blue;2005-09-30;50000000;44434439;5.8;458;14.723467;57082.0
10047;The Messenger: The Story of Joan of Arc;1999-10-18;60000000;66976317;6.2;367;21.084542;59.0
38319;Your Highness;2011-04-08;49900000;26121638;5.2;501;21.408222;64141.0
69668;Dream House;2011-09-30;50000000;38502340;5.8;391;19.267479;53334.0
9770;Mad City;1997-11-07;50000000;10541523;5.9;81;3.314004;27436.0
11212;Baby's Day Out;1994-07-01;50000000;16671505;5.8;274;21.312186;56059.0
10533;The Scarlet Letter;1995-10-13;50000000;10382407;5.5;108;7.44268;8965.0
38363;Fair Game;2010-05-20;22000000;24188922;6.5;235;12.54949;11694.0
9923;Domino;2005-09-22;50000000;22944502;6.0;444;18.394571;893.0
11863;Jade;1995-10-13;50000000;9851610;5.2;44;8.189406;15175.0
18501;Gamer;2009-09-03;50000000;40828540;5.6;760;27.631262;20192.0
109491;Beautiful Creatures;2013-02-13;60000000;60052138;5.6;984;40.721373;2163.0
9275;Death to Smoochy;2002-03-28;55000000;0;5.9;132;11.329727;518.0
329833;Zoolander 2;2016-02-06;50000000;55969000;4.7;797;37.253774;7399.0
12634;The Big Bounce;2004-01-30;50000000;6808550;5.0;76;6.397388;58294.0
10416;What Planet Are You From?;2000-03-03;60000000;0;5.4;37;2.275331;5342.0
47327;Drive Angry;2011-02-24;50000000;28931401;5.3;600;30.387148;27226.0
15268;Street Fighter: The Legend of Chun-Li;2009-02-27;50000000;12764201;3.9;112;8.139676;10765.0
10796;The One;2001-11-02;49000000;72700000;5.7;437;21.746245;57134.0
9548;The Adventures of Ford Fairlane;1990-07-11;49000000;20423389;6.2;71;2.808428;16938.0
18947;The Boat That Rocked;2009-04-01;50000000;36348784;7.2;666;31.02233;7018.0
1900;Traffic;2000-12-27;48000000;207515725;6.9;562;25.170217;1884.0
89;Indiana Jones and the Last Crusade;1989-05-24;48000000;474171806;7.6;3152;80.972475;488.0
96724;Anna Karenina;2012-09-06;0;68929150;6.5;639;26.38704;36588.0
198184;Chappie;2015-03-04;49000000;104399548;6.6;3062;116.700319;82194.0
9481;The Bone Collector;1999-11-04;73000000;151493655;6.5;826;33.884459;13015.0
4547;Panic Room;2002-03-29;48000000;196397415;6.5;1267;53.043124;7467.0
53953;The Tooth Fairy;2006-08-08;0;0;4.3;13;0.716764;41270.0
6415;Three Kings;1999-09-27;75000000;108000000;6.6;692;34.973086;17883.0
181283;Child 44;2015-03-15;50000000;3324330;6.1;547;40.371098;125738.0
9896;Rat Race;2001-07-30;48000000;85498534;6.0;518;18.60049;3415.0
167;K-PAX;2001-10-22;48000000;50315140;7.1;695;30.920075;1978.0
11232;Kate & Leopold;2001-12-25;0;0;6.0;418;11.940711;366.0
1636;Bedazzled;2000-10-19;48000000;90383208;5.6;512;19.348007;1524.0
2148;The Cotton Club;1984-12-14;58000000;25928721;6.6;68;8.59075;1776.0
5176;3:10 to Yuma;2007-09-06;55000000;70016220;6.9;1188;48.801089;366.0
260346;Taken 3;2014-12-16;48000000;325771424;6.1;2200;88.844777;75035.0
1389;Out of Sight;1998-06-26;48000000;77745568;6.5;333;16.000178;1884.0
9894;The Cable Guy;1996-06-10;47000000;102825796;5.7;594;19.525659;7399.0
7504;Earth;1998-09-16;0;528972;6.6;9;1.246883;4760.0
8592;Dick Tracy;1990-06-15;47000000;103738726;5.9;251;7.859226;6449.0
913;The Thomas Crown Affair;1999-08-06;48000000;124305181;6.6;339;18.102572;1090.0
11091;Riding in Cars with Boys;2001-10-19;48000000;35743308;6.5;103;7.226115;14911.0
1368;First Blood;1982-10-22;15000000;125212904;7.2;1488;63.071046;16544.0
593;Solaris;1972-03-20;0;0;7.7;357;24.132271;8452.0
5393;Happily N'Ever After;2006-09-14;47000000;38085778;4.6;104;10.410933;31093.0
9095;Mary Reilly;1996-02-23;47000000;12379402;5.7;74;6.067212;3224.0
8874;My Best Friend's Wedding;1997-06-19;38000000;299288605;6.3;584;15.401855;3045.0
11467;America's Sweethearts;2001-07-17;0;0;5.5;252;10.698929;18311.0
320;Insomnia;2002-05-24;46000000;113714830;6.8;1148;41.322708;525.0
199;Star Trek: First Contact;1996-11-21;46000000;150000000;7.0;661;25.6713;2388.0
20533;Jonah Hex;2010-06-18;47000000;10539000;4.4;420;22.581313;8029.0
10684;Courage Under Fire;1996-07-04;46000000;100860818;6.2;232;12.971122;9181.0
1624;Liar Liar;1997-03-21;45000000;181000000;6.4;1424;26.721386;4499.0
325789;The Infiltrator;2016-07-13;25000000;15436808;6.6;573;24.672234;144221.0
113464;Inchon;1981-05-04;46000000;5200000;6.5;2;0.146783;9855.0
888;The Flintstones;1994-05-26;46000000;341631208;5.0;543;28.964162;13581.0
82675;Taken 2;2012-09-27;45000000;376141306;6.1;2757;49.353524;75035.0
4256;Scary Movie 3;2003-10-24;48000000;220673217;5.8;912;36.585509;12987.0
1493;Miss Congeniality;2000-12-14;45000000;212000000;6.1;961;32.624355;18281.0
88751;Journey to the Center of the Earth;2008-07-10;45000000;101702060;5.8;1309;53.090422;9622.0
11130;The Princess Diaries 2: Royal Engagement;2004-08-06;40000000;95149435;6.0;697;30.002907;1201.0
9944;The Pelican Brief;1993-12-16;45000000;195268056;6.3;371;17.923254;6349.0
10731;The Client;1994-07-20;45000000;117615211;6.4;278;17.746719;5572.0
7350;The Bucket List;2007-12-25;45000000;175372502;7.0;1111;31.305336;3026.0
9869;Patriot Games;1992-06-04;45000000;178051587;6.3;433;19.637704;13015.0
4379;Monster-in-Law;2005-05-13;43000000;154749918;5.6;406;10.411996;36797.0
146233;Prisoners;2013-09-18;46000000;122126687;7.9;3085;88.496873;137427.0
2034;Training Day;2001-10-05;45000000;104876233;7.3;1634;52.081131;20907.0
926;Galaxy Quest;1999-12-23;45000000;90683916;6.9;710;30.816341;15002.0
4248;Scary Movie 2;2001-07-04;45000000;141220678;5.4;982;35.376971;35689.0
64328;The Muppets;2011-11-22;45000000;165184237;6.5;501;17.047276;26205.0
36647;Blade;1998-08-21;45000000;131183530;6.5;1905;43.815492;10808.0
7214;Coach Carter;2005-01-14;30000000;76669806;7.3;496;23.234651;52038.0
1537;Changing Lanes;2002-04-07;45000000;94935764;5.9;299;17.270539;7017.0
9360;Anaconda;1997-04-11;45000000;136885767;4.7;610;27.684779;26648.0
6282;Coyote Ugly;2000-07-30;45000000;113916474;5.8;575;26.79781;48980.0
508;Love Actually;2003-09-07;40000000;244931766;7.0;1869;37.073127;7018.0
9487;A Bug's Life;1998-11-25;120000000;363258859;6.8;2303;87.350802;7.0
768;From Hell;2001-10-19;35000000;74558115;6.6;741;26.134678;11447.0
2636;The Specialist;1994-10-07;45000000;170362582;5.5;313;16.582709;26648.0
10478;Tin Cup;1996-08-16;45000000;53854588;5.9;150;10.731574;4037.0
27983;Yours, Mine and Ours;1968-04-24;0;0;6.2;26;2.094151;16745.0
9981;Kicking & Screaming;2005-05-13;45000000;56070433;5.6;176;8.99269;54584.0
7453;The Hitchhiker's Guide to the Galaxy;2005-01-15;50000000;104478416;6.6;1315;51.742065;52842.0
15045;Fat Albert;2004-12-12;0;0;4.3;69;7.157635;54644.0
7737;Resident Evil: Extinction;2007-09-20;45000000;148412065;6.1;1292;12.06538;52968.0
232672;Blended;2014-05-21;40000000;123494610;6.6;1006;44.120328;57370.0
17379;Last Holiday;2006-01-13;45000000;38399961;6.4;119;6.156015;39819.0
8987;The River Wild;1994-09-30;45000000;0;6.1;210;12.362876;323.0
11359;The Indian in the Cupboard;1995-07-14;45000000;0;5.9;134;11.095914;7908.0
82525;Savages;2012-07-06;45000000;82966152;6.2;766;31.856589;1152.0
9759;Cellular;2004-09-06;25000000;56422687;6.1;537;24.459948;4755.0
9486;Johnny English;2003-04-06;40000000;160583018;6.0;852;28.029015;7791.0
9906;The Ant Bully;2006-07-27;50000000;55181129;5.5;366;20.239061;60237.0
841;Dune;1984-12-14;40000000;30925690;6.5;562;25.876582;5602.0
4688;Across the Universe;2007-09-14;0;0;7.1;410;11.872841;16391.0
4148;Revolutionary Road;2008-12-19;35000000;75225693;6.7;796;20.360549;39.0
2207;16 Blocks;2006-03-01;55000000;65664721;6.2;661;32.31022;7187.0
9381;Babylon A.D.;2008-08-20;70000000;72108608;5.4;676;27.568194;2406.0
9625;The Glimmer Man;1996-10-04;45000000;0;4.7;100;6.250282;35155.0
9304;Multiplicity;1996-07-19;45000000;0;5.5;154;11.120344;1524.0
20856;Aliens in the Attic;2009-07-31;45000000;57881056;5.3;244;13.707183;79656.0
5955;The Pledge;2001-01-09;35000000;29400000;6.5;215;12.495436;2228.0
9899;The Producers;2005-12-25;45000000;38058335;6.1;151;6.803965;60129.0
9826;The Phantom;1996-06-06;45000000;17300889;4.7;136;9.025236;18254.0
21355;All the Pretty Horses;2000-12-11;57000000;0;5.8;60;7.524671;879.0
10858;Nixon;1995-12-22;44000000;13681765;7.1;71;3.770161;1152.0
11439;The Ghost Writer;2010-02-12;45000000;60222298;6.7;670;21.118196;3556.0
9457;Deep Rising;1998-01-30;45000000;11203026;6.0;154;6.513856;7775.0
12412;Miracle at St. Anna;2008-09-15;45000000;9323833;6.3;90;11.387408;5281.0
1494;Curse of the Golden Flower;2006-12-21;110;0;6.6;203;9.950505;607.0
13184;Bangkok Dangerous;2008-08-21;45000000;42487390;5.0;332;14.813057;21905.0
2185;Big Trouble;2002-04-05;40000000;8493890;6.3;80;5.201688;5174.0
6639;Love in the Time of Cholera;2007-10-04;45000000;4607608;6.4;81;5.361699;10723.0
38153;Shadow Conspiracy;1997-01-31;45000000;2154540;4.0;11;3.848893;16566.0
58233;Johnny English Reborn;2011-09-15;45000000;160078586;6.0;1007;35.6585;56710.0
116977;Foodfight!;2012-06-15;65000000;73706;2.3;28;5.258726;43518.0
68734;Argo;2012-10-11;44500000;232324128;7.1;3423;62.01056;880.0
5503;The Fugitive;1993-08-06;44000000;368875760;7.2;1220;54.884297;12989.0
27573;The Bounty Hunter;2010-03-16;40000000;136000000;5.5;858;33.747825;17167.0
819;Sleepers;1996-10-18;44000000;165615285;7.3;715;16.245068;8246.0
1369;Rambo: First Blood Part II;1985-05-21;44000000;300400432;6.3;864;38.653969;16566.0
9623;The Juror;1996-02-02;44000000;0;5.5;89;3.937352;18069.0
10895;Pinocchio;1940-02-23;2600000;84300000;6.9;1355;46.007991;11426.0
10935;Heaven's Gate;1980-11-19;44000000;3484331;6.4;55;5.380124;12114.0
834;Underworld: Evolution;2006-01-12;50000000;111340801;6.4;1528;49.020045;3950.0
228066;Victor Frankenstein;2015-11-10;40000000;34227298;5.6;685;24.821138;2291.0
711;Finding Forrester;2000-12-21;43000000;80049764;7.0;302;19.043286;5216.0
10468;28 Days;2000-04-06;43000000;0;6.0;208;5.418921;31024.0
10027;Unleashed;2005-02-02;45000000;50871113;6.6;518;25.999888;18865.0
11812;The Sweetest Thing;2002-04-12;43000000;68696770;5.3;280;18.65632;11873.0
37233;The Firm;1993-06-30;42000000;270248367;6.6;501;23.736535;2226.0
37950;Charlie St. Cloud;2010-05-01;44000000;48190704;6.8;566;21.75433;58552.0
27582;The Mechanic;2011-01-13;40000000;51070807;6.3;1045;44.094856;12786.0
64688;21 Jump Street;2012-03-12;42000000;201585328;6.7;4074;62.714026;107446.0
509;Notting Hill;1999-05-13;42000000;363889678;7.0;1262;28.969151;7017.0
7443;Chicken Run;2000-06-21;45000000;224834564;6.5;1150;31.789029;7314.0
5966;Along Came Polly;2004-01-16;42000000;171963386;5.8;773;33.238296;17871.0
11066;Boomerang;1992-06-30;40000000;70100000;5.4;134;6.420434;68215.0
136795;The Heat;2013-06-27;43000000;158674180;6.5;1575;37.654688;116805.0
8095;Cleopatra;1963-06-12;31115000;71000000;6.7;146;13.244365;10601.0
87826;Here Comes the Boom;2012-10-11;0;73100172;6.0;593;26.799913;57370.0
11560;High Crimes;2002-04-03;42000000;63781810;6.1;184;14.046705;21712.0
25189;The Mirror Has Two Faces;1996-11-15;42000000;0;6.5;47;3.844926;10400.0
2637;The Mothman Prophecies;2002-01-25;32000000;55157539;6.1;305;14.733513;11676.0
18480;Brüno;2009-07-08;42000000;0;5.4;518;16.122168;6767.0
709;Licence to Kill;1989-07-07;32000000;156167015;5.9;541;28.22119;10179.0
49730;Red Riding Hood;2011-03-11;42000000;89162162;5.6;922;45.151657;19850.0
2749;15 Minutes;2001-03-01;60000000;56359980;5.7;191;15.205371;27846.0
9607;Super Mario Bros.;1993-05-28;48000000;20915465;4.0;232;14.587367;58164.0
1830;Lord of War;2005-09-16;42000000;24127895;7.0;1335;34.828241;8685.0
79;Hero;2002-12-19;31000000;177394432;7.2;635;23.607392;607.0
54054;One for the Money;2012-01-26;40000000;36893721;5.3;388;19.438503;114597.0
228967;The Interview;2014-12-25;44000000;12342632;6.1;2304;74.168016;19274.0
46528;The Warrior's Way;2010-12-02;42000000;11087569;6.3;136;7.349497;141169.0
27936;Micmacs;2009-10-28;33000000;14000000;6.8;148;7.663515;2419.0
65;8 Mile;2002-11-08;41000000;215000000;6.8;1626;32.798571;323.0
280391;Why I Did (Not) Eat My Father;2015-04-08;0;0;5.3;125;5.794466;2408.0
9476;A Knight's Tale;2001-05-11;65000000;117487473;6.6;907;36.670399;4723.0
10610;The Medallion;2003-08-15;41000000;0;5.3;281;14.653718;64901.0
745;The Sixth Sense;1999-08-06;40000000;672806292;7.7;3147;73.085576;11614.0
49527;Man on a Ledge;2012-01-13;42000000;46221189;6.2;925;34.041407;72344.0
73937;The Big Year;2011-10-13;41000000;7448385;5.6;248;9.419726;5065.0
1885;The Karate Kid;1984-06-22;8000000;90815558;6.9;891;28.456572;16513.0
168672;American Hustle;2013-12-12;40000000;251171807;6.8;2807;49.664128;17883.0
18240;The Proposal;2009-06-01;40000000;317375031;6.7;1804;36.238968;29214.0
10398;Double Jeopardy;1999-09-24;70000000;177841558;6.2;278;19.439386;5696.0
165;Back to the Future Part II;1989-11-20;40000000;332000000;7.4;3829;43.345252;24.0
240832;Lucy;2014-07-14;40000000;126546825;6.3;5878;115.241998;59.0
216015;Fifty Shades of Grey;2015-02-11;40000000;571006128;5.2;3254;98.755657;1137903.0
12279;Spy Kids 3-D: Game Over;2003-07-25;38000000;197011982;4.7;511;21.998734;2294.0
1645;A Time to Kill;1996-07-24;40000000;152266007;7.0;509;25.219805;5572.0
11007;Cheaper by the Dozen;2003-12-24;40000000;190212113;6.0;699;26.516624;17825.0
193756;Lone Survivor;2013-12-24;40000000;149295601;7.4;1526;37.084384;36602.0
11287;A League of Their Own;1992-07-01;40000000;107458785;6.7;354;21.661028;14911.0
259693;The Conjuring 2;2016-05-13;40000000;320170008;7.0;1949;68.794673;2127.0
37799;The Social Network;2010-09-30;40000000;224920315;7.1;3391;69.27822;7467.0
10184;He's Just Not That Into You;2009-02-06;40000000;177259441;6.2;959;26.253357;29009.0
4257;Scary Movie 4;2006-04-13;45000000;178262620;5.3;750;32.549282;12987.0
4234;Scream 3;2000-02-03;40000000;161834276;5.7;736;24.992057;5140.0
196;Back to the Future Part III;1990-05-25;40000000;244527583;7.1;2900;45.769562;24.0
257091;Get Hard;2015-03-26;40000000;111811453;5.9;944;36.301202;52803.0
6114;Dracula;1992-11-13;40000000;215862692;7.1;1056;45.022964;1776.0
24803;Julie & Julia;2009-08-06;40000000;129540499;6.6;560;22.853006;9248.0
109410;42;2013-04-12;40000000;95020213;6.8;787;31.884559;4723.0
1213;The Talented Mr. Ripley;1999-12-25;40000000;128798265;7.0;767;31.385257;2239.0
100042;Dumb and Dumber To;2014-11-12;40000000;169837010;5.4;1127;67.767785;7395.0
9036;Eight Below;2006-02-17;40000000;120455994;6.7;542;24.287306;664.0
257211;The Intern;2015-09-24;35000000;194564672;7.1;1881;53.114573;17698.0
323675;Ride Along 2;2016-01-14;40000000;124827316;6.1;555;25.136082;20400.0
9361;The Last of the Mohicans;1992-09-25;40000000;75505856;7.1;732;37.776566;638.0
1677;Ray;2004-10-29;40000000;124731534;7.2;467;21.743321;18596.0
187;Sin City;2005-04-01;40000000;158733820;7.2;2691;66.003433;2294.0
7461;Vantage Point;2008-02-01;40000000;151161491;6.2;716;24.862767;43141.0
16538;I Love You, Man;2009-03-20;41000000;91636986;6.5;515;25.391899;17871.0
9889;Shallow Hal;2001-11-01;40000000;141069860;5.7;731;29.854773;7395.0
820;JFK;1991-12-20;40000000;205405498;7.5;502;26.82041;1152.0
11565;Big Momma's House 2;2006-01-26;40000000;138259062;5.4;371;17.61292;61175.0
6073;The Mexican;2001-03-01;57000000;147845033;5.8;441;21.021809;1704.0
16996;17 Again;2009-03-11;20000000;136267476;6.1;1350;52.571674;58552.0
193610;The Other Woman;2014-04-16;40000000;196781193;6.2;1437;34.519636;11151.0
19912;The Final Destination;2009-08-26;40000000;186167139;5.4;831;32.478077;4755.0
296098;Bridge of Spies;2015-10-15;40000000;165478348;7.2;2583;48.445978;488.0
8007;Behind Enemy Lines;2001-11-17;40000000;91753202;6.0;457;24.012986;12028.0
32823;Get Him to the Greek;2010-06-04;40000000;90029656;5.9;612;17.869443;52934.0
4380;Shall We Dance?;2004-10-15;50000000;170128460;5.9;297;14.231899;36804.0
11551;Small Soldiers;1998-07-10;40000000;54682547;6.2;511;23.088571;4600.0
10336;Spawn;1997-07-31;40000000;87840042;5.0;336;19.833664;87130.0
11362;The Count of Monte Cristo;2002-01-23;35000000;75395048;7.3;453;26.595983;8300.0
50348;The Lincoln Lawyer;2011-03-17;40000000;85412898;7.0;902;26.072228;144221.0
48138;Unknown;2011-02-16;30000000;130786397;6.5;1265;38.643914;59521.0
1124;The Prestige;2006-10-19;40000000;109676311;8.0;4391;74.440708;525.0
227159;Horrible Bosses 2;2014-11-26;42000000;107670357;6.1;1536;82.185281;74619.0
68179;Escape from Planet Earth;2013-02-14;40000000;74597643;5.7;332;18.14218;1098477.0
1579;Apocalypto;2006-12-07;40000000;120175290;7.3;1221;41.570047;2461.0
708;The Living Daylights;1987-06-29;40000000;191185897;6.2;440;23.331459;10179.0
34851;Predators;2010-07-03;40000000;126248813;6.0;1206;47.649554;41671.0
9930;Legal Eagles;1986-06-18;0;0;5.8;51;7.519433;8858.0
1586;Secret Window;2004-03-12;40000000;92913171;6.4;972;32.908414;508.0
2044;The Lake House;2006-06-16;40000000;114830111;6.5;670;29.88736;21031.0
9913;The Skeleton Key;2005-07-29;43000000;91974818;6.4;573;29.105407;1978.0
71864;The Odd Life of Timothy Green;2012-08-15;0;51854875;6.5;386;16.394452;3290.0
10761;Made of Honor;2008-05-02;40000000;84601681;6.0;394;19.574774;66548.0
209451;Jersey Boys;2014-06-05;40000000;67347013;6.8;255;14.199933;190.0
11975;The Rainmaker;1997-11-18;40000000;45916769;6.7;235;12.229516;1776.0
4970;Gothika;2003-11-21;40000000;141591324;5.8;629;27.303608;2406.0
11831;Amistad;1997-12-03;36000000;74000000;6.8;316;3.698276;488.0
9096;Medicine Man;1992-02-07;40000000;0;5.8;114;7.021871;1090.0
440;Aliens vs Predator: Requiem;2007-12-25;40000000;41797066;4.9;740;39.381913;6037.0
11011;Ri¢hie Ri¢h;1994-12-19;40000000;0;5.4;415;14.398356;18281.0
10641;Autumn in New York;2000-08-11;65000000;0;5.7;135;8.680334;6720.0
11172;Music and Lyrics;2007-02-09;40000000;145896422;6.2;554;17.659032;18323.0
39513;Paul;2011-02-14;40000000;97552050;6.5;1789;43.151268;54733.0
82687;The Guilt Trip;2012-12-19;40000000;41863726;5.4;284;15.283444;29214.0
41446;Scream 4;2011-04-11;40000000;97138686;6.1;902;35.21926;5140.0
8224;8MM;1999-02-26;40000000;96618699;6.1;474;25.580272;5572.0
10537;The Doors;1991-03-01;38000000;34416893;6.7;275;10.794175;1152.0
225886;Sex Tape;2014-07-17;40000000;126069509;5.3;1695;72.641296;51851.0
10385;Hanging Up;2000-02-16;40000000;36037909;5.0;40;3.415534;3092.0
55779;Final Destination 5;2011-08-12;47000000;157887643;5.9;866;38.555482;93214.0
10154;Mickey Blue Eyes;1999-08-16;0;0;5.3;140;6.786117;64030.0
10647;Pay It Forward;2000-10-12;40000000;55707411;7.0;432;24.313684;51984.0
11431;Fever Pitch;2005-04-06;30000000;50451307;5.9;182;9.965073;7395.0
8457;Drillbit Taylor;2008-03-20;40000000;0;5.5;275;15.055732;32593.0
188161;A Million Ways to Die in the West;2014-05-22;0;0;5.8;1468;32.808675;52139.0
8850;The Shadow;1994-07-01;25000000;48063435;5.4;138;8.178203;52968.0
64685;Extremely Loud & Incredibly Close;2011-12-24;40000000;55247881;6.9;708;31.066874;468.0
38357;Morning Glory;2010-01-12;40000000;58785180;6.1;412;22.491388;7017.0
10060;Get Rich or Die Tryin';2005-11-09;40000000;46442528;6.3;186;12.885985;53334.0
11398;The Art of War;2000-08-23;40000000;30199105;5.6;135;7.832337;25735.0
1833;Rent;2005-11-23;40000000;31670620;6.7;155;10.433667;10965.0
10391;Bless the Child;2000-08-11;40000000;0;4.9;71;3.321949;26713.0
8970;The Out-of-Towners;1999-04-02;75000000;29000000;5.0;45;4.842626;54967.0
9306;The Island of Dr. Moreau;1996-08-23;40000000;49627779;4.6;147;13.210898;13776.0
11370;The Musketeer;2001-09-07;40000000;27053815;5.2;56;3.296933;37710.0
12184;The Other Boleyn Girl;2008-02-28;35000000;0;6.4;477;22.939557;71570.0
1921;Sweet November;2001-02-16;40000000;65754228;6.4;278;19.372805;19969.0
1683;The Reaping;2007-04-05;40000000;62771059;5.4;205;13.445697;2042.0
203;Mean Streets;1973-10-02;500000;3000000;7.2;345;17.002096;1032.0
11858;Renaissance Man;1994-06-03;40000000;24332324;5.9;81;4.516953;14911.0
62835;Colombiana;2011-07-27;40000000;60965854;6.5;824;33.785969;75035.0
18937;Quest for Camelot;1998-05-15;40000000;38172500;6.9;190;16.059443;50582.0
13536;City By The Sea;2002-09-06;40000000;22433915;5.7;92;3.476966;30365.0
15556;At First Sight;1999-01-15;0;0;5.9;48;5.778724;11472.0
10718;Torque;2004-01-16;40000000;46546197;4.7;119;7.360793;66823.0
11062;City Hall;1996-02-16;0;0;6.0;67;3.621837;23213.0
10802;Showgirls;1995-09-22;45000000;20350754;4.9;256;14.513305;10491.0
1887;Marie Antoinette;2006-05-24;40000000;60474340;6.5;642;22.364549;1769.0
6071;Kiss of Death;1995-04-21;40000000;0;5.7;81;6.90894;23393.0
10461;Get Carter;2000-10-06;63600000;19412993;4.8;145;4.494788;56435.0
80278;The Impossible;2012-09-09;42000000;180274123;7.0;2025;47.559928;51894.0
12704;Ishtar;1987-05-15;55000000;14375181;4.2;28;2.410546;58251.0
10315;Fantastic Mr. Fox;2009-10-23;40000000;46471023;7.5;1176;41.258956;5655.0
16643;Life or Something Like It;2002-04-26;40000000;16872671;5.7;124;8.980846;18356.0
2687;Memoirs of an Invisible Man;1992-02-28;40000000;14358033;5.7;125;7.222985;11770.0
194;Amélie;2001-04-25;10000000;173921954;7.8;3310;73.720244;2419.0
11025;New York Minute;2004-05-01;0;0;5.5;185;10.0403;66960.0
8849;Alfie;2004-10-22;60000000;13395939;5.6;248;15.219263;56106.0
78698;Big Miracle;2012-02-02;40000000;24719215;6.6;152;8.303696;29009.0
30943;The Deep End of the Ocean;1999-03-12;38000000;28121100;5.9;54;4.746085;140354.0
9544;FearDotCom;2002-08-09;40000000;18902015;3.2;105;6.756886;57898.0
24418;Cirque du Freak: The Vampire's Assistant;2009-10-23;40000000;28169671;5.5;348;16.424807;3289.0
7288;Duplex;2003-09-26;40000000;19322135;5.9;482;15.590001;518.0
14655;Soul Men;2008-11-07;0;0;6.3;47;5.483671;72024.0
24575;Raise the Titanic;1980-01-01;0;0;5.2;21;1.630541;52094.0
10366;Universal Soldier: The Return;1999-08-05;45000000;10667893;4.2;135;14.566664;18889.0
19898;Pandorum;2009-09-08;33000000;20645327;6.5;774;28.353517;54559.0
4965;Impostor;2001-12-03;40000000;0;6.1;135;9.579975;5501.0
15074;Extreme Ops;2002-11-27;40000000;10959475;5.0;28;2.911819;25735.0
56715;Just Visiting;2001-04-06;0;0;4.8;171;10.844882;64909.0
1272;Sunshine;2007-04-05;50000000;32017803;7.0;1182;51.502884;2034.0
72358;A Thousand Words;2012-03-07;40000000;22044277;6.0;373;13.119133;53177.0
20542;Delgo;2008-12-12;40000000;0;5.4;15;4.238482;86295.0
266396;The Gunman;2015-02-16;40000000;13644292;5.5;392;26.935458;35453.0
9978;Stormbreaker;2006-07-21;40000000;23937870;5.1;213;16.282962;61357.0
8271;Disturbia;2007-04-12;20000000;117760134;6.6;1006;31.690456;40256.0
10428;Hackers;1995-09-14;20000000;7563728;6.2;398;17.842246;1978.0
5353;The Hunting Party;2007-09-03;0;0;6.6;96;8.048305;44740.0
11934;The Hudsucker Proxy;1994-03-11;30000000;0;7.1;275;14.188982;1223.0
14392;The Warlords;2007-12-12;40000000;0;6.3;83;6.884467;56739.0
19495;Nomad: The Warrior;2005-07-17;25000000;0;4.3;17;8.212018;71871.0
110415;Snowpiercer;2013-08-01;39200000;86758912;6.7;2854;64.238688;21684.0
77459;A Monster in Paris;2011-10-12;25000000;0;6.5;313;17.375562;65629.0
26486;The Last Shot;2004-09-24;0;0;5.9;15;6.7698;2689.0
9495;The Crow;1994-05-11;15000000;94000000;7.3;953;44.690107;21085.0
256040;Baahubali: The Beginning;2015-07-10;40000000;100000000;7.5;135;16.254032;147021.0
24420;The Time Traveler's Wife;2009-08-14;39000000;101229792;6.7;798;37.492928;57270.0
1257;Because I Said So;2007-02-02;0;69485490;5.8;191;18.678415;7145.0
62214;Frankenweenie;2012-10-04;39000000;35287788;6.6;932;27.908783;510.0
16320;Serenity;2005-08-25;39000000;38869464;7.4;1264;45.388937;12891.0
8842;Against the Ropes;2004-02-20;39000000;6614280;4.5;32;2.817364;17764.0
9531;Superman III;1983-06-17;39000000;75850624;5.3;490;22.164202;10586.0
64807;Grudge Match;2013-12-25;40000000;44907260;6.0;433;21.362949;13426.0
12289;Red Cliff;2008-07-10;80341000;127814609;7.1;205;14.8375;11401.0
11529;Sweet Home Alabama;2002-09-26;30000000;180622424;6.0;394;18.256028;17167.0
20943;The Ugly Truth;2009-07-24;38000000;205298907;6.4;972;22.332927;36797.0
9099;Sgt. Bilko;1996-03-29;0;0;5.5;94;5.417787;21217.0
9488;Spy Kids 2: The Island of Lost Dreams;2002-08-07;38000000;119723358;5.3;521;24.085144;2294.0
193;Star Trek: Generations;1994-11-17;38000000;120000000;6.4;452;14.779041;2380.0
44865;The Grandmaster;2013-01-08;3860000;64076736;6.3;273;19.947265;12453.0
55787;Water for Elephants;2011-03-15;38000000;114156230;6.7;850;16.801218;10943.0
257932;Dragon Nest: Warriors' Dawn;2014-05-20;40000000;0;6.8;19;5.057695;1496406.0
10400;The Hurricane;1999-09-17;50000000;73956241;7.2;396;20.825781;13563.0
1957;Enough;2002-05-24;38000000;51801187;6.2;264;11.500783;10781.0
10833;Heartbreakers;2001-03-23;35000000;0;5.7;254;13.932203;58178.0
256961;Paul Blart: Mall Cop 2;2015-04-16;38000000;107597242;5.0;567;41.258487;58375.0
5852;Angel Eyes;2001-05-15;53000000;29700000;5.6;88;6.454634;46085.0
12312;Joe Somebody;2001-12-21;38000000;0;5.5;40;5.257009;58072.0
622;The Ninth Gate;1999-08-24;38000000;58401898;6.3;756;30.359164;3556.0
11306;Extreme Measures;1996-09-27;38000000;17380126;5.7;80;3.426555;10781.0
12508;Rock Star;2001-09-04;57000000;16991902;6.0;190;11.60815;18356.0
25793;Precious;2009-11-06;10000000;47536959;6.9;417;18.664624;20019.0
10534;White Squall;1996-02-02;38000000;10300000;6.3;86;10.047579;578.0
1091;The Thing;1982-06-25;15000000;19629760;7.8;1588;52.731379;11770.0
87421;Riddick;2013-09-02;38000000;98337295;6.2;2035;46.630062;28239.0
10871;Switchback;1997-10-31;37000000;6482195;5.8;52;4.131546;7671.0
13503;Texas Rangers;2001-11-30;0;0;5.4;19;5.641978;58712.0
13600;City of Ember;2008-10-07;55000000;17869048;6.2;605;23.465539;57193.0
68722;The Master;2012-09-07;32000000;28258060;7.0;701;25.682509;4762.0
14324;Virgin Territory;2007-12-17;38000000;5410749;4.3;75;6.760922;33317.0
14325;The Express;2008-10-10;40000000;9793496;7.1;71;3.87823;5501.0
299687;The 5th Wave;2016-01-14;38000000;109906372;5.6;1945;57.889964;111588.0
312221;Creed;2015-11-25;37000000;173567581;7.3;1915;57.773583;1056121.0
23168;The Town;2010-09-15;37000000;154026136;7.0;1468;24.218358;880.0
76494;What to Expect When You're Expecting;2012-05-17;40000000;79700000;5.8;594;27.009723;64045.0
4944;Burn After Reading;2008-09-05;37000000;163720069;6.5;1222;31.941347;1223.0
10488;Nim's Island;2008-04-03;37000000;100076342;5.6;330;14.353279;66218.0
96721;Rush;2013-09-02;38000000;90247624;7.7;2277;33.003828;6159.0
334;Magnolia;1999-12-08;37000000;48451803;7.5;825;30.993736;4762.0
23742;Cop Out;2010-02-26;30000000;55583804;5.3;511;25.825771;19303.0
259694;How to Be Single;2016-01-21;38000000;112343513;5.9;1201;46.078371;63820.0
62837;Dolphin Tale;2011-09-23;37000000;95404397;6.7;163;6.63839;1270.0
8966;Twilight;2008-11-20;37000000;392616625;5.8;3561;127.084938;19850.0
8470;John Q;2002-02-15;36000000;102244770;7.0;594;27.465433;11151.0
11001;Blue Streak;1999-09-17;65000000;117758500;6.1;352;16.865782;56911.0
138832;We're the Millers;2013-08-07;37000000;269994119;6.8;2972;100.348805;57633.0
16911;The Inhabited Island;2008-12-18;36500000;21834845;5.3;23;2.785832;80999.0
2163;Breakdown;1997-05-02;36000000;50159144;6.6;198;9.176339;7213.0
36670;Never Say Never Again;1983-10-07;36000000;160000000;5.8;338;23.380757;10930.0
23048;Hot Tub Time Machine;2010-03-26;36000000;64572262;6.0;894;33.926473;3227.0
227735;Dolphin Tale 2;2014-09-12;36000000;52424533;6.7;96;6.967857;1270.0
2155;Reindeer Games;2000-02-25;42000000;32168970;5.4;173;11.470135;13776.0
8409;A Man Apart;2003-04-04;36000000;44350926;5.8;258;19.854932;37932.0
222936;Aloha;2015-05-27;37000000;26250020;5.2;692;29.652536;11649.0
31908;Ghosts of Mississippi;1996-12-20;0;0;6.2;40;8.102925;3026.0
10219;Snow Falling on Cedars;1999-12-22;0;0;6.3;32;2.79483;33433.0
48171;The Rite;2011-01-28;37000000;96047633;5.8;556;11.492474;29605.0
782;Gattaca;1997-09-07;36000000;12532777;7.5;1808;70.398356;8685.0
75531;Isn't She Great;2000-01-28;36000000;3003296;4.6;14;1.068453;41550.0
11802;Space Chimps;2008-07-17;37000000;63800345;5.2;99;6.293217;71267.0
9776;Head of State;2003-01-01;0;0;5.3;71;3.457194;2632.0
18785;The Hangover;2009-06-05;35000000;459270619;7.2;6173;82.21166;57130.0
365222;Ip Man 3;2015-12-19;36000000;156844753;6.5;379;19.167377;63571.0
817;Austin Powers: The Spy Who Shagged Me;1999-06-08;33000000;310940086;6.2;1011;18.316151;6737.0
268;Batman;1989-06-23;35000000;411348924;7.0;2096;44.104469;510.0
45054;There Be Dragons;2011-03-25;0;0;5.9;27;6.668679;8965.0
943;Lethal Weapon 3;1992-05-15;35000000;321731527;6.4;811;36.172182;7187.0
22881;The Blind Side;2009-11-20;29000000;309208309;7.2;1597;25.767395;54040.0
10054;Spy Kids;2001-03-18;35000000;147934180;5.5;867;21.543389;2294.0
51540;Horrible Bosses;2011-07-08;35000000;117000000;6.5;2277;50.309843;71600.0
44264;True Grit;2010-12-22;38000000;252276927;7.2;1668;49.292384;1223.0
350;The Devil Wears Prada;2006-06-30;35000000;326551094;7.0;3088;83.893257;5065.0
152;Star Trek: The Motion Picture;1979-12-06;35000000;139000000;6.2;530;24.616634;1744.0
109431;Identity Thief;2013-02-07;35000000;173965010;5.6;1645;34.005726;71600.0
1598;Cape Fear;1991-11-15;35000000;182300000;7.0;675;27.714043;1032.0
8065;21;2008-03-27;35000000;69823199;6.5;1375;45.149948;36797.0
271718;Trainwreck;2015-07-17;35000000;140795793;5.9;1181;72.774941;41039.0
11638;Guess Who;2005-03-25;35000000;68915888;5.5;225;3.74263;70777.0
409;The English Patient;1996-11-14;27000000;231976425;7.0;542;29.381878;2239.0
2118;L.A. Confidential;1997-09-19;35000000;126216940;7.7;1310;24.860326;323.0
11459;Sky High;2005-07-29;35000000;86369815;5.8;550;11.041659;64151.0
10806;In & Out;1997-09-10;35000000;0;6.3;177;11.897925;7908.0
9348;Species;1995-07-07;35000000;113374103;5.5;453;23.607071;21370.0
377;A Nightmare on Elm Street;1984-11-14;1800000;25504513;7.2;1180;38.204158;5140.0
8843;The Cell;2000-08-17;33000000;104155843;6.0;436;25.413955;56512.0
9313;The Man in the Iron Mask;1998-03-12;0;0;6.3;1018;28.98027;2460.0
39486;Secretariat;2010-08-20;35000000;60251371;6.8;103;9.525037;2460.0
1273;TMNT;2007-03-23;34000000;95608995;6.0;345;18.39217;19499.0
13920;Radio;2003-10-24;32000000;52277485;6.8;141;9.254647;53178.0
50544;Friends with Benefits;2011-07-21;35000000;150483765;6.5;2237;40.526587;82511.0
325133;Neighbors 2: Sorority Rising;2016-05-04;35000000;108758521;5.6;1462;50.179171;52934.0
140823;Saving Mr. Banks;2013-11-16;35000000;112544580;7.3;1226;31.957947;54040.0
1883;Malcolm X;1992-11-18;34000000;48169908;7.2;370;19.822791;5281.0
89492;This Is 40;2012-12-20;35000000;88058786;5.6;896;38.429648;41039.0
22949;Old Dogs;2009-11-24;35000000;92219310;5.2;210;13.707843;68573.0
12437;Underworld: Rise of the Lycans;2009-01-22;35000000;91353501;6.2;1428;51.927471;3964.0
2959;License to Wed;2007-07-04;35000000;69307224;5.2;253;14.503568;29009.0
9957;The Benchwarmers;2006-04-07;0;0;5.2;242;6.74556;17494.0
11648;Must Love Dogs;2005-07-21;30000000;58405313;5.8;140;11.120167;70738.0
9366;Donnie Brasco;1997-02-27;35000000;41954997;7.4;1147;40.370442;10723.0
1576;Resident Evil;2002-03-15;33000000;102984862;6.4;2065;40.715623;4014.0
609;Poltergeist;1982-06-04;10700000;122200000;7.0;794;36.230204;10051.0
5516;The Ladykillers;2004-03-25;0;0;6.0;415;23.666229;1223.0
13051;Max Payne;2008-10-15;35000000;85416905;5.2;613;25.903237;12028.0
49530;In Time;2011-10-27;40000000;173930596;6.7;3417;60.231382;8685.0
34806;The Back-Up Plan;2010-04-23;35000000;77477008;5.7;458;18.38292;113225.0
49022;Something Borrowed;2011-05-05;35000000;59901913;5.9;296;14.029012;65734.0
11469;Black Knight;2001-11-21;0;0;5.1;287;15.913783;40243.0
23479;The Bad News Bears;1976-04-07;35000000;35323292;6.9;97;6.889633;12964.0
11667;Street Fighter;1994-12-22;35000000;99423521;4.1;325;19.286099;1726.0
423;The Pianist;2002-09-24;35000000;120072577;8.0;1864;50.587541;3556.0
2447;The Nativity Story;2006-12-01;35000000;0;6.4;35;3.721272;19850.0
10066;House of Wax;2005-04-30;40000000;68766121;5.5;677;17.157738;59521.0
2288;Closer;2004-12-01;27000000;115505027;6.7;811;22.636908;5342.0
88794;J. Edgar;2011-11-09;35000000;84606030;6.0;741;28.069419;190.0
13515;Mirrors;2008-08-15;35000000;72436439;6.0;485;19.774543;59291.0
11979;Queen of the Damned;2002-02-10;35000000;45479110;5.4;239;11.644243;28741.0
169;Predator 2;1990-11-20;35000000;57120318;5.9;730;27.934978;2042.0
8090;Untraceable;2008-01-22;35000000;32483410;5.9;238;12.677505;17812.0
11622;Blast from the Past;1999-02-12;35000000;40263020;6.3;245;8.737058;28904.0
3604;Flash Gordon;1980-09-01;35000000;27107960;6.1;233;12.343507;17281.0
9541;Jersey Girl;2004-03-25;35000000;36098382;5.8;325;14.699342;19303.0
94348;Alex Cross;2012-10-18;45000000;30353232;5.1;300;14.513243;18878.0
8197;Midnight in the Garden of Good and Evil;1997-11-21;35000000;25105255;6.3;157;5.525544;190.0
336004;Heist;2015-11-13;8900000;4100000;5.6;318;15.079993;90812.0
35019;Nanny McPhee and the Big Bang;2010-03-26;35000000;93246388;6.0;436;23.835055;113600.0
10410;Hoffa;1992-12-25;35000000;0;6.1;81;5.926966;518.0
8836;The X Files: I Want to Believe;2008-07-24;30000000;68369434;5.5;523;25.454549;12524.0
14442;Ella Enchanted;2004-04-09;31000000;27388767;5.9;437;22.71592;62514.0
321741;Concussion;2015-11-12;35000000;50363790;7.0;823;35.120736;1192754.0
59965;Abduction;2011-09-22;35000000;82087155;5.6;961;19.893646;6482.0
14175;Valiant;2005-03-25;35000000;19478106;5.2;235;14.051852;80691.0
11004;Wonder Boys;2000-02-22;35000000;0;6.9;161;9.011729;323.0
11918;Superhero Movie;2008-03-27;35000000;25871834;4.9;379;19.088655;35796.0
98357;Broken City;2013-01-18;56000000;19701164;5.7;593;29.490057;11448.0
10012;Cursed;2005-02-25;35000000;19294901;5.1;167;11.195593;5140.0
49526;Premium Rush;2012-08-24;35000000;31083599;6.2;832;17.709888;508.0
268920;Hot Pursuit;2015-05-08;35000000;51680201;5.4;647;18.262017;29214.0
9093;The Four Feathers;2002-09-08;35000000;29882645;6.5;159;10.10364;37630.0
119283;Parker;2013-01-23;35000000;46216641;5.7;1455;28.670477;18596.0
11823;Wimbledon;2004-09-13;31000000;41512007;6.0;293;16.736734;33315.0
35169;Furry Vengeance;2010-04-02;35000000;39340177;4.6;149;13.668633;11873.0
118957;Bait;2012-09-05;30000000;0;5.3;191;9.780588;64163.0
849;Krull;1983-07-29;27000000;16519460;5.8;129;9.904881;12804.0
4515;Lions for Lambs;2007-10-22;35000000;63215872;6.0;216;9.789027;4135.0
18886;Flight of the Intruder;1991-01-18;35000000;0;5.7;31;6.81729;8328.0
6575;Walk Hard: The Dewey Cox Story;2007-12-21;35000000;18317151;6.6;212;10.73522;51851.0
6440;The Shipping News;2001-12-18;0;0;6.4;108;11.1399;5306.0
13496;American Outlaws;2001-08-17;35000000;13678913;5.7;55;6.727949;56911.0
18320;The Young Victoria;2009-03-04;35000000;27409889;7.0;322;16.343317;69371.0
22787;Whiteout;2009-09-09;40000000;12206028;5.3;220;14.818718;58498.0
8967;The Tree of Life;2011-05-18;32000000;54674226;6.5;987;43.862456;30715.0
37498;Knock Off;1998-09-04;33000000;0;4.7;64;2.706207;26760.0
144336;Sabotage;2014-03-28;35000000;17508518;5.5;555;27.903999;19769.0
9616;The Order;2003-09-05;35000000;11560806;4.8;91;3.746806;4723.0
13056;Punisher: War Zone;2008-12-05;20500000;10089373;5.6;294;17.112498;56359.0
14113;Zoom;2006-08-11;35000000;12506188;4.9;135;10.304172;18357.0
285783;The Walk;2015-09-30;35000000;61181942;6.9;1121;37.335721;24.0
49478;Warriors of Virtue;1997-05-02;0;0;4.7;9;0.912395;17268.0
9726;A Good Year;2006-09-09;35000000;42064105;6.5;357;16.782471;578.0
20763;Radio Flyer;1992-02-21;35000000;4651977;6.6;53;3.503408;7187.0
9702;Bound by Honor;1993-02-05;35000000;0;7.7;115;9.122828;18596.0
9311;Smilla's Sense of Snow;1997-02-13;35000000;0;6.6;60;5.419181;19684.0
9280;Femme Fatale;2002-11-06;35000000;16838910;6.2;142;9.07278;1150.0
26843;Lion of the Desert;1981-04-17;35000000;0;7.4;34;2.864979;66203.0
11876;The Horseman on the Roof;1995-09-20;35000000;15000000;6.7;25;2.877488;25950.0
22267;Ride with the Devil;1999-11-24;38000000;635096;6.6;49;5.516207;1614.0
45958;Biutiful;2010-10-20;0;25147786;7.0;291;13.930763;223.0
1969;Bandidas;2006-01-18;35000000;10496317;5.8;307;20.27704;20307.0
310706;Black Water Transit;2009-05-13;0;0;0.0;0;0.126738;814.0
198663;The Maze Runner;2014-09-10;34000000;348319861;7.0;5371;131.815575;1179066.0
239573;Unfinished Business;2015-03-05;35000000;14431253;5.0;320;16.832312;1375201.0
10436;The Age of Innocence;1993-09-17;34000000;32255440;7.0;169;9.133747;1032.0
1381;The Fountain;2006-09-06;35000000;15304890;6.8;827;24.606012;6431.0
2162;Chill Factor;1999-09-01;70000000;11263966;5.3;29;3.276912;22100.0
127493;Stolen;2012-05-17;35000000;2106557;5.1;344;16.830184;12786.0
12429;Ponyo;2008-07-19;41677699;187479518;7.5;926;39.58676;608.0
228205;The Longest Ride;2015-04-09;34000000;63013281;7.3;1064;41.946523;66121.0
2900;The Astronaut's Wife;1999-08-26;75000000;19598588;5.4;254;20.697556;29524.0
21311;I Dreamed of Africa;2000-05-05;34000000;0;5.3;18;1.656695;58220.0
77875;Playing for Keeps;2012-11-29;35000000;0;5.4;240;17.932561;20646.0
192136;Mandela: Long Walk to Freedom;2013-12-06;35000000;27330000;6.5;224;15.50957;71570.0
18254;Reds;1981-12-25;32000000;40382659;7.1;67;4.602185;6449.0
881;A Few Good Men;1992-12-11;40000000;243240178;7.1;877;40.379966;3026.0
10877;Exit Wounds;2001-03-13;50000000;79958599;5.3;110;12.601306;10765.0
9600;Big Momma's House;2000-05-31;30000000;173959438;5.6;506;24.389194;1215.0
202575;Thunder and the House of Magic;2013-12-24;34000000;0;6.3;121;12.867326;76100.0
71469;The Darkest Hour;2011-12-22;30000000;64626786;4.8;469;23.328823;10855.0
85446;Step Up Revolution;2012-07-26;33000000;140470746;6.7;663;29.775441;932088.0
326;Snakes on a Plane;2006-08-06;33000000;62022014;5.1;497;19.642328;4755.0
10685;The Watcher;2000-09-08;33000000;0;4.9;110;7.339908;66604.0
7220;The Punisher;2004-04-15;33000000;54700105;6.1;766;35.099611;876.0
9763;Goal!: The Dream Begins;2005-06-06;30000000;27610873;6.6;238;16.541791;33279.0
72387;Safe;2012-04-16;30000000;40346186;6.3;799;31.92695;52358.0
12596;Pushing Tin;1999-04-23;33000000;0;5.7;116;9.060642;10723.0
1892;Return of the Jedi;1983-05-23;32350000;572700000;7.9;4665;46.509071;19800.0
13460;Doomsday;2008-03-14;30000000;22211426;5.8;363;21.538222;57581.0
8055;The Reader;2008-12-10;32000000;113019290;7.2;813;33.923786;468.0
50647;Wanderlust;2012-02-23;35000000;24159934;5.3;394;20.908494;22214.0
10719;Elf;2003-10-09;32000000;173398518;6.4;987;16.901954;15277.0
9294;Phenomenon;1996-07-05;32000000;152036382;6.2;323;15.039407;12962.0
11888;Snow Dogs;2002-01-18;33000000;0;5.3;185;13.655735;13581.0
9647;Scrooged;1988-11-22;0;60328000;6.7;390;21.620317;7187.0
9353;Nacho Libre;2006-06-16;32000000;80197993;5.6;359;14.642055;53925.0
55721;Bridesmaids;2011-04-28;32500000;288383523;6.5;1661;17.107065;116805.0
109414;This Is the End;2013-06-12;32000000;126041322;6.3;2359;38.21708;19274.0
10307;Stigmata;1999-09-10;29000000;50041732;6.0;242;14.993169;11809.0
11978;Men of Honor;2000-09-13;32000000;48814909;7.0;544;24.147269;66121.0
22907;Takers;2010-08-26;32000000;69055695;6.0;394;18.47242;97026.0
87567;The Big Wedding;2013-04-25;35000000;21819348;5.7;414;18.84332;52599.0
38322;Big Mommas: Like Father, Like Son;2011-02-16;32000000;83615414;5.3;313;15.901137;61175.0
45612;Source Code;2011-03-30;32000000;147332697;7.1;2699;59.19888;81850.0
7305;Alive;1993-01-15;32000000;36733909;6.7;374;14.48851;664.0
3594;The Number 23;2007-02-23;30000000;77566815;6.3;1018;23.197408;5572.0
157841;The Young and Prodigious T.S. Spivet;2013-10-16;33000000;9494789;6.7;232;10.651202;2419.0
11519;1941;1979-12-13;35000000;31755742;5.6;143;10.032626;488.0
12920;Dreamer: Inspired By a True Story;2005-09-10;0;0;6.3;67;6.048743;53176.0
59;A History of Violence;2005-09-23;32000000;60740827;6.9;832;34.628738;224.0
9335;Transporter 2;2005-08-02;32000000;85167639;6.2;1061;47.5612;18865.0
12106;The Quick and the Dead;1995-02-09;32000000;18552460;6.3;427;16.473355;7623.0
11141;Laws of Attraction;2004-04-04;28000000;30016165;5.6;104;6.201404;7791.0
8649;Bringing Out the Dead;1999-10-22;32000000;0;6.6;225;15.560918;1032.0
31867;Repo Men;2010-03-18;32000000;18409891;6.2;620;25.799697;114404.0
10253;Dragon Wars: D-War;2007-02-08;70000000;53587404;4.0;104;4.822033;64331.0
3587;Bogus;1996-09-06;32000000;0;5.4;44;3.379454;13563.0
124459;The Incredible Burt Wonderstone;2013-03-14;30000000;27437881;5.3;724;26.9385;93419.0
24662;Cats Don't Dance;1997-03-26;32000000;3566637;7.1;24;4.098444;61411.0
32274;Cradle Will Rock;1999-12-10;0;0;7.2;18;4.901553;504.0
182;The Good German;2006-12-08;32000000;5914908;5.9;86;5.347936;1884.0
5494;George and the Dragon;2004-03-28;32000000;0;5.0;13;4.120549;43673.0
28;Apocalypse Now;1979-08-15;31500000;89460381;8.0;2055;49.973462;1776.0
38073;Going the Distance;2010-09-01;32000000;42045846;6.0;262;13.611544;96439.0
2054;Mr. Holland's Opus;1995-12-29;0;106269971;6.9;113;6.775294;18356.0
302156;Criminal;2016-04-14;31500000;14708696;5.7;557;27.891012;81476.0
606;Out of Africa;1985-12-20;31000000;128499205;7.0;279;13.864975;2226.0
87502;Flight;2012-11-02;31000000;161772375;6.5;2415;42.213765;24.0
698;Moonraker;1979-06-26;34000000;210308099;5.9;541;29.887404;10076.0
120467;The Grand Budapest Hotel;2014-02-26;30000000;174600318;8.0;4519;74.417456;5655.0
11313;Hearts in Atlantis;2001-09-07;31000000;24185781;6.4;131;7.06762;33433.0
6488;Arachnophobia;1990-08-09;31000000;53208180;6.2;433;15.895661;664.0
10559;Frequency;2000-04-28;31000000;68106245;7.0;462;19.258041;17812.0
296099;Vacation;2015-07-28;31000000;104384188;6.2;1195;47.753598;52935.0
8012;Get Shorty;1995-10-20;30250000;115101622;6.4;302;15.585138;5174.0
1574;Chicago;2002-12-26;45000000;306776732;6.9;677;32.217425;17633.0
9032;Big Daddy;1999-06-25;34200000;234801895;6.1;875;34.86859;17494.0
2770;American Pie 2;2001-08-10;30000000;287553595;6.0;1344;36.432598;7409.0
862;Toy Story;1995-10-30;30000000;373554033;7.7;5269;73.640445;7879.0
1637;Speed;1994-06-09;30000000;350448145;6.8;1783;49.526736;2209.0
72570;The Vow;2012-02-05;30000000;196114570;7.0;1293;26.780961;566328.0
27569;Extraordinary Measures;2010-01-21;31000000;15134293;6.0;89;6.487344;56717.0
10637;Remember the Titans;2000-09-29;30000000;136706683;7.4;821;25.996219;52358.0
1669;The Hunt for Red October;1990-03-02;30000000;199200000;7.2;957;46.212155;1090.0
132363;The Butler;2013-08-16;25000000;115922175;7.2;1101;32.105328;20019.0
9472;DodgeBall: A True Underdog Story;2004-06-18;20000000;167722310;6.2;981;41.156217;57633.0
2907;The Addams Family;1991-11-22;30000000;191502426;6.7;848;37.179547;5174.0
9273;Ace Ventura: When Nature Calls;1995-11-10;30000000;212385533;6.1;1099;34.391792;4489.0
9880;The Princess Diaries;2001-08-03;37000000;165335153;6.5;1023;40.176265;1201.0
2925;The First Wives Club;1996-09-20;26000000;116400000;6.5;166;10.704596;28904.0
807;Se7en;1995-09-22;33000000;327311859;8.1;5765;79.579532;7467.0
17654;District 9;2009-08-05;30000000;210819611;7.3;3382;63.13678;82194.0
11836;The SpongeBob SquarePants Movie;2004-11-14;30000000;140161792;6.7;574;27.870755;70651.0
322;Mystic River;2003-10-07;25000000;156822020;7.6;1422;31.242999;190.0
70;Million Dollar Baby;2004-12-15;30000000;216763646;7.7;2439;70.456012;190.0
9535;Analyze This;1999-03-05;80000000;176885658;6.4;503;29.415229;1524.0
11036;The Notebook;2004-06-25;29000000;115603229;7.7;3067;55.109138;11151.0
6557;27 Dresses;2008-01-10;30000000;160259319;6.1;978;30.695228;29214.0
18126;Hannah Montana: The Movie;2009-04-10;35000000;155545279;6.0;449;13.788422;36804.0
16340;Rugrats in Paris: The Movie;2000-09-14;30;103;6.0;100;4.590277;80540.0
10333;The Prince of Tides;1991-12-25;30000000;74787599;5.9;56;3.845231;10400.0
4476;Legends of the Fall;1994-12-16;30000000;160638883;7.2;619;26.952727;9181.0
22947;Up in the Air;2009-09-05;25000000;163670000;6.7;1205;33.704181;52443.0
2755;About Schmidt;2002-12-13;30000000;105834556;6.7;362;19.925026;13235.0
82654;Warm Bodies;2013-01-31;35000000;116980662;6.4;2652;43.742241;56661.0
59967;Looper;2012-09-26;30000000;47042000;6.6;4697;46.377628;67367.0
16300;Down to Earth;2001-02-16;0;0;4.9;95;9.166658;3288.0
9598;Babe;1995-07-18;30000000;254134910;6.0;733;34.36645;58137.0
82696;Hope Springs;2012-08-07;30000000;114281051;5.8;284;12.967137;5065.0
9870;Forgetting Sarah Marshall;2008-04-17;30000000;105173115;6.4;1172;50.670253;52934.0
8292;Four Brothers;2005-08-11;45000000;92374674;6.7;607;24.694551;6482.0
8780;Baby Mama;2008-04-23;30000000;63833449;5.8;205;11.409124;14172.0
9715;Hope Floats;1998-05-29;0;0;5.8;81;7.922716;2178.0
10521;Bride Wars;2009-01-09;30000000;114663461;5.9;856;33.385429;17046.0
10762;Without a Paddle;2004-08-20;19000000;69631118;5.3;214;8.584398;32593.0
10096;13 Going on 30;2004-04-13;37000000;96455697;6.3;1204;41.569541;17046.0
59436;Midnight in Paris;2011-05-11;30000000;151119219;7.4;1990;43.753585;1243.0
227783;The Nut Job;2014-01-17;0;0;5.5;319;18.568021;1262197.0
4133;Blow;2001-04-04;53000000;83282296;7.4;1317;28.350529;34849.0
10207;Message in a Bottle;1999-02-22;80000000;118880016;5.8;196;10.81051;46085.0
172;Star Trek V: The Final Frontier;1989-06-09;30000000;70200000;5.6;376;19.578249;1748.0
21972;Like Mike;2002-07-03;30000000;0;5.7;100;5.73667;79656.0
36593;The Naked Gun 33⅓: The Final Insult;1994-03-18;30000000;51132598;6.3;521;28.624038;13426.0
707;A View to a Kill;1985-05-24;30000000;152427960;6.0;506;27.230493;10179.0
533;The Curse of the Were-Rabbit;2005-09-04;30000000;192452832;6.8;643;30.380747;7314.0
6023;P.S. I Love You;2007-11-15;30000000;156835339;6.9;977;29.489274;2163.0
6439;Racing Stripes;2005-01-06;30000000;93772522;5.1;123;8.058109;50582.0
4347;Atonement;2007-08-29;30000000;129266061;7.4;1049;33.369305;36588.0
37056;Letters to Juliet;2010-05-14;30000000;0;6.6;796;16.52083;17046.0
4105;Black Rain;1989-09-22;30000000;45892212;6.2;243;11.19602;578.0
76489;The Three Stooges;2012-04-13;30000000;54819301;4.9;140;14.585968;7395.0
3933;Corpse Bride;2005-09-09;40000000;117195061;7.2;1894;43.571612;510.0
9918;Glory Road;2006-01-13;0;42647449;7.2;144;8.305085;60496.0
273481;Sicario;2015-09-17;30000000;84025816;7.2;2416;55.424027;137427.0
307081;Southpaw;2015-06-15;30000000;91709827;7.3;2067;65.364452;20907.0
16871;Drag Me to Hell;2009-03-15;30000000;90810892;6.2;966;45.083509;7623.0
293863;The Age of Adaline;2015-04-16;25000000;65663276;7.4;1990;82.052056;109745.0
13156;Secondhand Lions;2003-09-19;0;0;6.9;260;15.011624;77919.0
41233;Step Up 3D;2010-08-04;30000000;159291809;6.6;582;25.060342;54507.0
9266;Blue Crush;2002-08-08;25000000;51842679;5.6;159;11.42943;57082.0
1262;Stranger Than Fiction;2006-09-09;30000000;53653224;7.1;721;32.26789;12995.0
4513;30 Days of Night;2007-10-17;30000000;75505973;6.2;767;33.394082;27571.0
22970;The Cabin in the Woods;2012-04-12;30000000;66486080;6.5;2263;73.987775;47506.0
7278;Meet the Spartans;2008-01-24;30000000;84646831;3.7;359;10.608998;35694.0
9013;Midnight Run;1988-07-20;30000000;38413606;7.2;238;12.821329;769.0
865;The Running Man;1987-11-13;27000000;38122105;6.4;703;30.131498;12988.0
10776;Little Shop of Horrors;1986-12-19;25000000;38748395;6.6;384;12.113235;7908.0
50456;Hanna;2011-04-07;30000000;63782078;6.5;1263;31.191975;36588.0
9823;Mortal Kombat: Annihilation;1997-11-21;30000000;51376861;3.8;221;11.916389;26714.0
59861;Larry Crowne;2011-06-30;30000000;36160375;5.7;359;20.355458;31.0
133805;Carrie;2013-10-16;30000000;82394288;5.8;1463;63.848541;2836.0
12763;Take the Lead;2006-03-17;30000000;34742066;6.6;162;8.999675;60024.0
9766;Gridiron Gang;2006-09-15;30000000;41480851;6.5;206;9.278361;18500.0
14034;What's the Worst That Could Happen?;2001-05-31;45000000;0;5.1;66;7.185212;54967.0
12244;9;2009-08-19;30000000;48428063;6.6;1262;55.806402;71923.0
109421;Side Effects;2013-02-07;30000000;63372757;6.4;1323;48.237797;1884.0
11137;The Prince & Me;2004-03-28;0;0;5.9;278;17.943945;63713.0
51162;Winnie the Pooh;2011-04-13;30000000;14460000;6.8;258;19.143721;227438.0
10152;Dumb and Dumberer: When Harry Met Lloyd;2003-06-13;19000000;39267515;4.1;210;15.67747;58868.0
9452;Bulworth;1998-05-15;30000000;29202884;6.3;66;4.52363;6449.0
239566;Get on Up;2014-08-01;0;31911598;6.4;158;13.064264;55789.0
53113;One True Thing;1998-09-18;0;0;6.2;27;2.644427;21712.0
9271;Virtuosity;1995-08-04;30000000;24048000;5.4;163;5.301589;57090.0
4474;My Super Ex-Girlfriend;2006-06-20;0;60896147;4.8;442;20.252143;8858.0
184346;Deliver Us from Evil;2014-07-01;30000000;0;5.9;690;29.359201;55499.0
48340;Sanctum;2011-02-03;30000000;108609310;5.8;339;20.063165;59126.0
14846;Little Black Book;2004-08-06;35000000;22034832;5.2;112;6.246199;42274.0
72207;The Five-Year Engagement;2012-04-27;30000000;53909751;5.7;457;27.71063;52934.0
16232;Mr. 3000;2004-06-15;30000000;21800302;5.0;66;2.850896;80215.0
43539;The Next Three Days;2010-11-18;30000000;51148651;6.9;905;34.421696;455.0
9920;Ultraviolet;2006-03-03;30000000;31070211;4.8;458;15.89534;13927.0
8978;Assault on Precinct 13;2005-01-19;30000000;35294470;6.0;311;18.706504;58324.0
11702;The Replacement Killers;1998-02-06;30000000;19204929;6.0;127;9.607391;20907.0
18550;Fled;1996-07-19;25000000;17193231;5.2;47;2.77255;40230.0
8869;Eight Legged Freaks;2002-07-17;0;0;5.4;295;17.834976;56150.0
43347;Love & Other Drugs;2010-11-22;30000000;102820008;6.6;1233;20.236951;9181.0
3489;88 Minutes;2007-02-14;30000000;16930884;5.7;313;16.883429;18250.0
9701;North Country;2005-02-12;35000000;25224242;6.8;125;12.779201;15287.0
2122;The Whole Ten Yards;2004-04-07;40000000;26155781;5.5;278;14.729386;26502.0
37707;Splice;2009-10-06;26000000;0;5.5;671;23.227877;5877.0
10658;Howard the Duck;1986-08-01;37000000;37962774;5.1;221;11.374306;686.0
13150;Pride and Glory;2008-09-09;30000000;31148328;6.3;240;10.703602;77003.0
9042;The Cave;2005-08-25;30000000;15007991;5.1;202;10.756266;44179.0
17813;Alex & Emma;2003-06-16;30000000;15368897;5.0;68;4.352422;3026.0
11208;Wicker Park;2004-09-03;30000000;13001257;6.7;157;9.301562;2291.0
58151;Fright Night;2011-08-18;17000000;24922237;6.0;603;18.27083;50767.0
11400;The New World;2005-12-25;30000000;30536013;6.4;330;19.106154;30715.0
10350;Wing Commander;1999-03-11;30000000;0;4.0;72;5.259585;20305.0
28902;In Dreams;1999-01-15;0;0;5.4;44;3.226243;17016.0
14164;Dragonball Evolution;2009-04-01;100000000;0;2.9;462;21.677732;57134.0
76640;The Last Stand;2013-01-12;30000000;0;5.7;1266;43.882857;543568.0
11058;Godsend;2004-04-30;25000000;30114487;4.7;114;12.10235;6361.0
14844;Chasing Liberty;2004-01-09;23000000;12;6.1;152;3.362045;80307.0
57089;Hoodwinked Too! Hood VS. Evil;2011-04-29;30000000;13521829;4.8;131;10.694417;108952.0
1947;An Unfinished Life;2005-09-09;30000000;18618284;6.7;161;6.353971;5306.0
8054;The Imaginarium of Doctor Parnassus;2009-10-01;30000000;64352607;6.3;869;37.181019;280.0
46829;Barney's Version;2010-10-26;30000000;8454301;7.2;129;4.952735;137475.0
146238;Runner Runner;2013-09-24;30000000;62616646;5.5;543;22.975918;144221.0
9989;Antitrust;2001-01-12;30000000;18195610;5.8;153;8.359599;7791.0
9665;Glory;1989-12-15;18000000;26828365;7.4;383;16.102271;9181.0
311;Once Upon a Time in America;1984-02-16;30000000;0;8.2;1069;49.336397;4385.0
102362;Dead Man Down;2013-03-08;0;18074539;5.9;638;29.647844;19346.0
11162;The Merchant of Venice;2004-09-03;0;0;6.7;144;12.467267;28898.0
6016;The Good Thief;2003-04-03;0;0;6.0;31;2.774811;17016.0
17186;Supercross;2005-08-16;0;3102550;5.4;29;3.71305;72258.0
13967;Miss Potter;2006-12-03;30000000;35078241;6.3;141;8.386432;58137.0
2008;The Promise;2005-12-15;0;0;5.0;29;3.866026;20640.0
9053;DOA: Dead or Alive;2006-09-07;21000000;480314;5.0;205;12.790408;35452.0
4512;The Assassination of Jesse James by the Coward Robert Ford;2007-09-02;30000000;14711793;7.0;776;35.53352;37618.0
76349;1911;2011-07-03;30000000;108348;5.0;41;4.065212;18897.0
31203;Little Nicholas;2009-09-30;0;0;5.9;306;20.362025;64575.0
265208;Wild Card;2015-01-14;30000000;0;5.4;656;48.0343;12786.0
45610;Machine Gun Preacher;2011-09-23;30000000;2527904;6.4;286;13.268936;12995.0
50135;Animals United;2010-10-07;0;0;5.5;90;8.010046;57035.0
1874;Goodbye Bafana;2007-02-11;30000000;0;7.0;38;12.257654;19684.0
271331;United Passions;2014-06-19;27000000;0;3.0;16;6.036684;21126.0
215211;Grace of Monaco;2014-05-14;30000000;0;5.8;195;10.958697;16919.0
367961;Savva. Heart of the Warrior;2015-11-12;30000000;0;6.4;7;2.625594;1565981.0
10955;Ripley's Game;2002-09-02;30000000;0;6.6;69;2.981047;67750.0
223702;Sausage Party;2016-07-11;19000000;140752617;5.6;2238;66.242737;12080.0
254470;Pitch Perfect 2;2015-05-07;29000000;287506194;6.8;1940;71.496894;9281.0
69;Walk the Line;2005-09-13;28000000;186438883;7.3;718;35.580032;366.0
4967;Keeping the Faith;2000-04-14;30000000;37036004;5.9;159;8.085872;819.0
9449;The Borrowers;1997-12-05;29000000;0;5.8;135;10.364582;18357.0
11499;Frost/Nixon;2008-10-15;0;0;7.2;328;16.87784;6159.0
4912;Confessions of a Dangerous Mind;2002-12-30;30000000;33013805;6.6;275;18.165957;1461.0
12771;Serving Sara;2002-08-20;29000000;16930185;5.0;85;8.93941;68215.0
323676;The Boss;2016-04-07;29000000;78636257;5.5;431;20.55509;170820.0
12506;Cry Freedom;1987-11-05;0;0;6.9;51;3.735723;4786.0
24071;Mumford;1999-09-24;0;0;6.3;26;4.310168;8844.0
11249;Seed of Chucky;2004-11-11;12000000;24829644;4.9;287;12.653831;65677.0
9667;The Jacket;2005-03-04;29000000;21126225;6.8;455;24.240361;40307.0
812;Aladdin;1992-11-25;28000000;504050219;7.4;3416;92.982009;15810.0
277216;Straight Outta Compton;2015-08-13;28000000;201634991;7.7;1355;61.76233;37932.0
87;Indiana Jones and the Temple of Doom;1984-05-23;28000000;333000000;7.1;2781;66.976776;488.0
14444;The Rugrats Movie;1998-11-20;30000000;100491683;5.7;147;7.981116;86439.0
2043;Along Came a Spider;2001-04-06;60000000;105178561;6.1;400;21.252797;7256.0
315664;Florence Foster Jenkins;2016-05-06;29000000;48902953;6.6;392;19.237254;3224.0
1428;Once Upon a Time in Mexico;2003-09-11;29000000;98185582;6.2;594;27.555646;2294.0
562;Die Hard;1988-07-15;28000000;140767956;7.5;3948;66.169628;1090.0
15373;Role Models;2008-02-03;28000000;92380927;6.4;564;24.917665;22214.0
318846;The Big Short;2015-12-11;28000000;133346506;7.3;2607;57.518472;55710.0
26320;Taking Woodstock;2009-09-03;0;0;6.2;127;11.870161;1614.0
14292;Miracle;2004-02-06;28000000;64445708;7.0;159;7.534003;77003.0
924;Dawn of the Dead;2004-03-19;28000000;102356381;6.8;1016;44.529429;15217.0
2018;The Wedding Planner;2001-01-26;35000000;94728529;5.5;427;14.949395;20739.0
192577;Space Pirate Captain Harlock;2013-09-07;30000000;17137302;6.5;356;14.726338;70100.0
9428;The Royal Tenenbaums;2001-10-05;21000000;71441250;7.4;1286;24.13081;5655.0
2832;Identity;2003-04-25;30000000;90259536;7.1;1061;45.915165;366.0
137093;Last Vegas;2013-10-31;28000000;134402450;6.4;799;28.043508;12962.0
699;For Your Eyes Only;1981-06-23;28000000;195312802;6.3;490;26.090746;10179.0
9778;Serendipity;2001-10-05;28000000;77516304;6.6;521;14.530803;36804.0
8831;Timecop;1994-09-15;27000000;101646581;5.5;282;13.308127;37710.0
9398;Zoolander;2001-09-28;28000000;60780981;6.1;1337;38.0958;7399.0
112949;Safe Haven;2013-02-07;28000000;97594140;6.9;823;37.729059;5306.0
10439;Hocus Pocus;1993-07-16;28000000;39514713;6.4;471;18.650748;65310.0
3638;No Reservations;2007-07-25;28000000;92601050;6.1;327;15.794946;33433.0
23483;Kick-Ass;2010-03-22;28000000;96188903;7.1;4645;45.054936;957.0
62206;30 Minutes or Less;2011-08-11;28000000;40547440;5.6;531;25.039383;91268.0
10577;Dracula 2000;2000-12-22;28000000;33000337;4.6;148;6.756771;27226.0
218778;Alexander and the Terrible, Horrible, No Good, Very Bad Day;2014-10-08;28000000;100654149;6.1;493;22.14595;61069.0
4348;Pride & Prejudice;2005-09-16;28000000;121147947;7.7;1358;36.58383;36588.0
78;Blade Runner;1982-06-25;28000000;33139618;7.9;3509;94.056131;578.0
11780;Rob Roy;1995-04-13;28000000;31596911;6.5;148;10.703456;30365.0
192102;3 Days to Kill;2014-02-14;28000000;52597999;6.0;883;41.638961;36425.0
2001;We Own the Night;2007-05-25;21000000;54926886;6.5;323;14.518708;20561.0
10383;Lost Souls;2000-10-13;0;0;4.5;38;3.312385;492.0
11516;Winged Migration;2001-12-12;35866397;20217080;7.0;49;3.75074;20030.0
10025;Just My Luck;2006-05-12;28000000;38159905;5.8;491;22.074306;18281.0
15198;Mystery, Alaska;1999-10-01;28000000;8888143;6.0;69;4.436792;6737.0
23172;The Spy Next Door;2010-01-15;28000000;45236543;5.5;345;14.639324;13581.0
17834;A Simple Wish;1997-07-11;28000000;8345056;5.5;46;1.767479;12964.0
10016;Ghosts of Mars;2001-08-24;28000000;14010832;4.8;296;13.145205;11770.0
10317;Our Brand Is Crisis;2015-09-11;28000000;7002261;5.8;195;12.921594;64141.0
58431;Pride and Prejudice and Zombies;2016-02-04;28000000;16374328;5.5;640;28.397048;58552.0
9746;Kundun;1997-12-25;28000000;5684789;6.8;91;7.039189;1032.0
13092;How to Lose Friends & Alienate People;2008-10-02;27000000;17286299;6.2;244;16.785866;74159.0
59859;Kick-Ass 2;2013-07-17;28000000;60700000;6.3;2224;40.28635;55075.0
13495;Alatriste;2006-09-01;24000000;23321954;5.6;61;6.009644;127823.0
254473;Brick Mansions;2014-04-22;28000000;68896829;5.7;615;25.520976;928490.0
700;Octopussy;1983-06-05;27500000;187500000;6.2;527;25.633663;10179.0
4964;Knocked Up;2007-06-01;30000000;219076518;6.2;1214;22.527211;41039.0
10024;My Sister's Keeper;2009-06-26;30000000;95714875;7.1;598;24.09152;11151.0
13490;Welcome Home Roscoe Jenkins;2008-02-08;35000000;43650785;5.7;57;6.248273;72024.0
15927;A Passage to India;1984-12-14;8000000;27187653;6.9;67;9.548391;12238.0
1259;Notes on a Scandal;2006-12-25;15000000;49469904;6.9;235;12.576381;36693.0
5125;Rendition;2007-09-07;27500000;24748670;6.2;205;12.741073;13079.0
174;Star Trek VI: The Undiscovered Country;1991-12-05;27000000;96900000;6.7;413;16.188572;1788.0
9583;Divine Secrets of the Ya-Ya Sisterhood;2002-06-07;27000000;0;5.6;65;5.576937;17397.0
9437;Kiss the Girls;1997-10-03;27000000;60527873;6.2;345;18.913;5501.0
525;The Blues Brothers;1980-06-17;27000000;115229890;7.5;1065;44.714264;4610.0
10188;The Sisterhood of the Traveling Pants 2;2008-08-06;27000000;44352417;6.0;238;11.870301;64140.0
63574;Joyful Noise;2012-01-13;0;0;6.7;33;5.753705;18342.0
245;About a Boy;2002-04-26;27000000;129000000;6.6;607;28.227984;3288.0
9825;Lake Placid;1999-07-15;27000000;56870414;5.5;247;11.678561;58712.0
186;Lucky Number Slevin;2006-02-24;27000000;56308881;7.4;1323;36.921445;2291.0
9549;The Right Stuff;1983-10-20;27000000;21500000;7.3;235;17.567332;648.0
61891;Anonymous;2011-10-21;30000000;15395087;6.3;288;16.698316;6046.0
34584;The NeverEnding Story;1984-04-05;27000000;20158808;7.0;1002;47.862016;5231.0
2666;Dark City;1998-02-27;27000000;27200316;7.2;828;39.324831;21085.0
12783;The Duchess;2008-09-05;0;0;6.7;396;18.591657;73460.0
13155;Return to Oz;1985-06-21;25000000;11137801;6.7;120;5.650125;154.0
42807;The Newton Boys;1998-03-26;27000000;76000000;5.9;44;3.123583;564.0
28355;Case 39;2009-08-13;27000000;29000000;6.1;563;23.917982;54559.0
8080;Suspect Zero;2004-08-27;27000000;13000000;5.5;98;8.715822;17279.0
5126;Martian Child;2007-11-02;0;0;6.8;79;5.737161;736.0
56288;Spy Kids: All the Time in the World;2011-08-18;27000000;85564310;4.4;222;14.788073;2294.0
303858;Money Monster;2016-05-12;27000000;93282604;6.5;1068;38.279458;1038.0
1613;The 51st State;2001-12-07;28;14;5.9;173;9.670031;17268.0
31582;Flawless;1999-11-26;0;4488529;5.9;56;5.271559;5572.0
16617;Mindhunters;2004-05-07;27000000;21148829;6.3;333;17.193659;16938.0
8944;What Just Happened;2008-10-17;25000000;6673422;5.2;127;8.31653;8246.0
41488;The Statement;2003-12-12;0;0;5.9;23;2.653988;13563.0
37028;The Magic Flute;2006-09-07;0;0;6.9;6;0.548435;11181.0
14560;Paul Blart: Mall Cop;2009-01-15;26000000;183293131;5.2;788;31.250383;52112.0
10330;Freaky Friday;2003-08-03;26000000;110230332;6.0;879;24.345651;54050.0
6957;The 40 Year Old Virgin;2005-08-11;26000000;109449237;6.2;1983;38.473732;41039.0
1934;Shakespeare in Love;1998-12-11;25000000;289317794;6.8;796;31.792964;18844.0
169917;A Walk Among the Tombstones;2014-09-18;28000000;53181600;6.2;1131;61.309619;2199.0
951;Kindergarten Cop;1990-12-21;15000000;201957688;5.8;628;5.411154;8858.0
10189;Pineapple Express;2008-08-06;27000000;101624843;6.6;1148;41.832392;64141.0
9454;Ever After: A Cinderella Story;1998-07-31;26000000;65705772;6.8;399;21.988861;17167.0
2055;Open Range;2003-08-29;22000000;68296293;7.0;262;19.068175;1269.0
1551;Flatliners;1990-08-09;26000000;61489265;6.3;404;24.114459;5572.0
5902;A Bridge Too Far;1977-06-15;22000000;50750000;6.9;207;20.256571;4786.0
11460;Red Eye;2005-08-04;26000000;57891803;6.2;455;8.802626;5140.0
9358;Final Destination 2;2003-01-31;26000000;90426405;5.9;1023;37.355826;4755.0
134;O Brother, Where Art Thou?;2000-08-30;26000000;71868327;7.3;1112;39.742009;1223.0
22894;Legion;2010-01-21;26000000;67918658;5.2;629;30.981604;116357.0
134374;Pain & Gain;2013-04-18;25000000;86175291;6.1;1573;31.893932;865.0
1901;In Good Company;2004-12-29;0;0;5.9;194;15.376391;3289.0
15028;Clockstoppers;2002-03-17;26000000;38793283;4.9;89;5.894163;2388.0
11509;Silverado;1985-07-10;26000000;0;7.1;146;10.981038;8844.0
7445;Brothers;2009-01-27;26000000;43318349;6.8;633;22.07638;53334.0
17047;Agent Cody Banks 2: Destination London;2004-12-03;26000000;28818995;5.2;144;10.925618;36083.0
62838;New Year's Eve;2011-12-08;56000000;142044638;5.7;718;21.219292;1201.0
2057;Original Sin;2001-08-03;42000000;35402320;5.8;198;14.831402;21136.0
70436;The Raven;2012-03-09;26000000;29657751;6.1;426;22.520842;11266.0
16784;Welcome to Mooseport;2004-02-24;30000000;14000000;4.8;54;3.314094;18281.0
8011;Highlander: The Final Dimension;1994-11-29;26000000;36800000;4.5;110;7.964451;53599.0
31640;Blood and Wine;1996-10-03;26000000;0;5.5;34;1.492056;19450.0
9092;Snow White: A Tale of Terror;1997-07-18;26000000;0;6.0;62;4.810621;56956.0
2779;The Curse of the Jade Scorpion;2001-08-05;0;0;6.5;165;9.317265;1243.0
316002;Accidental Love;2015-02-10;26000000;0;3.9;95;5.644844;17883.0
36355;Flipper;1996-05-17;25530000;20080020;5.3;84;4.475007;129941.0
238615;Self/less;2015-07-10;26000000;30523226;6.3;1091;66.097437;56512.0
1985;The Constant Gardener;2005-08-31;25000000;82466670;6.8;417;20.679652;8557.0
615;The Passion of the Christ;2004-02-25;30000000;611899420;6.9;864;38.171417;2461.0
788;Mrs. Doubtfire;1993-11-24;25000000;441286195;7.0;1591;30.884535;10965.0
380;Rain Man;1988-12-11;25000000;412800000;7.6;1709;49.510658;8246.0
13223;Gran Torino;2008-12-09;33000000;269958228;7.8;3086;50.7453;190.0
10523;W.;2008-10-17;25100000;29506464;6.1;143;10.445391;1152.0
8681;Taken;2008-02-18;25000000;226830568;7.2;4369;80.879032;35453.0
239571;The Best of Me;2014-10-16;26000000;35926213;7.2;765;33.93914;52405.0
619;The Bodyguard;1992-11-25;25000000;411006740;6.1;661;26.576385;8843.0
424;Schindler's List;1993-11-29;22000000;321365567;8.3;4329;104.469351;488.0
50014;The Help;2011-08-09;25000000;124272124;7.8;1910;42.191509;55789.0
162903;The Fifth Estate;2013-10-11;28000000;8555008;5.7;364;20.267062;15557.0
11024;Scooby-Doo 2: Monsters Unleashed;2004-03-24;0;181466833;5.4;500;22.644275;1215.0
208763;Forbidden Kingdom;2014-01-30;26000000;0;4.9;71;7.182761;238220.0
6466;Freddy vs. Jason;2003-08-15;30000000;114908830;5.8;594;26.69592;17268.0
254024;The Face of an Angel;2014-09-06;0;0;4.7;64;7.336256;172.0
12589;Jimmy Neutron: Boy Genius;2001-12-21;25000000;80936232;5.6;231;12.739721;60237.0
7191;Cloverfield;2008-01-15;25000000;170764026;6.4;2251;46.942396;32278.0
1497;Teenage Mutant Ninja Turtles II: The Secret of the Ooze;1991-03-22;25000000;78000000;5.8;286;15.505137;59649.0
117;The Untouchables;1987-06-02;25000000;76270454;7.6;1384;38.272889;1150.0
6977;No Country for Old Men;2007-11-08;25000000;171600000;7.7;3003;53.645267;1223.0
168530;Ride Along;2014-01-07;25000000;153997819;6.1;853;28.468;20400.0
634;Bridget Jones's Diary;2001-04-13;25000000;281929795;6.5;1356;35.310712;9158.0
392;Chocolat;2000-12-14;25000000;152500343;6.8;951;28.727731;5306.0
10327;Legally Blonde 2: Red, White & Blonde;2003-07-02;45000000;124914842;5.1;377;4.340616;76247.0
88042;Parental Guidance;2012-12-25;25000000;119772232;5.7;210;14.604911;58375.0
41630;No Strings Attached;2011-01-21;25000000;147780440;6.1;1331;38.688822;8858.0
11969;Tombstone;1993-12-25;25000000;56505065;7.4;626;30.537845;16566.0
2085;Romeo Must Die;2000-03-20;25000000;91036760;6.0;330;19.750059;10765.0
794;The Omen;1976-06-06;2800000;60922980;7.2;476;25.939385;7187.0
9286;Final Destination 3;2006-02-10;25000000;117719158;5.8;974;31.64341;57134.0
77877;The Lucky One;2012-04-19;25000000;99357138;6.8;946;26.811541;33433.0
1265;Bridge to Terabithia;2007-02-16;60000000;137587063;7.0;1113;40.646102;36697.0
866;Finding Neverland;2004-10-17;25000000;116766556;7.2;1223;34.160448;12995.0
175555;A Madea Christmas;2013-12-13;0;0;7.0;35;5.377155;80602.0
75174;The Grey;2012-01-26;25000000;77278331;6.4;1451;48.552871;40223.0
11096;Hide and Seek;2005-01-27;25000000;122644820;6.1;440;18.228538;15337.0
8699;Anchorman: The Legend of Ron Burgundy;2004-07-09;26000000;90574188;6.7;1493;29.342744;55710.0
769;GoodFellas;1990-09-12;25000000;46836394;8.2;3128;63.654244;1032.0
10923;Agent Cody Banks;2003-03-14;28000000;58795814;5.0;284;11.859396;21981.0
11283;Nanny McPhee;2005-10-21;25000000;122489822;6.4;711;24.356483;64045.0
111;Scarface;1983-12-08;25000000;65884703;8.0;2948;70.105981;1150.0
11676;Nothing to Lose;1997-07-18;25000000;0;6.3;174;8.618208;4489.0
746;The Last Emperor;1987-10-21;23000000;43984230;7.4;355;21.189028;4956.0
77866;Contraband;2012-01-12;25000000;63100000;6.1;770;31.364901;67813.0
9416;Money Talks;1997-08-22;0;0;5.9;87;7.615653;11091.0
7345;There Will Be Blood;2007-12-28;25000000;77208711;7.9;1537;37.817905;4762.0
14317;The Wild Thornberrys Movie;2002-12-20;35000000;0;5.8;44;5.784661;78488.0
20694;Rugrats Go Wild;2003-06-13;0;0;5.6;61;8.255708;86439.0
12277;Undercover Brother;2002-05-31;25000000;41604473;5.5;112;6.086083;72024.0
9779;The Sisterhood of the Traveling Pants;2005-06-01;25000000;39053061;6.3;386;17.17372;29009.0
2140;Kiss of the Dragon;2001-07-06;25000000;64437847;6.4;298;16.936576;21931.0
12620;The House Bunny;2008-08-22;25000000;70442940;5.6;529;25.838073;66563.0
14177;Beauty Shop;2005-06-02;25000000;36351350;5.4;115;5.625632;62116.0
198185;Million Dollar Arm;2014-05-09;25000000;38307627;6.6;259;17.312433;50767.0
227156;The Giver;2014-08-11;25000000;66980456;6.4;1798;53.811461;13015.0
10735;What a Girl Wants;2003-03-27;0;0;5.8;368;7.057765;66960.0
11351;Jeepers Creepers 2;2003-08-08;17000000;63102666;5.5;299;19.045146;56349.0
10030;Good Luck Chuck;2007-09-21;25000000;59192128;5.5;444;21.729434;1098.0
10623;Cradle 2 the Grave;2003-02-28;25000000;56489558;5.8;236;12.837116;10765.0
590;The Hours;2002-12-27;25000000;41597830;7.0;451;20.953265;468.0
9655;She's the Man;2006-03-17;20000000;33889159;6.4;671;10.81439;58375.0
1268;Mr. Bean's Holiday;2007-03-22;25000000;229736344;6.1;663;27.683874;16356.0
11237;Anacondas: The Hunt for the Blood Orchid;2004-08-26;20000000;70992898;4.9;199;9.855474;56998.0
190955;Blood Ties;2013-08-22;25500000;2415472;6.0;171;12.756344;19866.0
5123;August Rush;2007-11-21;25000000;66122026;7.1;797;29.533437;41285.0
4518;Elizabeth;1998-09-13;30000000;82150642;7.1;334;14.179538;37630.0
11932;Bride of Chucky;1998-10-16;25000000;50671850;5.5;350;14.340095;17268.0
11165;Tora! Tora! Tora!;1970-01-26;25485000;29548291;6.9;147;9.795985;2087.0
6116;Spice World;1997-12-19;25000000;100000000;4.7;123;6.889437;47974.0
57431;The Sitter;2011-12-09;25000000;34942188;5.4;325;19.428994;64141.0
21724;Dance Flick;2009-05-22;0;0;4.7;71;7.326034;59229.0
278;The Shawshank Redemption;1994-09-23;25000000;28341469;8.5;8205;136.747729;4027.0
9290;Crocodile Dundee in Los Angeles;2001-04-12;21150000;39438674;4.7;146;6.081772;18254.0
11543;Kingpin;1996-07-04;27000000;25023434;6.7;244;17.329269;7395.0
284536;The Gambler;2014-12-25;25000000;39171130;5.7;543;22.622453;77357.0
152737;August: Osage County;2013-12-26;25000000;74188937;6.9;483;20.561682;47333.0
13374;Ice Princess;2005-03-17;25000000;27645491;5.9;185;13.288177;125544.0
8976;A Lot Like Love;2005-04-22;30000000;42886719;6.5;318;19.212552;24248.0
319888;Eddie the Eagle;2016-02-26;23000000;46152800;7.2;661;29.365851;974.0
9469;He Got Game;1998-05-01;25000000;21567853;6.7;134;10.232599;5281.0
1909;Don Juan DeMarco;1994-10-01;25000000;22200000;6.2;183;8.870614;25210.0
22971;Dear John;2010-02-04;25000000;114977104;6.6;1262;19.402816;5306.0
34813;The Losers;2010-04-23;25000000;23580000;6.2;515;24.903418;31119.0
46261;Don't Be Afraid of the Dark;2010-11-06;25000000;36993168;5.4;341;14.562197;135601.0
10431;War;2007-08-24;25000000;40452643;6.0;414;18.896239;65190.0
8051;Punch-Drunk Love;2002-10-25;25000000;17000000;6.9;530;15.960916;4762.0
9352;EuroTrip;2004-02-20;25000000;20796847;6.5;656;25.848003;57405.0
10167;Half Past Dead;2002-11-15;13000000;0;4.6;82;6.337063;27005.0
18147;Unaccompanied Minors;2006-12-08;26000000;0;5.4;66;10.006282;116805.0
17170;Bright Lights, Big City;1988-04-01;0;0;4.7;28;2.753501;14838.0
18975;The Adventures of Pinocchio;1996-07-26;0;0;5.0;54;6.718497;18308.0
15487;The Greatest Game Ever Played;2005-09-30;25000000;15431177;6.9;110;7.538513;2053.0
22825;The Box;2009-09-17;30000000;33333531;5.4;597;21.606001;1577.0
11152;The Ruins;2008-04-02;8000000;0;5.6;265;13.715715;68352.0
1831;The Next Best Thing;2000-03-03;25000000;24362772;4.3;29;3.707511;19304.0
43931;My Soul to Take;2010-10-08;25000000;19829957;5.2;147;7.001176;5140.0
10591;The Girl Next Door;2004-04-09;25000000;30411183;6.3;824;39.784026;65734.0
10861;Maximum Risk;1996-09-13;25000000;51702483;5.2;101;10.115011;26767.0
12770;Stealing Harvard;2002-09-13;0;0;4.4;46;7.321181;73499.0
276907;Legend;2015-09-09;25000000;42972994;6.7;973;32.854557;4723.0
10074;Hot Rod;2007-08-03;0;14334401;6.3;313;6.309587;62854.0
65055;Shark Night;2011-09-02;28000000;10126458;4.9;132;8.363702;4755.0
10397;Angela's Ashes;1999-12-25;25;13;7.0;59;4.88794;9168.0
200505;Draft Day;2014-04-11;25000000;28831145;6.5;304;14.17009;8858.0
11954;Lifeforce;1985-06-20;25000000;0;6.2;135;12.18362;10051.0
60309;The Conspirator;2010-09-10;25000000;15478800;6.2;137;9.169271;4135.0
9787;Lords of Dogtown;2005-06-03;25000000;13411957;7.0;210;8.127728;19850.0
293646;The 33;2015-08-06;25000000;24902723;6.0;378;10.699952;437833.0
6978;Big Trouble in Little China;1986-05-30;25000000;11000000;7.1;705;29.796394;11770.0
133698;Fly Me to the Moon;2012-10-29;0;0;5.6;194;11.60921;8392.0
59440;Warrior;2011-09-09;25000000;23057115;7.7;1272;51.915025;77003.0
1770;Michael Collins;1996-10-25;28000000;16900000;6.7;97;8.314624;17016.0
10655;Gettysburg;1993-10-08;0;25000000;6.6;90;5.529035;66088.0
8988;Stop-Loss;2008-03-28;25000000;11207130;6.1;82;4.002579;2836.0
15992;Abandon;2002-10-14;25000000;10719357;4.6;45;3.888776;2945.0
17707;Brokedown Palace;1999-08-13;25000000;13000000;6.2;111;7.296459;42171.0
77883;The Possession;2012-08-30;14000000;85446075;5.8;498;21.680424;22676.0
40001;Mrs. Winterbourne;1996-04-19;25000000;10070000;5.3;25;7.946769;24318.0
64639;Straw Dogs;2011-09-16;25000000;10324441;5.5;144;7.473455;21526.0
9903;The Hoax;2006-10-14;25000000;11772461;6.4;60;5.073536;5306.0
21338;Stone Cold;1991-05-17;0;0;5.7;34;3.623002;63709.0
20766;The Road;2009-11-25;32000000;27635305;6.8;1087;41.075532;53333.0
24264;Sheena;1984-08-17;25000000;5778353;5.0;22;4.020194;6778.0
19803;Underclassman;2005-09-02;0;0;5.5;28;2.083856;74062.0
20309;Say It Isn't So;2001-03-12;25000000;0;4.8;47;2.909346;7409.0
9912;The World's Fastest Indian;2005-10-12;25000000;0;7.3;166;8.450513;21370.0
9067;Tank Girl;1995-03-31;25000000;4064495;5.5;138;8.186936;56891.0
27360;King's Ransom;2005-04-22;0;0;5.1;14;5.079017;109695.0
8338;Blindness;2008-05-14;25000000;19844979;6.4;387;17.603823;8557.0
168705;BloodRayne;2005-10-22;25000000;2405420;3.5;118;7.008216;23799.0
72113;Carnage;2011-09-16;25000000;27603069;7.0;738;20.011435;3556.0
9729;Where the Truth Lies;2005-10-07;25000000;0;5.9;66;4.051221;56205.0
94352;Cirque du Soleil: Worlds Away;2012-11-09;0;34153101;6.1;58;5.987486;5524.0
22256;Without Limits;1998-09-11;25000000;777423;6.2;19;3.849873;11057.0
12404;Me and Orson Welles;2009-11-25;25000000;2336172;6.6;49;3.593165;564.0
152742;The Best Offer;2013-01-01;13500000;19255873;7.7;704;30.058263;65314.0
11699;The Bad Lieutenant: Port of Call - New Orleans;2009-09-11;25000000;10589102;6.0;326;17.339852;6818.0
49953;A Turtle's Tale: Sammy's Adventures;2010-08-03;0;0;5.6;151;15.805449;76100.0
48034;Little White Lies;2010-10-20;25000000;48531470;7.1;380;15.279021;19866.0
39845;Love Ranch;2010-06-30;0;0;6.0;21;5.000126;18596.0
25353;The True Story of Puss 'n Boots;2009-04-01;0;0;3.8;7;1.684948;93592.0
36696;Space Dogs;2010-03-18;25000000;6500000;6.3;10;5.753564;115999.0
109091;The Counselor;2013-10-25;25000000;71009334;5.0;712;35.022029;578.0
38543;Ironclad;2011-03-03;25000000;0;6.2;227;12.31708;83730.0
33157;Waterloo;1970-10-26;25000000;3052000;7.0;31;1.894749;38131.0
290864;Kung Fu Jungle;2014-10-31;25000000;0;6.5;114;6.895866;70703.0
242166;Red Sky;2014-03-12;25000000;0;4.1;26;3.344158;16214.0
859;Dangerous Liaisons;1988-12-16;14000000;34670720;7.0;257;14.480628;3224.0
83770;On the Road;2012-05-22;25000000;8784318;5.5;301;14.613152;8574.0
168;Star Trek IV: The Voyage Home;1986-11-25;24000000;133000000;6.9;477;22.258428;1749.0
1246;Rocky Balboa;2006-12-20;24000000;155721132;6.5;835;30.445257;16483.0
4233;Scream 2;1997-12-09;24000000;172363301;6.1;840;35.244037;5140.0
174751;Jane Got a Gun;2016-01-01;25000000;1397284;5.4;285;15.333575;77003.0
184098;Think Like a Man Too;2014-06-20;24000000;70181428;6.4;225;15.237142;20400.0
2069;The Whole Nine Yards;2000-02-18;41300000;106371651;6.2;531;23.441135;21217.0
1788;Footloose;1984-02-17;8200000;80035402;6.4;505;25.03414;18378.0
11635;Old School;2003-02-21;24000000;87055349;6.6;541;24.70166;57130.0
177;The Fisher King;1991-09-09;24000000;41895491;7.2;341;16.146572;280.0
3600;I Still Know What You Did Last Summer;1998-11-13;65000000;40002112;5.1;374;20.793026;33279.0
2621;Return to Me;2000-04-07;24000000;36609995;6.1;67;5.771479;5149.0
10358;Zack and Miri Make a Porno;2008-09-18;24000000;42105111;6.1;721;27.326466;19303.0
10480;Nurse Betty;2000-09-08;24000000;0;5.9;111;3.572339;58689.0
10313;The Men Who Stare at Goats;2009-10-17;24000000;68729358;5.9;742;20.69219;31511.0
18828;Double Take;2001-01-12;0;0;5.5;24;1.903405;21792.0
3558;Girl, Interrupted;1999-12-21;40000000;0;7.6;721;10.713521;366.0
13476;Win a Date with Tad Hamilton!;2004-01-23;17000000;16980098;5.5;160;7.701041;36797.0
10208;Muppets from Space;1999-07-14;24000000;16290976;5.8;92;6.589193;49903.0
24961;The Wiz;1978-10-24;24000000;21049053;5.9;58;2.753313;39996.0
20697;Ready to Rumble;2000-04-07;24000000;12372410;4.7;49;3.113009;53177.0
20761;Play It to the Bone;1999-12-25;24000000;8434146;5.7;53;5.566203;4037.0
70868;I Don't Know How She Does It;2011-09-16;24000000;30551495;5.0;141;8.630825;32983.0
43593;Piranha 3D;2010-08-20;24000000;83188165;5.3;581;23.343839;59291.0
6478;Beyond the Sea;2004-12-17;23000000;0;6.5;55;6.138213;1979.0
40688;Meet the Deedles;1998-03-27;24000000;4562146;4.1;19;2.353441;72258.0
26672;The Thief and the Cobbler;1993-09-23;28000000;669276;6.8;26;2.439184;116100.0
45881;The Bridge of San Luis Rey;2004-01-01;0;0;5.4;15;0.515677;130482.0
41283;Faster;2010-11-23;24000000;23081726;6.1;568;26.324874;66121.0
4935;Howl's Moving Castle;2004-11-19;24000000;234710455;8.2;1991;49.549984;608.0
19908;Zombieland;2009-10-07;23600000;102391382;7.2;3550;57.300674;91268.0
10663;The Waterboy;1998-11-06;23000000;185991646;5.9;512;23.839127;57370.0
1891;The Empire Strikes Back;1980-05-17;18000000;538400000;8.2;5879;78.51783;10930.0
9737;Bad Boys;1995-04-07;19000000;141407024;6.5;1699;33.872182;865.0
37137;The Naked Gun 2½: The Smell of Fear;1991-06-28;23000000;86930411;6.6;546;27.33256;12987.0
9532;Final Destination;2000-03-16;23000000;53302314;6.4;1378;38.799596;57134.0
10316;The Ides of March;2011-09-24;12500000;75993061;6.5;910;20.317469;1461.0
2787;Pitch Black;2000-02-18;23000000;53187659;6.7;1789;18.493202;28239.0
12658;Someone Like You...;2001-03-30;23000000;0;6.0;118;7.901891;3417.0
152601;Her;2013-12-18;23000000;47351251;7.9;4097;53.682367;5953.0
10866;Joy Ride;2001-10-05;23000000;36642838;6.3;325;11.183197;21053.0
227707;The Adventurer: The Curse of the Midas Box;2013-12-05;25000000;6399;5.1;73;8.842722;558177.0
21349;Anywhere But Here;1999-11-12;23000000;18653615;5.9;66;8.976738;39819.0
19150;The Crew;2000-08-21;0;0;6.4;11;2.634119;84165.0
70435;Haywire;2011-11-06;23000000;33372606;5.6;505;26.257951;1884.0
580;Jaws: The Revenge;1987-07-17;23000000;51881013;3.5;224;12.777008;15663.0
9819;Marvin's Room;1996-12-18;0;0;6.6;124;6.130231;59635.0
13579;The Longshots;2008-08-22;0;0;6.5;11;4.030724;29783.0
20024;The End of the Affair;1999-12-03;23000000;10827816;6.6;55;6.921263;17016.0
2453;Harley Davidson and the Marlboro Man;1991-08-23;23000000;7434726;6.1;82;12.869436;18254.0
6973;In the Valley of Elah;2007-08-31;23000000;29541790;6.6;261;15.676123;455.0
11156;Coco Before Chanel;2009-04-22;0;0;6.6;246;8.426589;48583.0
354110;Forsaken;2015-09-16;11000000;0;5.8;101;11.071522;25873.0
22215;Cheri;2009-02-10;23000000;9366227;5.9;56;5.494047;3224.0
11632;Vanity Fair;2004-09-01;23000000;16123851;5.5;73;6.618149;6495.0
30596;Bodyguards and Assassins;2009-12-18;23000000;5837674;6.5;57;7.876883;70703.0
3021;1408;2007-07-12;25000000;94679598;6.5;1343;35.169779;29605.0
957;Spaceballs;1987-06-24;22700000;38119483;6.7;902;39.890798;14639.0
256917;The Water Diviner;2014-12-25;22500000;15520023;6.8;431;22.096286;934.0
251;Ghost;1990-07-12;22000000;505000000;6.9;1339;41.967005;3415.0
544;There's Something About Mary;1998-07-15;23000000;369884651;6.5;1590;57.110486;7395.0
11395;The Santa Clause;1994-11-10;22000000;189833357;6.3;489;16.234053;58072.0
14635;The Rookie;2002-03-25;20000000;75597042;6.5;110;11.263361;54040.0
13680;The Game Plan;2007-09-28;22000000;147880543;6.0;428;20.699212;58375.0
688;The Bridges of Madison County;1995-05-28;24000000;182016617;7.3;385;17.606087;190.0
11090;The Animal;2001-06-01;22000000;84772742;4.6;304;13.786075;65734.0
783;Gandhi;1982-11-30;22000000;77737889;7.4;716;35.227212;4786.0
228194;The Hundred-Foot Journey;2014-08-06;22000000;88880821;7.3;508;27.898438;5306.0
1642;The Net;1995-07-28;22000000;110627965;5.6;354;23.218144;11472.0
10950;I Am Sam;2001-12-28;22000000;92542418;7.2;530;26.071644;16853.0
235260;Son of God;2014-02-28;22000000;67800064;5.9;83;9.175762;235820.0
277;Underworld;2003-09-19;22000000;95708457;6.6;2512;81.829237;3950.0
8999;Derailed;2005-11-11;22000000;57479076;6.1;319;17.7091;29605.0
11323;The Informant!;2009-09-18;22000000;35424826;6.0;301;17.772518;1884.0
10445;Shadowlands;1993-12-25;22000000;0;6.8;61;5.609755;4786.0
11453;Deuce Bigalow: European Gigolo;2005-08-06;22000000;22400154;4.7;225;10.259461;69498.0
146239;Delivery Man;2013-10-10;26000000;51164106;6.2;551;30.114383;1375201.0
205588;Our Kind of Traitor;2016-05-05;0;9930095;6.0;160;10.547959;113600.0
10878;Saving Silverman;2001-02-09;22000000;19351569;5.4;154;12.887673;17494.0
82650;Diary of a Wimpy Kid: Dog Days;2012-08-02;22000000;77112176;6.0;223;13.410919;33183.0
10279;Summer of Sam;1999-07-02;0;0;6.3;112;3.70789;5281.0
2294;Jay and Silent Bob Strike Back;2001-08-22;22000000;33788161;6.4;480;21.865021;19303.0
2176;The Glass House;2001-09-14;30000000;23619609;5.4;201;9.448517;12632.0
270487;Hail, Caesar!;2016-02-05;22000000;63647656;5.7;1309;39.006187;1223.0
19366;Josie and the Pussycats;2001-04-06;22000000;0;5.3;72;6.404571;13614.0
204082;Homefront;2013-11-27;22000000;43058898;6.4;875;35.737655;5501.0
24100;The Little Vampire;2000-10-27;22000000;13555988;6.1;77;4.365196;15868.0
1599;I Heart Huckabees;2004-09-10;22000000;0;6.2;239;14.925633;17883.0
5550;RoboCop 3;1993-04-17;22000000;10696210;4.2;305;14.725467;44056.0
30379;Megiddo: The Omega Code 2;2001-09-07;0;0;3.6;8;0.809588;84981.0
42586;Darling Lili;1970-01-01;0;0;4.9;8;0.816883;1927.0
17709;Dudley Do-Right;1999-08-27;70000000;0;3.8;48;8.792054;28904.0
287948;The Transporter Refueled;2015-09-03;25000000;72629670;5.2;559;25.002715;928490.0
7548;The Libertine;2004-09-16;0;0;5.9;128;7.588597;52894.0
9075;Black Book;2006-09-01;21000000;26193068;7.2;277;13.906611;10491.0
11661;Joyeux Noël;2005-11-09;22000000;17709155;7.2;212;13.960945;70221.0
109513;Hit & Run;2012-08-22;2000000;14400000;5.5;224;16.668854;51298.0
12085;Mad Money;2008-01-17;0;0;5.9;140;6.847133;17397.0
204922;Before I Go to Sleep;2014-09-03;22000000;15447154;6.2;659;48.784734;17608.0
38985;Sorcerer;1977-06-24;22000000;12000000;7.4;98;9.088209;15175.0
44113;Stone;2010-10-07;22000000;9479718;5.2;192;12.445176;96166.0
21494;Moliere;2007-01-31;0;0;6.7;45;4.61335;64575.0
164457;Out of the Furnace;2013-12-06;22000000;15400000;6.5;720;29.230298;65167.0
4566;Michael Clayton;2007-09-28;25000000;92991835;6.5;501;18.961323;19242.0
17795;My Fellow Americans;1996-12-20;0;0;6.3;46;2.809378;13426.0
1073;Arlington Road;1999-03-19;21500000;0;7.0;239;12.819447;11676.0
153158;Underdogs;2013-07-18;22000000;24000000;6.0;122;14.866351;84714.0
81836;To Rome with Love;2012-04-20;17000000;73244881;5.6;546;15.013386;1243.0
10724;Firefox;1982-06-13;18000000;70687344;5.5;139;8.700565;190.0
9473;South Park: Bigger, Longer & Uncut;1999-06-30;21000000;0;7.1;893;27.197799;34517.0
2196;Death at a Funeral;2007-02-09;9000000;46;6.9;497;20.410354;7908.0
1499;Teenage Mutant Ninja Turtles III;1993-03-17;21000000;42000000;5.1;184;10.207065;76418.0
20857;Hardball;2001-09-14;32000000;40222729;6.3;123;5.683281;53177.0
82693;Silver Linings Playbook;2012-09-08;21000000;205738714;6.9;4742;63.599973;17883.0
1646;Freedom Writers;2007-01-05;21000000;41170784;7.5;356;17.746981;2163.0
44944;For Colored Girls;2010-11-05;0;37000000;7.0;22;1.934524;80602.0
4108;The Transporter;2002-10-02;21000000;43928932;6.6;1692;34.433521;18865.0
8456;Never Back Down;2008-03-04;20000000;41627431;6.4;497;26.21425;55075.0
7341;The Rage: Carrie 2;1999-03-11;21000000;17762705;5.1;76;4.781538;102634.0
19255;Away We Go;2009-06-05;17000000;14899417;6.7;189;10.13559;39.0
10187;Swing Vote;2008-08-01;21000000;17600000;5.8;65;5.815881;64139.0
31005;Moonlight Mile;2002-09-09;21000000;10011050;6.5;52;8.982335;11887.0
49517;Tinker Tailor Soldier Spy;2011-09-16;30000000;0;6.6;840;33.649652;74396.0
44857;Molly;1999-10-22;0;0;5.5;14;2.636193;72624.0
50780;The Beaver;2011-02-11;21000000;970816;6.3;276;13.847872;1038.0
16363;The Best Little Whorehouse in Texas;1982-07-23;35000000;69701637;5.9;41;4.189378;4967.0
1946;eXistenZ;1999-04-14;15000000;2856712;6.7;475;21.928025;224.0
85;Raiders of the Lost Ark;1981-06-12;18000000;389925971;7.7;3854;68.159596;488.0
772;Home Alone 2: Lost in New York;1992-11-19;18000000;358991681;6.3;2395;81.487685;10965.0
840;Close Encounters of the Third Kind;1977-11-16;20000000;303788635;7.2;1098;52.456505;488.0
9682;Pulse;2006-08-11;38000000;29907685;5.0;150;9.662715;58514.0
96;Beverly Hills Cop II;1987-05-18;20000000;299965036;6.1;613;25.28436;893.0
10678;Bringing Down the House;2003-03-07;20000000;132675402;5.4;183;8.351385;20739.0
274;The Silence of the Lambs;1991-02-01;19000000;272742922;8.1;4443;18.174804;16294.0
8872;Wayne's World;1992-02-14;20000000;121697323;6.5;728;21.815122;58448.0
16290;Jackass 3D;2010-10-15;20000000;117224271;6.4;428;20.99174;56578.0
579;Jaws 2;1978-06-16;20000000;187884007;5.9;406;19.636044;16187.0
14405;Beverly Hills Chihuahua;2008-10-03;20000000;149281606;4.9;209;12.25264;1215.0
138843;The Conjuring;2013-07-18;13000000;318000141;7.4;3092;49.975409;2127.0
11637;Are We There Yet?;2005-01-20;32000000;97918663;5.2;221;13.590677;13581.0
226486;Tammy;2014-07-02;20000000;100525432;5.0;500;21.657563;170820.0
1584;School of Rock;2003-10-03;35000000;131282949;6.7;1414;43.057323;564.0
9312;Mortal Kombat;1995-08-18;18000000;122195920;5.4;442;16.470895;4014.0
12153;White Chicks;2004-06-23;37000000;113086475;6.3;679;28.703007;35689.0
65057;The Descendants;2011-09-09;20000000;177243185;6.7;934;40.903931;13235.0
8326;Holes;2003-04-18;20000000;0;6.7;383;22.001408;12989.0
35690;The Last Song;2010-03-31;0;0;6.9;923;23.139971;114597.0
76203;12 Years a Slave;2013-10-18;20000000;187000000;7.9;3674;95.9229;72757.0
13497;Drumline;2002-12-13;20000000;57588485;6.2;116;4.748929;80215.0
35688;Why Did I Get Married Too?;2010-04-02;20000000;60072596;6.1;29;2.986286;80602.0
162;Edward Scissorhands;1990-12-05;20000000;53000000;7.5;3601;47.51363;510.0
296096;Me Before You;2016-06-02;20000000;207945075;7.6;2562;53.161905;1096867.0
103370;Madea's Witness Protection;2012-06-29;0;0;5.9;52;7.050951;80602.0
1051;The French Connection;1971-10-09;1800000;41158757;7.4;422;15.978136;15175.0
376659;Bad Moms;2016-07-28;20000000;183936074;6.3;1252;42.512296;52114.0
10073;Date Movie;2006-02-17;20000000;48548426;3.6;222;10.098722;35694.0
16690;Return to Never Land;2002-02-14;20000000;109862682;6.1;290;15.341196;1027737.0
273895;Selma;2014-12-25;20000000;66787908;7.4;817;29.023184;929825.0
14873;The Jungle Book 2;2003-02-07;20000000;135680000;5.6;269;19.819893;142007.0
8968;Boogeyman;2005-02-04;20000000;67192859;4.6;191;11.62423;56435.0
9963;Premonition;2007-02-08;20000000;84146832;5.8;381;22.049787;61087.0
15655;The Tigger Movie;2000-02-11;30000000;45554533;6.3;143;9.829859;93301.0
21208;Orphan;2009-07-24;20000000;41596251;6.7;1261;29.295801;59521.0
272878;Max;2015-06-26;20000000;43967255;6.8;276;14.136476;52358.0
9760;Epic Movie;2007-01-25;20000000;86865564;3.2;326;6.064638;35694.0
314365;Spotlight;2015-11-06;20000000;88346473;7.8;2686;41.503588;17867.0
13279;Lakeview Terrace;2008-09-19;20000000;27640028;5.9;292;20.495749;58689.0
1975;The Grudge 2;2006-10-13;20000000;39143839;5.2;283;13.906944;20310.0
33644;How Stella Got Her Groove Back;1998-08-14;20000000;37672350;6.0;24;2.003047;70777.0
1649;Bill & Ted's Bogus Journey;1991-07-19;0;0;5.9;308;11.349664;18357.0
9895;Man of the Year;2006-10-09;20000000;41237648;5.8;129;11.203335;8246.0
9570;The Black Hole;1979-12-18;20000000;35841901;6.1;131;8.265317;47893.0
27579;The American;2010-08-31;20000000;65464324;5.8;481;18.632156;45052.0
16052;Selena;1997-03-21;20000000;60000000;7.0;114;6.92592;16395.0
40264;Vampires Suck;2010-08-18;20000000;80547866;4.2;315;17.165039;35694.0
1164;Babel;2006-09-08;25000000;135330182;6.9;1055;25.785925;223.0
239678;This Is Where I Leave You;2014-09-10;19800000;41296320;6.5;505;20.311684;17825.0
14359;Doubt;2008-11-27;20000000;50907234;7.0;435;20.975165;26095.0
3989;Team America: World Police;2004-10-10;32000000;50907422;6.6;660;26.509175;34517.0
76617;Texas Chainsaw 3D;2013-01-03;20000000;47241945;5.3;465;26.497025;97026.0
1710;Copycat;1995-10-27;0;0;6.4;194;14.211699;15148.0
4258;Scary Movie 5;2013-04-11;20000000;78378744;4.6;793;36.819044;72024.0
20391;Paint Your Wagon;1969-10-15;20000000;31678778;6.2;63;7.902536;86051.0
10139;Milk;2008-11-26;20000000;54586584;7.1;612;30.909699;5216.0
335778;Risen;2016-02-19;20000000;46069568;5.7;295;16.663797;8300.0
9645;Ghost Ship;2002-10-25;35000000;68349884;5.3;531;27.724913;57521.0
55465;A Very Harold & Kumar Christmas;2011-11-04;19000000;35387212;6.0;328;17.971883;222470.0
617;Wild Things;1998-03-20;20000000;67200000;6.3;444;25.041992;9200.0
19904;The Stepfather;2009-10-16;0;0;5.4;167;7.924428;45627.0
48289;The Debt;2010-04-11;20000000;45636368;6.3;257;14.857884;18844.0
243;High Fidelity;2000-03-17;30000000;47126295;7.0;628;23.982956;3224.0
6933;One Missed Call;2008-01-04;20000000;0;4.7;171;12.458131;51445.0
17182;Eye for an Eye;1996-01-12;20000000;0;5.8;63;3.996392;19304.0
8848;The Bank Job;2008-02-28;20000000;64822796;6.6;697;30.387754;21370.0
38;Eternal Sunshine of the Spotless Mind;2004-03-19;20000000;72258126;7.9;3652;56.481487;201.0
38303;You Again;2010-09-24;20000000;32005248;6.0;368;19.962713;58375.0
1266;Street Kings;2008-04-10;20000000;65569869;6.3;363;18.666876;19769.0
107985;The World's End;2013-07-18;20000000;46089287;6.7;1778;55.964605;11090.0
14043;Nancy Drew;2007-06-15;0;0;5.8;143;5.0348;41549.0
19901;Daybreakers;2009-01-06;20000000;51416464;6.0;634;28.019226;56501.0
34016;She's Out of My League;2010-03-11;20000000;49779728;5.9;525;16.176976;111686.0
59860;Monte Carlo;2011-07-01;20000000;17425000;6.0;593;17.237143;56789.0
10069;Stay Alive;2006-03-24;9000000;27105095;5.3;155;4.34503;62768.0
9588;Quigley Down Under;1990-10-17;0;0;6.5;119;11.360997;18254.0
12819;Alpha and Omega;2010-09-17;20000000;39300000;5.3;124;12.300789;61970.0
9954;The Covenant;2006-09-08;20000000;37597471;5.2;288;15.804814;16938.0
10115;Stick It;2006-04-21;0;0;6.3;148;9.750557;53014.0
25132;Shorts;2009-08-21;40000000;28972508;5.1;44;4.100942;2294.0
577;To Die For;1995-05-20;20000000;21284514;6.7;175;12.309715;5216.0
328387;Nerve;2016-07-27;20000000;83707310;7.1;2181;62.933899;142272.0
12690;Appaloosa;2008-09-12;20000000;20211394;6.3;299;16.074397;228.0
9945;Vampires;1998-04-15;20000000;0;5.8;255;17.016284;11770.0
539;Psycho;1960-06-16;806948;32000000;8.2;2320;93.067866;2636.0
13596;My Best Friend's Girl;2008-09-19;20000000;36620508;5.4;220;17.145287;26502.0
226857;Endless Love;2014-02-12;20000000;34077920;6.7;542;27.256849;129718.0
13159;Georgia Rule;2007-05-11;20000000;0;5.6;130;7.878177;1201.0
47941;Under the Rainbow;1981-07-31;20000000;2297493;4.9;7;0.173964;54590.0
526;Ladyhawke;1985-03-27;20000000;18432000;6.8;260;14.370111;7187.0
22796;Simon Birch;1998-09-11;20000000;18253415;6.5;52;11.090254;16837.0
2355;Reign Over Me;2007-03-23;20000000;22222308;7.1;334;20.82778;24173.0
5915;Into the Wild;2007-09-11;15000000;56255142;7.8;3045;43.644978;2228.0
9842;School for Scoundrels;2006-09-29;20000000;17807569;5.6;111;8.244324;57130.0
61012;Silent Hill: Revelation 3D;2012-10-10;20000000;52302796;5.0;432;23.292761;69593.0
755;From Dusk Till Dawn;1996-01-19;19000000;25836616;6.9;1603;64.181668;2294.0
13682;Pooh's Heffalump Movie;2005-02-11;0;0;6.4;88;9.03154;73161.0
9089;Home for the Holidays;1995-11-02;0;17519169;6.3;39;4.031585;1038.0
9470;Kung Fu Hustle;2004-02-10;20000000;100914445;7.2;831;13.658985;57607.0
18357;The Country Bears;2002-07-26;35000000;0;4.3;20;6.908351;64149.0
7979;The Kite Runner;2007-10-14;20000000;73276047;7.3;394;10.446722;12995.0
470;21 Grams;2003-09-06;20000000;60427839;7.2;918;32.243357;223.0
15644;Paparazzi;2004-09-03;20000000;16605763;5.8;52;9.149089;1216735.0
9582;A Guy Thing;2003-01-17;20000000;17432163;5.3;83;5.596835;58059.0
10642;Loser;2000-07-21;0;0;5.0;120;5.214408;57434.0
22074;Capitalism: A Love Story;2009-09-06;20000000;17436509;7.0;167;10.50098;17087.0
2428;The Greatest Story Ever Told;1965-02-15;20000000;15473333;6.5;41;3.011205;18738.0
290751;Secret in Their Eyes;2015-10-14;19500000;34854990;6.2;336;15.012237;21807.0
13805;Disaster Movie;2008-08-29;25000000;14109284;3.0;240;16.238961;35694.0
4597;Armored;2009-12-04;20000000;22942221;5.5;208;15.21229;41671.0
9414;The Man Who Knew Too Little;1997-11-14;20000000;13801755;6.5;125;6.397042;15148.0
63492;What's Your Number?;2011-09-30;20000000;30426096;6.2;671;19.220789;57199.0
81796;Lockout;2012-04-12;20000000;32204030;5.8;715;35.232278;936154.0
10710;Envy;2004-04-30;40000000;0;4.8;139;9.842771;8246.0
15092;Crank: High Voltage;2009-04-16;20000000;34560577;5.9;861;35.542809;20192.0
11382;Bullets Over Broadway;1994-10-14;0;0;7.0;130;7.829295;1243.0
15005;One Night with the King;2006-10-13;20000000;13391174;6.1;12;3.476925;87178.0
8198;The Quiet American;2002-11-22;30000000;27674124;6.4;81;5.133744;13015.0
6963;The Weather Man;2005-10-20;20000000;12482775;6.0;289;14.031377;1704.0
15070;Undisputed;2002-08-23;20000000;12398628;6.1;139;17.227376;1723.0
12797;Ghost Town;2008-09-19;0;0;6.4;286;17.98817;508.0
17134;12 Rounds;2009-03-19;20000000;17280326;5.7;220;15.66135;16938.0
41402;Let Me In;2010-10-01;20000000;24145613;6.7;641;19.705311;32278.0
18885;3 Ninjas Kick Back;1994-05-06;0;0;4.5;48;2.645722;36147.0
4953;Be Kind Rewind;2008-01-20;0;0;6.2;424;17.662683;201.0
10773;Mrs Henderson Presents;2005-09-09;0;0;6.4;62;2.894154;3224.0
146198;Triple 9;2016-02-19;20000000;12639297;5.6;797;29.371987;53333.0
2639;Deconstructing Harry;1997-08-26;20000000;10686841;7.3;187;11.352693;1243.0
10563;Three to Tango;1999-10-22;20000000;0;5.4;62;7.553773;66039.0
295964;Burnt;2015-10-02;20000000;36606743;6.3;950;30.477114;47333.0
5971;We're No Angels;1989-12-15;20000000;0;5.6;105;9.927018;17016.0
9716;Everyone Says I Love You;1996-12-06;20000000;0;6.5;147;12.379781;1243.0
11835;Death Sentence;2007-08-31;20000000;16974459;6.5;297;12.643703;2127.0
26171;Everybody's Fine;2009-12-04;21000000;0;6.5;284;15.440465;64045.0
31117;Superbabies: Baby Geniuses 2;2004-08-27;0;9109322;1.9;35;5.886228;12698.0
9074;The Man;2005-09-08;0;12382362;5.4;133;6.925645;56911.0
14396;Code Name: The Cleaner;2007-01-05;20000000;10337477;4.7;78;9.36146;56911.0
15673;Connie and Carla;2004-04-16;20000000;11341016;6.4;24;6.102663;15045.0
42618;Sweet Charity;1969-01-01;8000000;20000000;6.5;15;0.709143;66777.0
171274;Inherent Vice;2014-12-25;20000000;11110975;6.5;833;45.742217;4762.0
24432;Doogal;2006-02-24;0;0;3.2;18;1.682839;53332.0
109417;Battle of the Year;2013-09-21;20000000;16549477;5.9;88;8.237336;1046142.0
13948;An American Carol;2008-10-03;20000000;7000000;4.1;20;2.605374;12987.0
106747;Machete Kills;2013-09-12;12000000;15008161;5.3;631;29.072964;2294.0
10929;Willard;2003-03-14;22000000;0;5.8;82;1.322528;58403.0
14220;Strange Wilderness;2008-02-01;0;6575282;4.7;69;4.961306;66563.0
46435;Topsy-Turvy;1999-09-03;0;0;6.7;41;8.628519;65452.0
256962;Little Boy;2015-04-23;20000000;6420319;7.0;185;12.232048;72960.0
48231;A Dangerous Method;2011-09-30;15000000;27462041;6.2;571;27.133277;224.0
3509;A Scanner Darkly;2006-05-25;8700000;7659918;6.8;532;26.093043;564.0
82684;Chasing Mavericks;2012-10-25;0;0;7.0;216;13.621201;323.0
12142;Alone in the Dark;2005-01-28;20000000;10442808;3.1;173;9.292987;23799.0
23367;Bandslam;2009-08-06;20000000;5210988;5.4;126;7.716606;18342.0
10740;Birth;2004-09-08;20000000;0;5.9;179;7.698075;66728.0
241239;A Most Violent Year;2014-12-30;20000000;12007070;6.5;546;37.629309;556172.0
14582;Passchendaele;2008-10-17;0;0;6.3;26;2.405911;84021.0
14914;Flash of Genius;2008-09-07;0;0;6.3;59;3.350297;15219.0
3902;I'm Not There.;2007-10-01;20000000;4001121;6.6;195;13.032308;16863.0
77948;The Cold Light of Day;2012-04-04;20000000;16863583;4.8;271;15.131867;74924.0
21755;The Brothers Bloom;2008-09-09;20000000;5530764;6.8;203;10.218307;67367.0
4960;Synecdoche, New York;2008-10-24;21000000;0;7.4;278;12.761176;202.0
128;Princess Mononoke;1997-07-12;26500000;159375308;8.2;1983;60.732738;608.0
14652;Bon voyage;2003-04-16;0;0;5.7;20;0.49446;25950.0
40932;Can't Stop the Music;1980-06-20;0;0;4.9;9;6.574285;47503.0
16608;The Proposition;2005-10-06;2000000;5048693;7.1;218;14.617944;53333.0
334531;My All American;2015-11-13;20000000;0;6.8;36;3.102987;44848.0
32316;Marci X;2003-08-22;20000000;1675706;3.3;12;5.65327;24318.0
7299;Equilibrium;2002-12-06;20000000;5359645;6.9;1552;44.566609;13927.0
13405;The Children of Huang Shi;2008-07-03;40000000;7400000;6.5;52;8.978408;1724.0
19457;The Yards;2000-04-27;0;0;6.0;97;10.150993;20561.0
112937;The Oogieloves in the Big Balloon Adventure;2012-08-29;0;0;2.2;8;0.28576;116370.0
314385;By the Sea;2015-11-12;10000000;3727746;5.4;156;11.267676;11701.0
8953;Steamboy;2004-07-17;20000000;0;6.4;102;9.129808;185.0
29078;The Game of Their Lives;2005-01-01;0;0;5.8;14;2.013405;44847.0
46503;All Good Things;2010-12-03;0;0;5.9;286;20.086645;23287.0
10448;Rapa Nui;1994-09-09;20000000;305070;6.2;33;3.581906;8300.0
13688;CJ7;2008-01-30;0;47301471;6.1;107;12.373248;57607.0
10353;The Visitors II: The Corridors of Time;1998-02-11;0;0;5.8;221;12.283025;64909.0
43935;Dylan Dog: Dead of Night;2011-03-16;20000000;4634062;4.5;139;10.617236;19499.0
11458;People I Know;2002-11-21;20000000;0;5.5;48;6.377308;69696.0
44638;The Tempest;2010-12-10;20000000;346594;6.0;31;3.620537;16391.0
241257;Regression;2015-10-01;0;17671101;5.3;585;27.215666;19840.0
14538;Three Kingdoms: Resurrection of the Dragon;2008-04-03;0;0;6.6;35;4.127155;57832.0
13250;Butterfly on a Wheel;2007-07-27;20000000;0;6.3;130;13.118983;77964.0
133931;Zambezia;2012-06-05;20000000;0;5.3;68;14.182301;1098107.0
280871;Ramanujan;2014-07-11;0;0;5.0;3;0.416179;1339129.0
239897;Dwegons;2014-01-24;0;0;0.5;1;0.485405;1275019.0
184341;Hands of Stone;2016-08-26;20000000;0;6.1;109;7.444189;57454.0
334074;Survivor;2015-05-21;20000000;0;5.4;404;33.625477;11266.0
199373;The Frozen Ground;2013-07-18;27220000;5496951;6.1;465;28.060472;1179590.0
14202;The Painted Veil;2006-12-09;19400000;0;7.1;312;20.746932;96166.0
6968;The Baader Meinhof Complex;2008-09-24;27000000;0;7.1;157;7.727035;15868.0
581;Dances with Wolves;1990-11-09;22000000;424208848;7.6;1046;45.707835;1269.0
52449;Bad Teacher;2011-05-16;20000000;216197492;5.4;1584;28.497242;51851.0
12150;Sea of Love;1989-09-15;19000000;110879513;6.7;141;11.47316;23213.0
11247;A Cinderella Story;2004-07-10;19000000;70067909;6.1;713;25.28132;68770.0
4232;Scream;1996-12-20;14000000;173046663;7.0;1476;45.99611;5140.0
9378;Thir13en Ghosts;2001-10-26;0;0;5.4;440;20.392858;57521.0
694;The Shining;1980-05-22;19000000;44017374;8.1;3757;78.699993;240.0
105;Back to the Future;1985-07-03;19000000;381109762;8.0;6079;76.603233;24.0
11377;House on Haunted Hill;1999-10-29;19000000;40846082;5.5;209;13.664614;57898.0
26367;I Can Do Bad All By Myself;2009-09-11;0;0;6.0;40;2.242809;80602.0
385383;Fight Valley;2016-07-22;27000000;0;3.9;8;1.224105;1585252.0
41210;The Switch;2010-05-11;19000000;49830607;5.9;583;27.494037;60922.0
12090;Just Married;2003-01-09;18000000;101564935;5.3;404;18.47518;17825.0
62630;The Devil's Double;2011-02-11;19100000;5728213;6.5;208;10.559414;7256.0
16110;Thomas and the Magic Railroad;2000-07-26;0;0;4.6;8;1.916351;113733.0
29427;The Crazies;2010-02-26;20000000;54956140;6.2;633;28.867568;52609.0
129;Spirited Away;2001-07-20;15000000;274925095;8.3;3840;118.968562;608.0
244114;Firestorm;2013-12-12;0;0;5.9;43;3.376967;70110.0
2669;The Bounty;1984-05-04;25000000;8613462;6.5;108;7.436491;21370.0
203833;The Book Thief;2013-11-08;0;76586316;7.4;1486;57.84156;126945.0
13523;Sex Drive;2008-10-16;19000000;18755936;6.0;342;17.952817;74619.0
25195;Leap Year;2010-01-08;19000000;29922472;6.4;465;21.959742;26481.0
17277;The Fall of the Roman Empire;1964-03-24;19000000;4750000;6.0;33;4.229942;40199.0
50725;Take Me Home Tonight;2011-03-04;19000000;6928068;6.2;208;11.766564;71280.0
82631;Won't Back Down;2012-09-28;0;5310554;5.8;40;2.366251;84061.0
73191;The Nutcracker;1993-11-24;19000000;2119994;5.6;5;0.068228;716.0
22479;Kansas City;1996-08-16;18000000;0;6.1;12;5.380733;9789.0
340611;Indignation;2016-07-29;0;0;6.8;69;5.625989;1617.0
10065;The Amityville Horror;2005-04-15;19000000;108047131;6.0;588;30.205943;62721.0
2757;Adaptation.;2002-12-06;19000000;32801173;7.3;638;26.441669;5953.0
11683;Land of the Dead;2005-06-24;15000000;46770602;6.0;381;15.262492;14999.0
244339;Out of Inferno;2013-03-10;0;0;5.8;11;1.583918;21905.0
1878;Fear and Loathing in Las Vegas;1998-05-22;18500000;10680275;7.2;1301;44.511363;280.0
23082;The Invention of Lying;2009-09-13;18500000;31912793;6.0;518;16.665841;17835.0
195589;Neighbors;2014-05-08;18000000;268157400;6.2;2713;36.471231;52934.0
854;The Mask;1994-07-29;23000000;351583407;6.6;2472;85.30318;26713.0
2280;Big;1988-06-03;18000000;151668774;6.9;993;20.716023;14911.0
496;Borat: Cultural Learnings of America for Make Benefit Glorious Nation of Kazakhstan;2006-11-01;18000000;261572744;6.5;1579;29.487784;6767.0
8835;Legally Blonde;2001-07-13;18000000;141774679;6.1;882;25.43954;36797.0
157;Star Trek III: The Search for Spock;1984-05-31;18000000;87000000;6.4;434;15.314027;1749.0
8643;The Exorcism of Emily Rose;2005-09-09;19000000;144216468;6.3;659;32.602868;55499.0
10402;Deuce Bigalow: Male Gigolo;1999-12-10;17000000;65535067;5.5;308;9.832326;64151.0
218043;Left Behind;2014-10-03;16000000;19682924;3.7;392;33.452469;15358.0
9043;The Family Stone;2005-12-14;0;0;6.2;249;14.190837;56789.0
21301;Barbershop 2:  Back in Business;2004-01-20;18000000;65070412;5.6;74;6.501815;70777.0
10147;Bad Santa;2003-11-26;23000000;76488889;6.5;656;26.58873;17447.0
816;Austin Powers: International Man of Mystery;1997-05-02;16500000;67683989;6.5;1013;36.15716;6737.0
302688;My Big Fat Greek Wedding 2;2016-03-23;18000000;88923251;5.5;322;16.027955;64045.0
60307;Diary of a Wimpy Kid: Rodrick Rules;2011-03-25;21000000;72417394;6.3;238;14.329891;33183.0
106;Predator;1987-06-11;18000000;98235548;7.3;2093;50.009408;1090.0
279;Amadeus;1984-10-26;18000000;51973029;7.8;1076;31.82675;3974.0
8617;Prom Night;2008-04-10;0;14796236;4.8;167;9.642041;45627.0
10625;Mean Girls;2004-04-30;17000000;129042871;6.9;2320;36.423717;54050.0
10934;Under the Tuscan Sun;2003-04-30;0;0;6.4;172;12.309718;36805.0
5279;Gosford Park;2001-11-07;19800000;87754044;6.8;246;11.693272;9789.0
10013;Peggy Sue Got Married;1986-10-05;18000000;41382841;5.9;136;12.243887;1776.0
194662;Birdman;2014-08-27;18000000;103215094;7.4;4535;89.811154;223.0
160588;Blue Jasmine;2013-07-25;18000000;99206215;7.0;1098;34.694216;1243.0
9829;United 93;2006-04-28;15000000;76286096;6.9;367;17.50138;25598.0
10028;Honey;2003-11-24;18000000;62646763;6.0;303;18.492655;62116.0
10535;Spy Hard;1996-05-24;18000000;0;4.9;147;11.238522;65548.0
790;The Fog;1980-02-08;1000000;21378361;6.4;311;14.518598;11770.0
43959;Soul Surfer;2011-04-08;18000000;47088990;6.9;342;19.234672;129952.0
10364;Catch-22;1970-06-24;18000000;24911670;6.7;72;4.504377;5342.0
16991;Observe and Report;2009-04-10;0;24007324;5.6;225;10.529143;54710.0
9610;Conan the Destroyer;1984-06-29;18000000;100000000;5.8;383;18.379124;2087.0
1578;Raging Bull;1980-11-14;18000000;23000000;7.7;938;35.524457;1032.0
25643;Love Happens;2009-09-18;18000000;36133014;5.6;180;13.472365;62541.0
11904;Young Sherlock Holmes;1985-12-04;18000000;0;6.7;167;8.321586;8246.0
28665;Fame;2009-01-01;0;0;5.5;135;7.668063;101518.0
44115;127 Hours;2010-11-05;18000000;35692920;7.0;2606;52.464877;2034.0
10569;Small Time Crooks;2000-05-19;0;0;6.4;155;11.423533;1243.0
10560;Center Stage;2000-05-12;18000000;17200925;6.8;90;6.961736;55476.0
333348;Love the Coopers;2015-11-12;17000000;24000000;5.4;167;9.191187;16853.0
20483;Catch That Kid;2004-02-06;18000000;16702864;4.9;76;4.492859;86203.0
11457;Life as a House;2001-10-25;18000000;0;7.2;120;5.706767;11472.0
321697;Steve Jobs;2015-10-09;30000000;34441873;6.8;1573;53.670525;2034.0
19840;I Love You, Beth Cooper;2009-07-10;18000000;0;5.1;197;14.15192;10965.0
22327;Youth in Revolt;2009-09-11;18000000;0;5.9;319;13.462544;61069.0
38665;The Legend of the Lone Ranger;1981-08-20;18000000;2945600;3.7;14;11.725805;12846.0
2575;The Tailor of Panama;2001-02-11;21000000;28008462;6.2;92;7.047975;19665.0
11644;Blow Out;1981-07-24;18000000;12000000;7.3;236;13.628601;1150.0
146227;Getaway;2013-08-29;18000000;10501938;4.9;246;16.520516;61921.0
68924;The Ice Storm;1997-09-27;18000000;8038061;6.9;176;14.916264;1614.0
253235;And So It Goes;2014-07-20;18000000;25312387;5.7;164;9.633711;3026.0
22102;Troop Beverly Hills;1989-03-22;0;0;5.6;56;3.455018;67897.0
18701;Being Julia;2004-09-03;0;0;6.4;23;1.946634;225898.0
10068;Nine 1/2 Weeks;1986-02-14;17000000;6735922;5.8;177;12.313143;7270.0
848;Dragonslayer;1981-06-26;18000000;14110013;6.5;67;3.258422;12677.0
36811;The Last Station;2009-09-04;0;0;6.7;55;3.659292;52405.0
522;Ed Wood;1994-09-27;18000000;5887457;7.3;630;24.548633;510.0
130150;Labor Day;2013-12-27;18000000;20275812;6.7;299;17.683563;52443.0
12246;Mongol: The Rise of Genghis Khan;2007-09-20;18000000;26527510;6.5;158;10.1449;130938.0
13809;RockNRolla;2008-09-04;18000000;25739015;6.9;836;31.887978;956.0
27380;Megaforce;1982-06-25;0;0;3.5;15;1.110179;67767.0
10549;Hamlet;1996-12-25;0;0;7.3;117;9.814785;11181.0
33870;Mao's Last Dancer;2009-10-01;25000000;20719451;6.8;28;1.876811;5696.0
245703;Midnight Special;2016-02-18;18000000;6212282;6.2;694;32.717853;71872.0
10739;Anything Else;2003-08-27;0;0;6.2;149;8.945081;1243.0
127560;The Railway Man;2013-12-26;18000000;22309223;6.7;273;13.916583;97942.0
37903;The White Ribbon;2009-05-21;15238800;0;7.2;255;17.94739;6011.0
396152;Restoration;2016-05-03;0;0;5.3;11;2.525569;12714.0
10017;The Wraith;1986-11-21;2700000;3500000;5.9;108;10.47644;56173.0
11468;Salton Sea;2002-01-01;18000000;676698;7.0;104;10.991281;40256.0
193613;Metallica: Through the Never;2013-09-25;18000000;7972967;6.7;83;7.871686;41671.0
17436;The Informers;2008-11-05;18000000;382174;4.4;60;6.333869;57030.0
43434;Carlos;2010-05-19;18000000;871279;6.7;50;1.138383;21678.0
31166;I Come with the Rain;2009-05-14;18000000;0;5.6;20;8.266124;107730.0
69848;One Man's Hero;1999-08-02;0;0;9.3;2;0.910529;57154.0
8408;Day of the Dead;1985-07-19;3500000;34000000;6.9;270;18.025206;14999.0
332411;I Am Wrath;2016-04-14;18000000;0;4.5;179;10.144222;26713.0
9389;Renaissance;2006-03-16;18000000;1831348;6.7;77;9.244181;57557.0
9626;Red Sonja;1985-04-09;17900000;6948633;5.0;206;12.752463;2087.0
75638;Red Lights;2012-03-02;14000000;13551174;6.0;376;22.748174;95320.0
8363;Superbad;2007-08-17;20000000;121463226;7.0;2100;33.436092;54733.0
15670;Madea Goes to Jail;2009-02-16;0;90508336;6.4;52;3.107371;80602.0
290555;Wolves;2014-08-28;18000000;0;5.7;82;7.922639;10995.0
8328;Step Up 2: The Streets;2008-02-14;23000000;150816700;6.5;640;28.973074;54507.0
10982;Hoodwinked!;2005-12-16;15000000;51053787;5.9;479;23.980329;61373.0
205;Hotel Rwanda;2004-09-11;17500000;38000000;7.5;793;28.60542;2589.0
1620;Hitman;2007-11-21;24000000;99965753;5.9;966;42.669304;18184.0
175541;Black Nativity;2013-11-27;17500000;7018189;5.8;16;7.180403;51864.0
241254;The Prince;2014-08-22;18000000;266586800;4.6;218;21.638673;1024823.0
31932;City of Ghosts;2002-01-01;0;0;5.4;18;2.64486;2876.0
1933;The Others;2001-08-02;0;0;7.4;1660;25.881355;19840.0
679;Aliens;1986-07-18;18500000;183316455;7.7;3220;67.66094;2710.0
11113;My Fair Lady;1964-10-21;17000000;72070731;7.4;352;20.786616;14674.0
3597;I Know What You Did Last Summer;1997-10-17;17000000;125586134;5.6;687;27.654472;33254.0
193893;Let's Be Cops;2014-08-13;17000000;136621271;6.4;1219;70.668923;65734.0
9675;Sideways;2004-10-22;16000000;109502303;6.9;478;23.425431;13235.0
9988;Beerfest;2006-08-25;17500000;19179969;5.8;172;14.304444;52049.0
948;Halloween;1978-10-25;300000;70000000;7.4;1035;30.301307;11770.0
21765;Good Boy!;2003-10-10;17000000;0;4.7;30;3.56033;89113.0
146304;The Best Man Holiday;2013-11-15;17000000;71625195;6.7;110;7.210095;72024.0
7516;Smokin' Aces;2006-12-09;17000000;57103895;6.4;534;23.491962;40223.0
41439;Saw: The Final Chapter;2010-10-21;20000000;136150434;5.8;730;36.133536;2150.0
2752;40 Days and 40 Nights;2002-03-01;17000000;0;5.2;297;14.18136;7145.0
9429;A Night at the Roxbury;1998-10-01;17000000;30331165;5.9;198;12.709227;58316.0
38117;Beastly;2011-01-21;17000000;43165571;6.0;849;24.054062;84061.0
9792;The Hills Have Eyes;2006-03-10;15000000;69623713;6.1;705;35.107857;59291.0
13778;Dickie Roberts: Former Child Star;2003-09-05;0;0;5.1;64;10.149569;54967.0
228203;McFarland, USA;2015-02-20;0;45710059;7.4;213;14.023082;15287.0
41382;Lottery Ticket;2010-08-20;0;0;5.6;54;9.054803;130687.0
13960;ATL;2006-03-31;20000000;21170563;6.0;32;5.422285;75687.0
114150;Pitch Perfect;2012-09-28;17000000;115350426;7.3;2247;32.746486;168667.0
26602;Summer Catch;2001-08-22;34000000;19693891;4.8;63;3.960098;53178.0
10223;A Simple Plan;1998-12-11;0;0;6.9;187;10.178917;7623.0
16028;They;2002-11-01;17000000;0;4.6;74;4.544216;57895.0
15639;Larry the Cable Guy: Health Inspector;2006-03-24;0;0;3.3;17;2.184708;130822.0
16112;The Adventures of Elmo in Grouchland;1999-10-01;0;0;6.3;14;3.09159;150641.0
26390;Brooklyn's Finest;2009-01-16;17000000;29536299;6.2;293;18.790102;20907.0
27759;55 Days at Peking;1963-05-06;17000000;10000000;6.3;36;3.321095;2765.0
109428;Evil Dead;2013-04-05;17000000;97542952;6.4;1723;33.912116;932248.0
23049;My Life in Ruins;2009-02-06;17000000;20455276;5.6;101;5.787891;18281.0
9310;American Dreamz;2006-03-04;17000000;7314027;4.9;95;7.864011;3289.0
11411;Superman IV: The Quest for Peace;1987-07-23;17000000;19300000;4.1;318;17.062117;64508.0
16988;How She Move;2008-01-25;0;0;3.0;6;1.782666;190339.0
7304;Running Scared;2006-01-06;17000000;9500000;7.0;331;19.311572;19000.0
24747;Bobby Jones: Stroke of Genius;2004-04-30;0;0;5.5;19;2.897449;63943.0
58048;Shanghai Surprise;1986-08-29;17000000;0;2.9;15;0.138564;134639.0
1491;The Illusionist;2006-08-18;40000000;86915017;7.1;1615;36.960953;17329.0
2989;Roar;1981-11-12;17000000;2000000;5.6;19;1.15641;29342.0
10629;Veronica Guerin;2003-07-11;17000000;1569918;6.8;59;9.583578;5572.0
255343;Escobar: Paradise Lost;2014-10-11;17000000;3758328;6.1;271;25.112567;40541.0
4723;Southland Tales;2006-05-15;17000000;374743;5.2;153;9.349386;1577.0
10800;Dragon Hunters;2008-03-19;15000000;0;6.5;129;8.884405;66856.0
25763;Damnation Alley;1977-09-10;17000000;8720000;5.0;27;2.215261;30422.0
79694;The Apparition;2012-08-23;17000000;9627492;4.5;140;6.385234;587800.0
4032;My Girl;1991-11-27;16500000;0;7.0;428;20.935169;34611.0
18615;Fur: An Imaginary Portrait of Diane Arbus;2006-08-30;16800000;2281089;5.8;73;4.358255;67795.0
10673;Wall Street;1987-12-10;15000000;43848069;7.0;546;24.898687;1152.0
4584;Sense and Sensibility;1995-12-13;16500000;135000000;7.2;352;20.898711;1614.0
2977;Becoming Jane;2007-03-02;16500000;37311672;6.9;317;18.236284;29226.0
10760;Sydney White;2007-09-21;16500000;13620075;6.0;236;10.74648;54597.0
11093;House of Sand and Fog;2003-12-19;16500000;16942795;7.0;199;12.102725;78118.0
207;Dead Poets Society;1989-06-02;16400000;235860116;8.1;2705;55.458584;2690.0
8467;Dumb and Dumber;1994-12-16;16000000;247275374;6.5;1859;35.777067;7395.0
639;When Harry Met Sally...;1989-07-21;16000000;92823546;7.3;950;18.430419;3026.0
24226;The Verdict;1982-12-08;16000000;53977250;7.4;131;7.980632;39996.0
9285;Road Trip;2000-05-19;16000000;119754278;5.9;542;14.759948;57130.0
14709;Varsity Blues;1999-01-15;0;0;6.0;122;9.229999;53177.0
74643;The Artist;2011-05-15;15000000;133432856;7.3;1049;29.943316;67717.0
13788;The Unborn;2009-01-09;16000000;76514050;4.8;365;15.788784;3893.0
83666;Moonrise Kingdom;2012-05-16;16000000;68263166;7.6;1662;41.083914;5655.0
10781;The Texas Chainsaw Massacre: The Beginning;2006-10-06;16000000;0;5.9;402;21.380635;66739.0
318850;The Young Messiah;2016-03-10;18500000;6490401;6.4;30;1.884558;110618.0
13908;The Master of Disguise;2002-08-02;0;0;3.7;78;4.382761;20824.0
1417;Pan's Labyrinth;2006-05-27;19000000;83258226;7.6;3041;90.809408;10828.0
39180;See Spot Run;2001-03-02;0;0;4.8;44;6.579017;61175.0
16161;Baby Boy;2001-06-27;16000000;29381649;7.4;55;7.854989;6482.0
49950;The Roommate;2011-02-04;16000000;40492759;5.3;224;11.807269;143079.0
10956;Joe Dirt;2001-04-10;17700000;30987695;5.5;242;15.976335;66960.0
9594;Double Impact;1991-08-10;15000000;30102717;5.3;215;10.484642;16590.0
4638;Hot Fuzz;2007-02-14;12000000;80573774;7.4;2199;38.623178;11090.0
13972;The Women;2008-09-12;16000000;50007546;4.6;96;8.8321;76230.0
5038;Vicky Cristina Barcelona;2008-08-15;15000000;96408652;6.7;1020;32.758254;1243.0
13491;Arn: The Knight Templar;2007-12-17;25000000;0;6.4;76;6.091033;75043.0
10571;Boys and Girls;2000-06-16;16000000;20627372;5.4;103;9.119797;64815.0
10994;White Oleander;2002-10-11;0;0;7.2;108;9.423866;67781.0
19994;Jennifer's Body;2009-09-18;16000000;31556061;5.3;837;32.257414;54025.0
25166;Drowning Mona;2000-03-03;16000000;15427192;5.4;43;3.021835;17278.0
30890;Radio Days;1987-01-30;16000000;0;7.0;127;7.612849;1243.0
23169;Remember Me;2010-03-12;20000000;0;6.9;948;36.764666;16834.0
17403;How to Deal;2003-07-18;0;0;5.7;42;3.199784;51600.0
12120;My Stepmother is an Alien;1988-12-09;20000000;13854000;5.3;131;9.455596;24318.0
9800;Philadelphia;1993-12-22;26000000;206678440;7.6;988;44.301745;16294.0
1090;The Thirteenth Floor;1999-04-16;16000000;18564088;6.8;378;19.890428;15361.0
18475;The Cookout;2004-09-03;16000000;12;4.6;10;0.830596;302339.0
40160;Meteor;1979-10-19;0;0;5.1;36;2.637355;7501.0
18074;Duets;2000-09-09;0;0;5.5;34;2.25453;173607.0
9689;Hollywood Ending;2002-05-03;16000000;0;6.4;113;8.711782;1243.0
9781;Detroit Rock City;1999-08-13;6500000;4217115;6.7;100;5.700333;50583.0
8009;Highlander;1986-03-07;16000000;5900000;6.8;624;29.253833;52968.0
3877;Things We Lost in the Fire;2007-09-26;16000000;2849142;6.7;90;8.842869;1011.0
8854;Steel;1997-08-15;16000000;1686429;4.3;48;2.848727;19142.0
152599;The Immigrant;2013-07-03;16000000;5867686;6.2;250;13.832464;20561.0
18840;The White Countess;2005-10-30;0;0;6.9;21;4.488547;54441.0
68727;Trance;2013-03-27;20000000;24261569;6.5;956;38.802415;2034.0
12657;Soul Plane;2004-05-28;16000000;14822346;4.7;108;9.400404;73832.0
8265;Welcome to the Sticks;2008-01-09;11000000;53191886;6.8;615;18.923181;37627.0
12410;Good;2008-12-11;0;0;6.3;29;2.397987;72133.0
34647;Enter the Void;2009-05-05;13000000;754249;7.2;387;20.39955;14597.0
73935;Vamps;2012-08-25;16000000;0;4.8;91;7.251897;57434.0
28178;Hachi: A Dog's Tale;2009-06-13;16000000;47801389;7.7;1717;43.217089;5306.0
185567;Zulu;2013-12-04;16000000;0;6.7;172;14.529496;69987.0
264656;The Homesman;2014-05-18;16000000;3442853;6.4;258;20.59148;2176.0
35696;Juwanna Mann;2002-06-21;15600000;0;4.2;20;2.244947;114646.0
16351;Ararat;2002-05-20;0;0;5.7;16;1.326264;56205.0
38717;Madison;2001-01-23;0;0;5.3;3;0.212108;140151.0
18777;Slow Burn;2005-09-12;15500000;1237615;5.5;16;6.630856;58667.0
2110;Wasabi;2001-10-31;15300000;0;6.2;283;18.20957;21647.0
9035;Slither;2006-03-31;15500000;0;6.3;317;17.327279;15218.0
90;Beverly Hills Cop;1984-11-29;15000000;316360478;6.8;961;29.843818;769.0
771;Home Alone;1990-11-09;18000000;476684675;7.1;2414;2.186927;10965.0
12154;Three Men and a Baby;1987-11-27;0;0;5.8;253;12.335827;1749.0
9576;Tootsie;1982-12-16;21000000;177200000;6.9;421;20.818567;2226.0
744;Top Gun;1986-05-16;15000000;356830601;6.7;1698;58.900647;893.0
146;Crouching Tiger, Hidden Dragon;2000-10-01;17000000;213525736;7.2;927;45.742254;1614.0
14;American Beauty;1999-09-15;15000000;356296601;7.9;3313;80.878605;39.0
45269;The King's Speech;2010-09-06;15000000;414211549;7.6;2752;54.053576;70500.0
9493;Twins;1988-12-09;15000000;216614388;5.7;559;17.638286;8858.0
22556;The Yellow Handkerchief;2008-12-17;15000000;317000;6.4;52;3.803495;145304.0
873;The Color Purple;1985-12-18;15000000;146292009;7.7;338;17.571533;488.0
33196;Tidal Wave;2009-06-06;16000000;11301649;6.5;48;4.628525;87537.0
205596;The Imitation Game;2014-11-14;14000000;233555708;8.0;5723;145.364591;77965.0
10765;Private Benjamin;1980-10-06;0;0;6.0;102;12.18838;34611.0
16769;Coal Miner's Daughter;1980-03-07;15000000;67182787;7.2;67;3.826685;10781.0
33217;Diary of a Wimpy Kid;2010-03-19;15000000;75700498;5.9;355;21.095489;109857.0
132232;Mama;2013-01-17;15000000;146497771;6.0;1401;47.455148;1113116.0
11153;National Lampoon's Vacation;1983-07-28;15000000;61399552;7.1;410;22.838834;1524.0
208134;Bad Grandpa;2013-10-22;15000000;151831537;6.0;680;27.165222;56578.0
1165;The Queen;2006-09-15;15000000;123384128;6.8;338;19.113278;3224.0
4011;Beetlejuice;1988-02-29;15000000;73326666;7.1;1444;58.553213;510.0
17202;Why Did I Get Married?;2007-10-12;15000000;55184721;6.1;33;2.005111;80602.0
9587;Little Women;1994-12-21;18000000;0;7.0;215;16.418639;58094.0
65086;The Woman in Black;2012-02-01;17000000;127730736;6.1;1206;43.675191;63306.0
10053;When a Stranger Calls;2006-02-03;15000000;66966987;5.4;268;4.688212;12786.0
11870;Big Fat Liar;2002-02-08;15000000;52970014;5.6;197;9.125594;17825.0
11778;The Deer Hunter;1978-12-08;15000000;50000000;7.8;921;19.786392;12114.0
586;Wag the Dog;1997-12-25;15000000;64256513;6.7;270;13.581966;8246.0
18736;The Lizzie McGuire Movie;2003-04-25;17000000;55534455;5.7;280;11.927667;19228.0
134411;Snitch;2013-02-21;35000000;42930462;5.8;1138;30.556135;76422.0
287903;Krampus;2015-11-26;15000000;61548707;5.9;584;31.565117;11012.0
9276;The Faculty;1998-12-25;15000000;40283321;6.2;492;21.535126;2294.0
15765;What's Love Got to Do with It;1993-06-09;0;0;6.9;72;7.921311;18069.0
2142;Cop Land;1997-08-15;15000000;44862187;6.6;382;19.284129;366.0
11397;Not Another Teen Movie;2001-12-07;16000000;66468332;5.5;431;23.423082;57604.0
77016;End of Watch;2012-09-20;7000000;48126384;7.2;1170;49.517264;19769.0
11478;The Skulls;2000-03-31;15000000;35007180;5.8;156;11.375032;18878.0
266856;The Theory of Everything;2014-11-26;15000000;123726688;7.8;3311;61.182331;76998.0
13411;Malibu's Most Wanted;2003-04-10;0;0;4.7;77;7.314796;61175.0
10564;Where the Heart Is;2000-04-27;15000000;33771174;6.9;155;6.857923;34481.0
947;Lawrence of Arabia;1962-12-10;15000000;69995385;7.8;851;41.286336;12238.0
24150;Halloween II;2009-08-28;15000000;39421467;5.1;267;12.929525;16848.0
228970;Wild;2014-12-05;15000000;52501541;7.0;951;42.952942;69371.0
18405;The Last House on the Left;2009-03-13;15000000;32721635;6.2;440;19.760383;94108.0
6961;The Wedding Date;2005-02-04;15000000;47175038;6.2;230;10.194097;51600.0
11442;Halloween: Resurrection;2002-07-01;13000000;37664855;4.5;228;11.045593;33341.0
2493;The Princess Bride;1987-09-18;16000000;30857814;7.6;1486;44.533612;3026.0
14047;The Great Debaters;2007-12-27;15000000;30226144;6.9;151;10.84158;5292.0
64690;Drive;2011-08-06;15000000;78054825;7.4;3725;49.294864;21183.0
11132;Confessions of a Teenage Drama Queen;2004-02-17;15000000;29331068;5.1;221;7.424798;58628.0
17127;The Object of My Affection;1998-04-17;15000000;46905889;5.6;72;5.164281;55476.0
1562;28 Weeks Later;2007-04-26;15000000;64238440;6.5;1197;34.759855;17597.0
232679;When the Game Stands Tall;2014-08-22;15000000;30127963;6.3;130;7.297757;52038.0
17880;Because of Winn-Dixie;2005-02-18;14000000;32645546;6.1;61;3.334804;39819.0
14736;Love & Basketball;2000-04-21;20000000;27728118;7.4;88;2.027393;71947.0
9434;Grosse Pointe Blank;1997-04-11;0;28084357;6.9;275;13.817269;58294.0
23706;All About Steve;2009-09-04;15000000;40105542;4.7;295;13.237835;78562.0
11531;Book of Shadows: Blair Witch 2;2000-10-27;0;0;4.3;212;3.890223;69237.0
9100;The Craft;1996-05-03;15000000;24769466;6.3;380;19.517239;41549.0
116;Match Point;2005-10-26;15000000;85306374;7.3;1105;30.669913;1243.0
38843;Ramona and Beezus;2010-07-23;0;0;6.1;245;9.681147;1223175.0
1245;The Remains of the Day;1993-11-05;11500000;23237911;7.5;202;15.355589;54441.0
4995;Boogie Nights;1997-09-11;15000000;43101594;7.5;796;19.85579;4762.0
10413;Nowhere to Run;1993-01-15;0;0;5.5;119;11.689337;57895.0
14012;Flicka;2006-10-20;15000000;21000000;6.1;52;3.043589;50460.0
9793;The Hills Have Eyes 2;2007-03-22;15000000;0;5.2;351;17.141376;58260.0
12212;Urban Legends: Final Cut;2000-09-19;14000000;38574362;4.4;100;8.885017;9039.0
13768;Tuck Everlasting;2002-10-11;0;0;6.4;128;4.115398;46297.0
8975;The Marine;2006-10-13;20000000;22165608;5.0;163;7.679336;56453.0
342521;Keanu;2016-04-21;15000000;20566327;6.0;421;18.268009;136153.0
45272;Country Strong;2010-12-22;15000000;20529194;5.9;80;7.809701;129718.0
9424;Disturbing Behavior;1998-07-24;15000000;17507368;5.5;104;9.378688;33316.0
97367;The Place Beyond the Pines;2013-03-20;15000000;35485608;6.8;1653;35.395129;139098.0
254904;The November Man;2014-08-27;15000000;32556119;6.0;639;45.317278;21370.0
18681;Eye of the Beholder;1999-09-04;15000000;0;5.3;42;4.302941;27889.0
12162;The Hurt Locker;2008-10-10;15000000;42000000;7.2;1840;47.006162;14392.0
11495;Firestarter;1984-05-11;15000000;17080167;5.9;173;11.379652;67753.0
64689;Killing Them Softly;2012-09-20;15000000;37930465;5.8;742;24.612603;37618.0
157849;A Most Wanted Man;2014-07-25;15000000;31554855;6.5;541;26.708193;45052.0
13166;Freddy Got Fingered;2001-04-18;0;0;4.6;115;8.710294;36423.0
15511;VeggieTales: The Pirates Who Don't Do Anything;2008-01-11;0;0;5.9;25;1.800119;78298.0
37003;U2 3D;2007-05-19;15000000;22730842;6.7;10;0.335195;11676.0
12211;Highlander: Endgame;2000-09-01;25000000;15843608;4.4;104;11.782725;71901.0
13816;Idlewild;2006-08-25;0;0;5.1;17;2.711955;75646.0
51828;One Day;2011-03-02;15000000;59389433;7.0;978;16.629173;1176.0
22798;Whip It;2009-09-13;15000000;16633035;6.7;357;20.05902;69597.0
7501;Knockaround Guys;2001-09-07;15000000;12000000;5.9;97;8.113634;16304.0
10743;Confidence;2003-04-25;0;0;6.4;126;9.87419;15890.0
37718;The Muse;1999-08-27;0;0;5.3;31;2.857936;13.0
15237;De-Lovely;2004-07-02;20000000;0;6.3;32;3.138118;11472.0
9686;New York Stories;1989-03-10;15000000;0;6.2;64;6.684096;1776.0
17644;Barney's Great Adventure;1998-01-01;0;0;2.9;8;0.722911;104507.0
97430;The Man with the Iron Fists;2012-11-02;15000000;15608545;5.2;358;17.672021;150.0
12257;Home Fries;1998-11-25;15000000;10443316;4.8;32;3.033471;15002.0
13539;Here On Earth;2000-03-23;0;0;5.4;48;3.313257;1219210.0
68;Brazil;1985-02-20;15000000;0;7.5;861;41.089863;280.0
14024;Raise Your Voice;2004-08-10;15000000;14867514;6.0;211;10.9071;129952.0
115;The Big Lebowski;1998-03-06;15000000;46189568;7.8;2926;49.230089;1223.0
7874;Black Snake Moan;2006-12-08;15000000;10903846;6.6;243;11.429607;53267.0
4911;Dark Blue;2002-12-14;15000000;9237470;6.5;85;6.373316;4037.0
1988;A Mighty Heart;2007-01-01;16000000;18928871;6.7;95;9.717392;172.0
16222;Whatever It Takes;2000-03-31;15000000;9902115;5.0;37;8.074807;161858.0
9557;Boat Trip;2002-10-01;20000000;8586376;4.7;146;7.034752;57962.0
9026;The Importance of Being Earnest;2002-05-17;0;0;6.7;127;7.250379;56710.0
57943;The Love Letter;1998-02-01;0;0;4.7;3;0.116873;29648.0
18276;Hoot;2006-05-05;0;0;5.5;44;7.712206;151232.0
8321;In Bruges;2008-02-08;15000000;34533783;7.4;1388;25.329493;54472.0
72359;Peeples;2013-05-09;15;0;5.6;26;5.112809;84124.0
10186;The Rocker;2008-08-20;15000000;8762890;5.6;156;13.832376;57630.0
25704;Post Grad;2009-08-21;15000000;6405245;5.0;100;7.446069;12058.0
133694;Promised Land;2012-09-23;15000000;8138788;6.0;243;13.568302;5216.0
19265;Whatever Works;2009-06-19;15000000;35097815;6.8;350;21.857387;1243.0
36047;The In Crowd;2000-07-19;15000000;5217498;4.7;15;0.249245;56263.0
8053;The Three Burials of Melquiades Estrada;2005-11-17;15000000;12036149;7.0;177;12.163832;2176.0
2290;Jakob the Liar;1999-09-16;0;0;6.0;90;8.962245;18204.0
5236;Kiss Kiss Bang Bang;2005-09-05;15000000;15785148;7.2;886;32.690038;1108.0
6552;Idle Hands;1999-04-30;25000000;4152230;6.1;182;8.583217;50719.0
1018;Mulholland Drive;2001-05-16;15000000;20117339;7.6;1477;31.60985;5602.0
10075;Blood and Chocolate;2007-01-26;0;0;5.4;87;12.295216;62872.0
38031;You Will Meet a Tall Dark Stranger;2010-05-23;22000000;0;5.8;251;12.4654;1243.0
42188;Never Let Me Go;2010-09-15;15000000;9455232;6.8;737;30.983397;57446.0
112430;The Company;2007-08-05;0;0;7.0;12;1.485324;30149.0
6687;Transsiberian;2008-01-18;15000000;5926410;6.5;195;11.428903;37948.0
13853;The Clan of the Cave Bear;1986-01-17;15000000;0;4.8;27;5.484679;1044.0
31306;Crazy in Alabama;1999-10-22;0;0;6.5;12;5.770246;3131.0
8461;Funny Games;2007-10-20;15000000;7938872;6.3;545;15.175289;6011.0
331592;Listening;2015-09-11;0;0;5.5;31;2.414721;1498767.0
47692;Felicia's Journey;1999-11-24;0;0;6.6;23;0.470645;56205.0
19;Metropolis;1927-01-10;92620000;650422;8.0;657;32.351527;68.0
10045;District B13;2004-11-09;12000000;9584131;6.5;565;17.493735;35453.0
400;Things to Do in Denver When You're Dead;1995-12-01;8000000;529766;6.7;85;6.932221;5501.0
253450;The Assassin;2015-08-27;15000000;632542;6.6;157;8.142166;64992.0
9104;Buffalo Soldiers;2001-09-08;15000000;0;6.5;93;6.329672;57030.0
11190;The Return;2003-06-25;0;0;7.4;100;7.744166;68519.0
16353;Ong Bak 2;2008-12-04;8500000;8936663;6.0;152;9.029489;57207.0
23759;Centurion;2010-02-15;12000000;6814789;5.9;386;22.708647;57581.0
24206;Silent Trigger;1996-06-26;15000000;76382;5.0;22;2.609057;52968.0
10185;The Midnight Meat Train;2008-08-07;15000000;3533227;6.0;290;19.913961;45996.0
75033;Winnie Mandela;2011-09-16;15000000;0;5.2;5;1.897761;16730.0
74536;The Son of No One;2011-11-04;15000000;0;4.8;92;7.701186;53935.0
31668;All The Queen's Men;2001-10-14;15000000;23000;6.1;7;1.833058;15115.0
13501;The Good Night;2007-01-25;15000000;20380;5.7;41;12.185204;122582.0
15208;Bathory: Countess of Blood;2008-07-04;0;0;5.6;31;2.500218;78001.0
172391;Khumba;2013-07-18;20000000;27187375;5.8;72;6.459787;1199049.0
262543;Automata;2014-10-09;7000000;0;5.6;670;49.808505;119953.0
9288;Dungeons & Dragons: Wrath of the Dragon God;2005-01-01;0;0;4.8;36;4.901936;21394.0
370980;Chiamatemi Francesco - Il Papa della gente;2015-12-03;15000000;0;7.3;12;0.738646;59911.0
20083;Shinjuku Incident;2009-03-22;15000000;0;6.7;65;5.294319;240150.0
40880;Pandaemonium;2001-06-29;0;0;4.5;2;0.165367;22669.0
137;Groundhog Day;1993-02-11;14600000;70906973;7.4;2301;52.744331;1524.0
264999;Magic Mike XXL;2015-07-01;14800000;122513057;6.3;706;29.660993;119665.0
454;Romeo + Juliet;1996-10-31;14500000;147298761;6.7;1374;41.493042;6201.0
53457;Sarah's Key;2010-09-16;10000000;17511906;7.2;196;10.072199;144519.0
288980;Freedom;2014-08-21;14500000;0;5.8;9;4.389363;1219769.0
33;Unforgiven;1992-08-07;14000000;159157447;7.7;1113;37.380435;190.0
1951;Manderlay;2005-05-16;14200000;674918;6.9;78;7.05145;42.0
12405;Slumdog Millionaire;2008-05-12;15000000;377910544;7.6;2827;59.258969;2034.0
10998;Fatal Attraction;1987-09-11;14000000;320145693;6.6;291;16.742972;7270.0
114;Pretty Woman;1990-03-23;14000000;463000000;7.0;1746;45.473484;1201.0
9396;Crocodile Dundee II;1988-05-19;0;239606210;5.5;303;15.474831;57594.0
319910;Broken Horses;2015-03-15;0;0;5.0;10;4.289676;99710.0
2604;Born on the Fourth of July;1989-12-20;14000000;161001698;6.7;395;25.949277;1152.0
864;Cool Runnings;1993-09-30;14000000;154864401;6.8;491;22.409117;12962.0
14435;My Bloody Valentine;2009-01-16;15000000;100734718;5.3;299;13.706357;27226.0
1931;Stomp the Yard;2007-05-16;13000000;75511123;6.1;88;6.92205;31119.0
691;The Spy Who Loved Me;1977-07-07;14000000;185438673;6.6;507;27.17347;10076.0
9877;Urban Legend;1998-09-25;14000000;72527595;5.6;290;12.159009;59958.0
62008;Good Deeds;2012-02-23;0;0;6.2;45;4.448494;80602.0
12227;White Fang;1991-01-18;14000000;34793160;6.5;135;13.13724;8876.0
13824;Superstar;1999-10-08;0;0;5.1;83;4.04701;73499.0
71688;The Iron Lady;2011-12-30;13000000;114956699;6.2;527;23.3784;71068.0
15173;Jonah: A VeggieTales Movie;2002-10-04;0;0;6.4;22;1.446172;78297.0
8291;Poetic Justice;1993-07-23;14000000;27515786;6.9;47;3.650857;6482.0
13950;All About the Benjamins;2002-03-08;14000000;25482931;5.8;48;5.102258;34453.0
12158;Vampire in Brooklyn;1995-10-27;14000000;19800000;4.5;111;6.772615;5140.0
11586;Exorcist II: The Heretic;1977-06-17;14000000;30749142;4.5;133;11.543363;19665.0
10008;An American Haunting;2005-05-05;0;0;5.3;142;7.436315;61921.0
2830;My Boss's Daughter;2003-08-21;14000000;0;4.4;180;14.813614;12987.0
12403;A Perfect Getaway;2009-06-08;14000000;22852638;6.2;351;20.792603;28239.0
34563;Our Family Wedding;2010-03-12;14000000;21409028;5.7;39;6.733485;51866.0
14557;Dead Man on Campus;1998-08-21;0;0;5.6;49;7.708227;111247.0
10368;Tea with Mussolini;1999-03-25;12000000;21001563;5.8;32;2.238646;24657.0
10280;Thinner;1996-10-25;0;0;5.5;124;7.866961;64796.0
12637;New York, New York;1977-06-21;0;0;6.1;67;3.876242;1032.0
34152;Crooklyn;1994-05-13;0;0;6.7;31;1.89218;5281.0
14434;I Think I Love My Wife;2007-03-16;11000000;13196245;5.0;55;4.536745;2632.0
11470;Jason X;2001-07-24;11000000;16951798;4.5;291;11.220643;69579.0
10741;Bobby;2006-09-05;0;0;6.4;119;11.706309;2880.0
24940;Head Over Heels;2001-02-02;14000000;10424470;5.3;73;4.66723;54050.0
82679;Fun Size;2012-10-25;14000000;11417362;5.5;134;7.487843;168798.0
2013;The Diving Bell and the Butterfly;2007-05-22;14000000;19777647;7.4;283;13.65494;7482.0
1440;Little Children;2006-10-06;26000000;14821658;6.9;240;11.942862;5010.0
18041;Gossip;2000-04-21;14000000;5108820;5.5;68;5.833687;19012.0
28029;A Walk on the Moon;1999-01-29;14000000;0;6.2;21;6.370267;3417.0
1123;Catch a Fire;2006-10-27;0;4291965;6.4;25;4.052219;13015.0
14033;Soul Survivors;2001-09-06;0;0;4.4;49;3.231848;56913.0
87729;Jefferson in Paris;1995-03-31;14000000;2474000;5.2;10;0.900442;54441.0
16899;Easy Virtue;2008-01-01;0;0;6.3;108;8.387573;27889.0
41317;Caravans;1978-11-02;0;0;5.8;1;0.633004;66222.0
245700;Mr. Turner;2014-10-31;0;5405500;6.3;204;9.242554;65452.0
37842;Wild Grass;2009-05-20;0;0;5.8;22;1.866443;11983.0
9045;Amen.;2002-02-13;0;0;7.1;75;5.930533;27436.0
44092;Reign of Assassins;2010-09-01;12000000;0;6.7;57;4.930129;11401.0
16005;The Lucky Ones;2008-09-26;0;0;6.3;55;8.747922;17329.0
44754;Margaret;2011-09-30;14000000;46495;6.1;86;4.898424;30711.0
23988;Stan Helsing;2009-10-27;108;0;4.0;97;7.410523;73833.0
43949;Flipped;2010-08-06;14000000;1755212;7.4;418;24.210698;3026.0
142;Brokeback Mountain;2005-09-02;14000000;178043761;7.5;1480;44.135568;1614.0
9603;Clueless;1995-07-19;12000000;0;6.9;803;16.051328;57434.0
10712;Far from Heaven;2002-09-01;13500000;29027914;6.9;144;9.982885;16863.0
243938;Hot Tub Time Machine 2;2015-02-20;14000000;12314651;5.0;354;16.618874;3227.0
10876;Quills;2000-11-22;13500000;7060876;6.8;128;7.261196;648.0
86838;Seven Psychopaths;2012-09-07;15000000;19422261;6.7;1206;32.306455;54472.0
25208;The Caveman's Valentine;2001-01-19;0;0;6.0;27;4.722403;51864.0
613;Downfall;2004-09-08;18339750;92180910;7.7;1037;32.445895;7832.0
1913;The Sea Inside;2004-09-03;12806000;38535221;7.2;219;17.363739;19840.0
97370;Under the Skin;2014-03-14;13300000;5380251;6.0;1102;29.782161;66728.0
801;Good Morning, Vietnam;1987-12-23;13000000;123922370;7.1;642;18.362333;8246.0
70829;The Last Godfather;2010-12-29;13400000;16700000;4.7;7;0.680753;64331.0
54518;Justin Bieber: Never Say Never;2011-02-11;13000000;98441954;4.8;154;6.735922;54507.0
44214;Black Swan;2010-12-02;13000000;327803731;7.3;4430;91.285683;6431.0
240;The Godfather: Part II;1974-12-20;13000000;47542841;8.3;3338;105.792936;1776.0
9816;Save the Last Dance;2001-01-12;13000000;91038276;6.3;352;9.969624;52038.0
10131;A Nightmare on Elm Street 4: The Dream Master;1988-08-19;7000000;72500000;5.8;281;17.113408;16938.0
339984;Miracles from Heaven;2016-03-17;16000000;77000000;6.7;186;10.248439;437833.0
8859;Dude, Where’s My Car?;2000-12-15;13000000;73180723;5.2;509;25.316146;56591.0
11967;Young Guns;1988-08-12;13000000;44726644;6.6;258;9.499325;56828.0
239563;St. Vincent;2014-10-09;13000000;54837234;7.1;763;43.791745;1141683.0
222899;About Last Night;2014-02-14;12500000;49002684;6.0;210;11.828068;3227.0
4951;10 Things I Hate About You;1999-03-30;16000000;53478166;7.3;1701;54.550275;40243.0
10985;The New Guy;2002-05-10;13000000;0;5.7;151;13.525704;7397.0
9644;National Lampoon's Loaded Weapon 1;1993-02-04;0;0;5.7;157;12.963328;56953.0
332567;The Shallows;2016-06-24;17000000;119100758;6.2;1567;60.829621;59521.0
1954;The Butterfly Effect;2004-01-22;13000000;96060858;7.3;2060;73.307513;20218.0
15489;Snow Day;2000-02-11;0;0;4.8;51;7.964289;58059.0
15250;This Christmas;2007-11-27;13000000;0;7.1;29;2.388918;76705.0
22345;Baby Geniuses;1999-03-12;12000000;36450736;3.3;75;4.580081;12698.0
9448;The Big Hit;1998-04-24;13000000;27007143;6.1;109;6.425528;58036.0
38223;Harriet the Spy;1996-07-10;12000000;0;5.7;46;4.63093;18320.0
11186;Child's Play 2;1990-11-09;13000000;35763605;5.8;308;16.681567;65678.0
136835;No Good Deed;2014-09-10;13200000;53830415;5.6;181;24.656068;134156.0
5876;The Mist;2007-11-21;18000000;57096190;6.7;1399;37.104353;4027.0
264660;Ex Machina;2015-01-21;15000000;36869414;7.6;4737;95.130041;2036.0
492;Being John Malkovich;1999-09-30;13000000;22863596;7.3;1101;27.546914;5953.0
25462;Two Can Play That Game;2001-09-07;6000000;0;6.6;17;2.27213;66116.0
238603;Earth to Echo;2014-06-14;13000000;45300000;5.7;290;17.371327;1101410.0
10691;Crazy/Beautiful;2001-06-29;13000000;16929123;6.6;96;6.130096;57082.0
1251;Letters from Iwo Jima;2006-12-19;19000000;68673228;7.2;541;24.47248;190.0
5172;The Astronaut Farmer;2006-10-15;13000000;11130889;6.2;123;6.764437;41887.0
58680;Woo;1998-05-08;13000000;8026971;5.5;10;1.750054;56714.0
264644;Room;2015-10-16;6000000;35401758;8.1;2757;66.11334;83281.0
14577;Dirty Work;1998-06-12;0;0;6.5;66;9.066881;72450.0
11592;Serial Mom;1994-04-13;13000000;7820688;6.4;135;6.170139;10367.0
16406;Dick;1999-08-04;13000000;27500000;5.7;67;4.742537;41549.0
19052;Light It Up;1999-11-04;0;0;6.6;7;1.212956;34692.0
3682;54;1998-08-28;13000000;16757163;5.5;135;11.880899;33541.0
9683;Bubble Boy;2001-08-24;0;0;5.1;163;10.131123;58518.0
2084;Birthday Girl;2001-09-06;13000000;0;6.1;103;5.831302;21339.0
107811;21 & Over;2013-03-01;13000000;48065672;5.7;737;35.522027;52114.0
2266;Paris, je t'aime;2006-05-16;13000000;4857367;6.8;207;10.573191;90.0
13074;Resurrecting the Champ;2007-06-14;0;0;5.9;60;4.898437;21526.0
144340;Admission;2013-03-21;13000000;18000000;5.4;304;17.632446;3289.0
48217;The Widow of Saint-Pierre;2000-01-01;0;0;6.7;11;1.780065;37626.0
28211;Chloe;2009-03-25;15000000;8459458;5.9;498;26.373864;56205.0
47502;Faithful;1996-04-03;13000000;9789900;4.8;4;1.647335;47773.0
9950;Find Me Guilty;2006-03-16;13000000;2636637;6.5;138;12.321302;39996.0
84892;The Perks of Being a Wallflower;2012-09-20;13000000;33400000;7.7;2968;43.444135;19311.0
24227;Excessive Force;1993-05-14;3000000;1200000;4.5;10;1.279106;82033.0
9672;Infamous;2006-11-16;13000000;1151330;6.4;60;3.680896;32983.0
44853;The Claim;2000-12-29;0;0;5.6;17;2.996284;172.0
157544;The Vatican Tapes;2015-07-24;13000000;1784763;4.6;243;10.475368;20193.0
59678;Attack the Block;2011-05-12;14350531;3964682;6.3;733;30.952377;155531.0
79777;In the Land of Blood and Honey;2011-12-23;10000000;303877;5.8;45;4.267466;11701.0
158011;The Call;2013-03-14;13000000;68572378;6.6;1257;34.532418;37948.0
407887;Operation Chromite;2016-07-27;0;0;5.8;29;6.116436;78866.0
17043;The Crocodile Hunter: Collision Course;2002-07-26;0;33082548;5.3;34;1.714972;944713.0
8952;I Love You Phillip Morris;2009-01-18;13000000;10652035;6.4;503;19.664699;56411.0
62204;Quest for Fire;1981-12-15;12000000;55260558;7.1;109;6.537986;2352.0
13435;Antwone Fisher;2002-12-19;12500000;23367586;6.7;137;13.349012;5292.0
17187;The Emperor's Club;2002-11-22;0;0;6.9;96;6.796079;52405.0
319;True Romance;1993-09-09;12500000;12281551;7.5;749;35.268557;893.0
59457;Womb;2010-07-15;3100000;0;5.9;92;7.453347;227936.0
9504;Glengarry Glen Ross;1992-09-15;12500000;10725228;7.5;323;13.939054;15890.0
37414;The Killer Inside Me;2010-02-19;13000000;0;6.0;173;11.892615;172.0
6217;Cat People;1982-04-02;0;0;6.0;94;5.69872;1035.0
26688;Sorority Row;2009-09-09;12500000;27206120;5.4;177;8.780512;130837.0
43867;The Prisoner of Zenda;1937-09-03;0;0;8.4;11;4.021389;31497.0
6615;Lars and the Real Girl;2007-10-12;12000000;11293663;7.1;509;15.817096;50767.0
14574;The Boy in the Striped Pyjamas;2008-05-07;12500000;20416563;7.7;1451;34.821223;55299.0
16;Dancer in the Dark;2000-05-17;12800000;40031879;7.6;377;22.022228;42.0
39780;Oscar and Lucinda;1997-12-31;0;0;6.2;25;0.139384;58094.0
21612;The Funeral;1996-01-26;12500000;1227324;7.3;31;2.950618;39104.0
36691;Solitary Man;2009-09-07;15000000;5024782;5.8;84;7.497306;16304.0
23631;Machete;2010-09-01;20000000;31327899;6.3;1150;26.396191;2294.0
45324;Casino Jack;2010-09-16;12500000;1083683;6.0;94;6.546037;37852.0
12144;The Land Before Time;1988-11-18;12300000;84460846;7.0;640;28.670193;40345.0
11658;Tae Guk Gi: The Brotherhood of War;2004-02-05;0;15;7.4;133;9.572705;64883.0
56601;The Perfect Game;2010-04-01;12500000;3878993;6.3;30;0.903529;56506.0
9552;The Exorcist;1973-12-26;8000000;441306145;7.5;2005;47.584643;15175.0
578;Jaws;1975-06-18;7000000;470654000;7.5;2542;50.152327;488.0
2105;American Pie;1999-07-09;11000000;235483004;6.4;2296;60.767168;3288.0
126319;Ernest & Celestine;2012-12-12;12516654;8109160;7.6;142;11.103202;126597.0
10136;The Golden Child;1986-12-12;25000000;79817939;5.6;304;15.26213;12964.0
67660;Think Like a Man;2012-04-16;12000000;96070507;6.9;281;6.035152;20400.0
10611;Barbershop;2002-04-01;12000000;75781642;6.2;137;10.297189;20400.0
154;Star Trek II: The Wrath of Khan;1982-06-03;12000000;96800000;7.3;675;22.434102;1788.0
3049;Ace Ventura: Pet Detective;1994-02-04;15000000;107217396;6.4;1648;41.249004;4499.0
860;WarGames;1983-06-03;12000000;79567667;7.0;504;23.161754;12840.0
9281;Witness;1985-02-08;12000000;68706993;7.0;375;19.195399;2690.0
75674;Act of Valor;2012-02-24;12000000;81272766;6.3;417;21.958055;90429.0
9762;Step Up;2006-08-11;12000000;114194847;6.7;1060;45.477802;29214.0
3179;Beavis and Butt-Head Do America;1996-12-15;12000000;0;6.5;168;12.60629;17403.0
184;Jackie Brown;1997-12-24;12000000;39673162;7.3;1514;40.631671;138.0
13335;Harold & Kumar Escape from Guantanamo Bay;2008-04-25;12000000;43493123;6.2;497;26.219598;68843.0
76726;Chronicle;2012-02-01;15000000;145000000;6.6;1935;64.504747;934803.0
10269;Yentl;1983-11-18;12000000;30400000;6.2;51;3.389249;10400.0
36819;Time Bandits;1981-07-13;5000000;42365581;6.6;249;14.779537;280.0
17130;Crossroads;2002-02-15;12000000;61141030;4.7;158;6.703319;57691.0
57214;Project X;2012-03-01;12000000;100000000;6.5;1564;49.070321;1299380.0
11202;Patton;1970-01-25;12000000;89800000;7.3;323;21.933822;13265.0
9357;One Hour Photo;2002-08-21;12000000;52223306;6.6;435;20.624896;57446.0
13812;Quarantine;2008-10-10;12000000;40855419;5.5;339;8.083995;77147.0
9030;The Eye;2008-02-01;12000000;56309766;5.5;281;11.135734;56735.0
19084;Johnson Family Vacation;2004-04-07;12000000;31179516;4.7;30;4.623609;234818.0
8386;How High;2001-12-21;12000000;31155435;6.3;218;11.510281;54584.0
10437;The Muppet Christmas Carol;1992-12-10;0;27281507;7.2;212;15.085981;65298.0
1360;Frida;2002-08-29;12000000;56298474;7.3;383;18.422327;16391.0
101267;Katy Perry: Part of Me;2012-06-28;12000000;32726956;6.5;85;8.410688;1027017.0
222935;The Fault in Our Stars;2014-05-16;12000000;307166834;7.6;3759;74.358971;1053420.0
10220;Rounders;1998-09-11;12000000;22921898;6.9;439;18.422008;21053.0
284296;Top Five;2014-12-12;0;25434291;6.3;210;15.896312;2632.0
31915;Prophecy;1979-01-01;12000000;54000000;5.4;25;8.61659;13776.0
11601;Stir of Echoes;1999-09-10;12000000;21133087;6.5;330;6.044161;508.0
205220;Philomena;2013-11-01;12000000;100129872;7.4;579;29.019504;3224.0
11354;The Upside of Anger;2005-01-23;0;0;6.4;72;6.2464;24173.0
16241;The Boys from Brazil;1978-10-05;0;0;6.6;101;5.315213;13265.0
14191;Aquamarine;2006-03-03;12000000;23006849;5.8;364;16.931846;1223175.0
286565;Paper Towns;2015-06-18;12000000;85512300;6.1;1937;64.610671;836732.0
26710;My Baby's Daddy;2004-01-09;0;51;4.3;15;4.480167;232937.0
129670;Nebraska;2013-09-21;12000000;17654912;7.4;636;29.223881;13235.0
9059;Tales from the Crypt: Demon Knight;1995-01-13;0;0;6.7;94;7.710797;15521.0
34549;Max Keeble's Big Move;2001-10-05;12000000;17292381;5.4;33;1.081822;49903.0
57157;Young Adult;2011-12-16;12000000;22939027;5.6;364;16.183746;52443.0
1948;Crank;2006-08-31;12000000;42931041;6.6;1151;47.992817;20192.0
28353;Def Jam's How to Be a Player;1997-08-06;0;13960203;5.3;8;1.20245;229097.0
46889;Living Out Loud;1998-10-30;12000000;12902790;5.3;11;0.700792;2163.0
38093;Just Wright;2010-05-14;0;21520719;6.1;99;10.409253;64140.0
14976;Rachel Getting Married;2008-10-03;0;0;6.1;163;14.345428;16294.0
11027;The Postman Always Rings Twice;1981-03-20;12000000;0;6.4;110;6.803763;19450.0
3635;Girl with a Pearl Earring;2003-08-31;0;31466789;6.4;377;19.944479;16785.0
387;Das Boot;1981-09-16;14000000;85000000;7.9;613;26.967494;5231.0
6020;Sorority Boys;2002-03-22;12000000;0;4.6;47;3.444542;486.0
122906;About Time;2013-08-16;0;87100449;7.8;2067;74.817641;7018.0
9550;House of Flying Daggers;2004-05-19;0;92863945;7.1;439;21.064082;607.0
60599;Arbitrage;2012-09-14;12000000;35485056;6.1;294;16.40512;81856.0
227719;Project Almanac;2015-01-30;12000000;32248241;6.4;933;32.940597;1099862.0
14299;Cadillac Records;2008-12-05;12000000;0;6.9;86;13.427427;81727.0
19419;Screwed;2000-05-12;0;0;4.9;23;5.359381;7130.0
12088;Fortress;1992-09-30;8000000;6739141;5.7;168;8.708229;27991.0
14799;For Your Consideration;2006-11-22;12000000;5542025;5.9;43;4.330428;13524.0
9466;Celebrity;1998-09-07;0;0;6.0;111;7.594593;1243.0
7510;Running with Scissors;2006-10-27;12000000;6754898;5.8;78;4.770195;52779.0
31246;From Justin to Kelly;2003-06-20;12000000;4922166;3.0;23;1.623338;64815.0
61752;Girl 6;1996-03-22;12000000;4939939;5.7;16;2.993939;5281.0
10944;In the Cut;2003-09-09;12000000;23;4.6;89;10.536092;10757.0
10362;Two Lovers;2008-11-19;12000000;3148182;6.6;154;8.290636;20561.0
14778;Last Orders;2001-09-10;0;0;6.0;22;3.603842;64061.0
1255;The Host;2006-07-27;11000000;88489643;6.7;537;27.65527;21684.0
45226;The Pursuit of D.B. Cooper;1981-11-13;0;0;6.8;4;1.379643;1724.0
10212;Ravenous;1999-03-16;12000000;0;6.9;141;9.164386;42617.0
8669;Charlie Bartlett;2008-02-22;12000000;0;6.5;225;9.779444;10395.0
179144;The Great Beauty;2013-05-21;12400000;8371085;7.3;720;32.523573;56194.0
16857;The Dangerous Lives of Altar Boys;2002-06-14;0;0;6.4;53;2.24888;42518.0
86825;Stoker;2013-02-28;12000000;12077441;6.5;882;27.322212;10099.0
844;2046;2004-05-20;12000000;19271312;6.9;206;12.664787;12453.0
8060;Married Life;2007-09-12;12000000;0;6.1;38;3.004432;53708.0
15907;Duma;2005-04-22;12000000;0;6.9;41;4.795244;68212.0
38448;Ondine;2009-09-14;12000000;1644755;6.5;84;5.841285;17016.0
327;Brother;2000-09-09;12000000;15250000;6.8;107;5.327714;3317.0
9260;Welcome to Collinwood;2002-05-24;1200000;0;6.2;50;3.582733;19271.0
61337;Critical Care;1997-10-31;0;0;6.1;9;2.678715;39996.0
13079;The Life Before Her Eyes;2007-09-08;8000000;0;6.1;88;9.728143;78118.0
89325;Darling Companion;2012-04-20;0;0;5.3;22;2.303865;8844.0
4170;Trade;2007-01-23;12000000;0;6.8;67;11.237374;5192.0
41508;Fateless;2005-02-10;0;0;6.5;28;1.906807;47275.0
12479;Breakfast of Champions;1999-02-13;12000000;0;5.2;28;2.695896;72427.0
44555;A Woman, a Gun and a Noodle Shop;2009-12-11;0;0;4.8;13;1.416796;607.0
10133;Cypher;2002-10-01;7500000;0;6.7;192;11.636883;5877.0
21345;City of Life and Death;2009-04-22;12000000;10652498;7.6;55;4.793348;92015.0
173931;Legend of a Rabbit;2011-01-01;19000000;2570000;3.0;3;0.738652;1438306.0
61984;Space Battleship Yamato;2010-12-01;12000000;11212294;6.3;59;5.158067;43652.0
50601;5 Days of War;2011-04-14;20000000;17479;5.8;62;5.727602;16938.0
26466;Triangle;2009-10-16;12000000;0;6.9;612;25.496926;41041.0
345003;10 Days in a Madhouse;2015-11-20;1200000;0;4.3;5;0.489271;1128550.0
236751;Heaven is for Real;2014-04-16;12000000;101332962;6.0;229;11.150261;2460.0
107;Snatch;2000-09-01;10000000;83557872;7.7;2912;53.595686;956.0
357837;Dancin' It's On;2015-10-16;0;0;4.3;2;0.186234;29700.0
8913;Pet Sematary;1989-04-21;11500000;57469467;6.4;407;20.747994;56263.0
13889;Madadayo;1993-04-17;0;0;7.5;20;2.930853;5026.0
18530;The Cry of the Owl;2009-02-07;11500000;0;5.5;29;4.75919;83224.0
358451;A Tale of Three Cities;2015-08-28;0;0;6.3;5;0.753362;103602.0
927;Gremlins;1984-06-07;11000000;153083102;6.9;1596;45.072136;4600.0
11;Star Wars;1977-05-25;11000000;775398007;8.1;6624;126.393695;1.0
291870;Dirty Grandpa;2016-01-21;11500000;94073028;5.7;1406;56.805781;6733.0
907;Doctor Zhivago;1965-12-22;11000000;111858363;7.4;247;12.854853;12238.0
206563;Trash;2014-10-09;0;0;7.1;242;14.637357;468.0
11887;High School Musical 3: Senior Year;2008-10-22;0;0;6.2;821;21.801188;65310.0
45317;The Fighter;2010-12-17;25000000;93617009;7.2;1486;31.019381;17883.0
12094;Jackass Number Two;2006-09-22;11000000;72778712;6.4;298;11.227087;56578.0
10377;My Cousin Vinny;1992-03-13;11000000;64088552;7.3;384;19.231507;21217.0
249164;If I Stay;2014-08-21;11000000;78874843;7.3;1368;31.162838;1284493.0
256092;Drive Hard;2014-05-26;12000000;0;3.9;74;3.94487;84981.0
9942;Major League;1989-02-16;11000000;49797148;6.6;217;7.559192;12920.0
10748;St. Trinian's;2007-12-21;0;0;5.6;142;7.377587;21677.0
1817;Phone Booth;2002-09-09;13000000;97837138;6.7;1062;38.018085;5572.0
10229;A Walk to Remember;2002-01-25;11000000;41227069;7.5;1018;33.283554;20739.0
687;Dead Man Walking;1995-12-29;11000000;39363635;7.3;337;15.864928;504.0
796;Cruel Intentions;1999-03-05;10500000;75902208;6.6;827;23.449703;11873.0
22804;Saw VI;2009-10-22;11000000;68233629;6.0;722;31.900899;2150.0
10156;History of the World: Part I;1981-06-12;11000000;31672907;6.5;204;14.282314;14639.0
12837;The Secret Life of Bees;2008-09-17;11000000;38105395;7.4;158;7.645979;71947.0
17708;Corky Romano;2001-10-12;11000000;23978402;4.1;54;3.495758;123694.0
13937;Raising Cain;1992-08-07;12000000;37170057;5.9;65;7.558959;1150.0
28932;F.I.S.T.;1978-04-26;11;11;6.4;29;3.375208;13563.0
31909;Invaders from Mars;1986-01-01;12000000;4884663;5.5;57;4.234269;10051.0
167073;Brooklyn;2015-10-20;11000000;62076141;7.2;1213;39.337949;77269.0
3175;Barry Lyndon;1975-12-18;11000000;20000000;7.7;505;29.543331;240.0
14369;Out Cold;2001-11-21;24000000;14782676;5.8;53;4.12064;82221.0
16888;The Ladies Man;2000-10-13;24000000;13700000;5.7;34;2.259537;68215.0
121826;Quartet;2012-09-08;11000000;59520298;6.3;139;7.722021;4483.0
10646;Tomcats;2001-03-30;11000000;23430766;4.9;74;7.063053;50942.0
12149;Frailty;2001-11-17;11000000;13110448;7.0;334;16.003958;2053.0
304357;Woman in Gold;2015-04-10;11000000;61619773;7.3;440;21.204929;133502.0
11184;Kinsey;2004-09-04;0;0;6.6;131;6.799314;15557.0
766;Army of Darkness;1992-10-09;11000000;0;7.3;838;33.758281;7623.0
20009;Slackers;2002-02-01;14000000;6413915;5.4;60;9.371811;113641.0
1587;What's Eating Gilbert Grape;1993-12-17;11000000;30000000;7.5;919;33.282794;5306.0
30973;The Visual Bible: The Gospel of John;2003-09-11;10000000;4069090;8.2;12;3.208172;107414.0
11109;Vera Drake;2004-10-22;11000000;0;6.8;80;4.131918;65452.0
9027;The Guru;2002-08-21;0;0;5.1;75;4.093288;56714.0
63020;The Perez Family;1995-05-12;11000000;2832826;6.6;9;1.187671;6495.0
86829;Inside Llewyn Davis;2013-10-06;11000000;32935319;7.2;834;36.319205;1223.0
11065;O;2001-08-31;0;16017403;5.8;75;4.146752;1462.0
13888;Return to the Blue Lagoon;1991-08-02;11000000;2807854;5.1;153;9.705589;83467.0
42345;The Molly Maguires;1970-01-27;11000000;2200000;5.9;16;1.396985;18854.0
13994;Romance & Cigarettes;2005-09-13;0;2945242;6.0;33;4.056774;1241.0
1590;Copying Beethoven;2006-09-10;11000000;0;6.2;42;5.062687;1128.0
62728;Brighton Rock;2010-09-13;0;0;5.6;35;3.122152;17608.0
11917;Saw V;2008-10-23;10800000;113857533;5.9;820;32.943848;2679.0
45138;Machine Gun McCain;1969-04-01;0;0;7.3;6;0.700127;132257.0
80271;LOL;2012-02-10;11000000;0;5.9;881;31.763201;229568.0
4657;Jindabyne;2006-07-20;0;0;5.7;25;8.950864;38774.0
14395;Kabhi Alvida Naa Kehna;2006-08-11;7400000;17000000;6.1;42;3.246903;35736.0
24137;An Ideal Husband;1999-04-15;14000000;18535191;6.3;46;4.519523;56710.0
190847;The Last Days on Mars;2013-08-11;0;0;5.2;302;18.764453;90508.0
11056;Darkness;2002-10-02;0;0;5.6;112;6.340135;54525.0
62;2001: A Space Odyssey;1968-04-10;10500000;68700000;7.9;2998;86.201184;240.0
601;E.T. the Extra-Terrestrial;1982-04-03;10500000;792910554;7.3;3269;56.105798;488.0
13067;In the Land of Women;2007-04-16;10000000;17500000;5.8;160;12.792446;30368.0
25379;The Blue Butterfly;2004-02-20;0;0;6.8;6;1.985552;135534.0
88641;There Goes My Baby;1994-09-02;10500000;123509;8.5;2;0.037073;67834.0
58051;Housefull;2010-04-30;0;0;5.2;29;0.12082;14086.0
14877;September Dawn;2007-05-17;11000000;0;5.0;16;3.646848;56828.0
96399;For Greater Glory - The True Story of Cristiada;2012-06-01;12000000;9622846;6.4;35;5.759545;112630.0
304410;The Bélier Family;2014-12-17;11000000;0;7.0;766;25.302978;85340.0
489;Good Will Hunting;1997-12-05;10000000;225933435;7.9;2811;43.734886;5216.0
373314;Misconduct;2016-02-05;11000000;0;5.3;149;10.016909;432629.0
214;Saw III;2006-10-27;10000000;163876815;6.1;1071;33.124871;2675.0
10890;Stripes;1981-06-25;10000000;85300000;6.5;249;10.892398;8858.0
1588;Bring It On;2000-08-25;28000000;90449929;5.8;568;14.754281;59026.0
316727;The Purge: Election Year;2016-06-29;10000000;118587880;6.1;1306;53.727146;53120.0
10314;She's All That;1999-01-29;10000000;103166989;5.7;418;8.9876;64815.0
663;Saw IV;2007-10-25;10000000;139352633;5.9;903;29.244768;2675.0
11804;White Noise;2005-01-07;10000000;91196419;5.6;261;14.447723;61357.0
16781;Madea's Family Reunion;2006-02-24;6000000;57231524;6.0;77;5.882208;80602.0
11873;The Color of Money;1986-10-07;13800000;52293982;6.7;291;17.3393;1032.0
9289;The Longest Day;1962-09-25;10000000;50100000;7.2;234;19.524972;9894.0
10414;The Mighty Ducks;1992-10-01;10000000;50752337;6.4;198;8.932837;18356.0
1970;The Grudge;2004-10-22;10000000;183474602;5.8;865;35.695442;20310.0
9614;Happy Gilmore;1996-02-16;12000000;41205099;6.5;755;26.598884;17494.0
8922;Jeepers Creepers;2001-07-01;10000000;59217789;6.1;720;23.316208;56349.0
1648;Bill & Ted's Excellent Adventure;1989-02-17;10000000;40485039;6.7;454;25.929893;18356.0
17917;Oliver!;1968-09-26;10000000;37402877;7.0;103;8.305998;15378.0
74534;The Best Exotic Marigold Hotel;2011-11-28;10000000;136836156;6.9;459;21.258991;18844.0
19405;Recess: School's Out;2001-01-27;10000000;44460850;6.6;67;5.699058;141706.0
9355;Mad Max Beyond Thunderdome;1985-06-29;12305523;36230219;5.9;748;36.582038;20629.0
10999;Commando;1985-10-03;10000000;57500000;6.4;742;34.224204;67753.0
321258;The Boy;2016-01-22;10000000;64188367;5.8;1102;38.179483;62768.0
44040;Devil;2010-01-13;10000000;33583175;5.8;816;30.934688;77147.0
10426;Friday After Next;2002-11-22;20000000;33526835;6.0;100;7.499639;65133.0
280092;Insidious: Chapter 3;2015-06-04;10000000;104303851;6.2;983;45.946524;2128.0
13938;The Last Dragon;1985-03-22;10000000;25754284;6.4;69;4.928777;77300.0
10163;The Lawnmower Man;1992-03-05;10000000;32101000;5.4;197;10.125029;57090.0
12182;Nick and Norah's Infinite Playlist;2008-10-03;9000000;32973937;6.4;379;20.452449;71548.0
1832;Dogma;1999-11-12;10000000;30652890;6.8;823;14.543435;19303.0
9034;The Banger Sisters;2002-09-20;10000000;0;5.5;62;6.015354;12648.0
15301;Twilight Zone: The Movie;1983-06-24;10000000;29450919;6.2;161;12.902975;488.0
10135;Road House;1989-05-19;15000000;30050028;6.3;252;6.216203;63943.0
26352;A Low Down Dirty Shame;1994-11-23;10000000;29392418;6.0;31;3.290639;35689.0
20616;Swimfan;2002-09-06;8500000;34411240;5.0;70;4.844451;15337.0
9794;Employee of the Month;2006-10-06;12000000;38368909;5.3;153;9.559737;47364.0
15037;Can't Hardly Wait;1998-06-12;10000000;25605015;6.1;122;11.350382;13614.0
227;The Outsiders;1983-03-25;10000000;33697647;6.9;291;13.455373;1776.0
294272;Pete's Dragon;2016-08-10;65000000;143695338;6.2;679;31.974359;592493.0
11336;The Dead Zone;1983-10-21;10000000;20766616;6.9;311;16.78512;224.0
283445;Sinister 2;2015-08-19;10000000;52882018;5.4;581;26.090495;145142.0
88036;Sparkle;2012-08-17;14000000;24637469;5.8;36;2.698185;225556.0
10984;Valentine;2001-02-01;0;0;5.0;114;5.904126;59958.0
22824;The Fourth Kind;2009-11-06;10000000;42333295;5.8;441;22.888173;62369.0
9526;A Prairie Home Companion;2006-06-09;10000000;0;6.4;81;5.025446;9789.0
39349;Sugar Hill;1994-02-25;0;0;5.2;13;2.580808;78997.0
15983;Invasion U.S.A.;1985-09-27;0;0;5.3;49;4.192064;64195.0
14544;Roll Bounce;2005-09-23;0;0;6.1;27;2.596338;72024.0
11545;Rushmore;1998-09-17;9000000;17096053;7.5;676;18.289303;5655.0
42684;Skyline;2010-11-11;10000000;66821036;4.7;507;26.268209;6037.0
268238;The Second Best Exotic Marigold Hotel;2015-02-26;10000000;85978266;6.3;272;17.592299;18844.0
8359;Kit Kittredge: An American Girl;2008-07-02;0;0;6.4;34;6.27141;55439.0
15648;The Perfect Man;2005-06-17;0;0;5.5;203;11.158906;68770.0
41823;Mo' Better Blues;1990-08-03;10000000;16153593;6.3;47;3.079862;5281.0
11891;Kung Pow: Enter the Fist;2002-01-25;0;0;6.1;159;8.288813;4489.0
9362;Tremors;1990-01-19;11000000;48572000;6.6;864;32.579697;33485.0
9902;Wrong Turn;2003-05-30;12600000;28650575;6.0;635;33.555764;60243.0
14729;The Long Riders;1980-05-12;10000000;15795189;6.6;50;2.959547;1723.0
9455;The Corruptor;1999-03-12;25000000;15156200;6.0;57;4.068107;15890.0
103731;Mud;2013-05-01;10000000;21587700;7.0;1068;17.663353;71872.0
10090;Reno 911!: Miami;2007-02-23;10000000;20342161;5.6;72;4.207456;59413.0
164558;One Direction: This Is Us;2013-08-28;10000000;0;8.0;201;7.944457;57492.0
19905;The Goods: Live Hard, Sell Hard;2009-08-14;10000000;0;5.4;58;3.352702;57692.0
17710;Hey Arnold! The Movie;2002-06-28;0;0;5.6;62;5.856363;1409418.0
75900;My Week with Marilyn;2011-10-17;6400000;35057696;6.6;406;21.006078;133502.0
9515;The Matador;2005-05-12;10000000;17297244;6.2;136;5.647538;44740.0
27322;Love Jones;1997-03-14;10000000;0;8.1;12;1.000178;120515.0
328425;The Gift;2015-07-30;5000000;58978653;6.7;1049;27.247013;33192.0
14120;End of the Spear;2005-12-02;0;0;6.1;15;1.83428;307546.0
10050;Get Over It;2001-03-08;10000000;0;5.5;75;11.592129;62514.0
1542;Office Space;1999-02-19;10000000;12827813;7.4;1050;18.366362;17403.0
10490;Drop Dead Gorgeous;1999-07-23;10000000;10571408;6.4;86;6.736274;59412.0
87093;Big Eyes;2014-12-24;10000000;28883511;6.8;1196;28.570174;510.0
10029;Very Bad Things;1998-09-11;30000000;9898412;6.2;179;5.671691;36602.0
9893;Sleepover;2004-07-09;0;0;5.3;101;5.842299;54597.0
11507;Body Double;1984-10-25;10000000;8801940;6.4;137;9.525626;1150.0
37931;MacGruber;2010-05-21;10000000;6110000;5.1;179;14.038512;62863.0
3472;Dirty Pretty Things;2002-09-05;0;0;6.8;131;9.177896;3224.0
87818;Movie 43;2013-01-01;6000000;32438988;4.4;797;35.350303;2171.0
13160;Over Her Dead Body;2008-02-01;10000000;0;5.3;145;12.067921;57173.0
88005;Seeking a Friend for the End of the World;2012-06-22;10000000;9636289;6.3;700;30.863082;71551.0
52067;Cedar Rapids;2011-02-11;0;6861102;5.9;135;10.254807;61069.0
73;American History X;1998-10-30;20000000;23875127;8.2;3016;73.567232;814.0
134597;The Collection;2012-09-21;0;6842058;5.9;289;16.361743;51023.0
24034;Teacher's Pet;2004-01-16;10000000;0;5.5;2;1.374409;1082114.0
14283;The Red Violin;1998-09-10;18000000;9495408;7.3;99;6.18869;78012.0
404;The Straight Story;1999-10-15;10000000;0;7.7;306;15.280261;5602.0
13201;Deuces Wild;2002-05-03;0;0;5.5;34;0.753481;65390.0
209403;Bad Words;2013-09-06;9500000;7800000;6.4;334;14.105392;23532.0
7942;Run, Fatboy, Run;2007-09-06;10000000;33000000;6.2;238;14.905357;14409.0
73247;Heartbeeps;1981-12-18;10000000;2154696;3.8;6;0.518056;83198.0
253331;Black or White;2014-09-06;9000000;21571189;6.5;115;12.172131;24173.0
34043;On the Line;2001-10-26;0;0;4.1;10;3.084874;60045.0
9952;Rescue Dawn;2006-09-09;10000000;7177143;6.9;336;17.078656;6818.0
256924;Danny Collins;2015-03-19;10000000;10835752;6.6;183;16.318608;15892.0
82532;Jeff, Who Lives at Home;2011-09-13;10000000;4417580;6.1;217;10.409155;45405.0
41110;I Am Love;2009-09-05;0;0;6.9;73;5.355763;78160.0
134371;Atlas Shrugged Part II;2012-10-12;0;0;5.4;41;4.725357;21475.0
2088;Romeo Is Bleeding;1993-09-13;11500000;3275585;5.7;36;4.850402;21377.0
10388;The Limey;1999-05-15;10000000;3193102;6.6;105;8.902102;1884.0
1640;Crash;2004-01-13;6500000;98410061;7.2;1149;28.223163;455.0
25520;The House of Mirth;2000-09-23;10000000;5164404;6.4;25;3.007816;93911.0
27342;Malone;1987-05-01;0;0;6.8;15;1.610132;23858.0
13689;Peaceful Warrior;2006-03-30;0;0;7.3;90;8.326131;56349.0
67911;Bucky Larson: Born to Be a Star;2011-09-09;10000000;0;4.4;51;3.919057;66512.0
24664;Bamboozled;2000-10-06;0;0;6.3;24;2.23411;5281.0
329440;The Forest;2016-01-07;10000000;40055439;4.8;448;19.865989;1300274.0
47890;Sphinx;1981-02-11;14000000;439564;6.0;2;0.310513;13265.0
252512;While We're Young;2015-04-03;10000000;7587485;5.8;383;19.263477;5656.0
55720;A Better Life;2011-06-24;10000000;1759252;7.0;54;4.123533;3288.0
9613;Spider;2002-12-13;0;0;6.4;168;6.948401;224.0
29076;Gun Shy;2000-02-04;10000000;1631839;5.4;24;3.988432;95818.0
29339;Nicholas Nickleby;2002-12-27;0;0;6.8;49;5.099923;32983.0
68812;The Iceman;2012-09-01;20000000;1969193;6.4;365;19.494703;81476.0
32740;Krrish;2006-06-23;0;0;5.5;46;3.759988;1032103.0
14195;Cecil B. Demented;2000-05-17;10000000;0;6.2;51;4.176066;10367.0
73567;Killer Joe;2011-09-10;10000000;3665069;6.5;425;16.436178;15175.0
41479;The Joneses;2009-09-13;10000000;7022728;6.1;210;14.979375;126910.0
15394;Owning Mahowny;2003-05-02;0;0;6.8;37;8.045488;228797.0
10071;The Brothers Solomon;2007-09-07;0;0;4.9;46;8.312153;59410.0
1989;My Blueberry Nights;2007-05-16;10000000;21786738;6.0;190;10.733761;12453.0
91076;Illuminata;1998-05-21;0;0;6.3;7;0.111313;1241.0
12779;Swept Away;2002-10-11;10000000;598645;4.8;50;4.570043;956.0
13191;War, Inc.;2008-04-28;5000000;1296184;5.6;86;6.265659;93047.0
11770;Shaolin Soccer;2001-07-12;0;42776760;6.6;491;17.54768;57607.0
12703;The Brown Bunny;2004-08-27;10000000;0;5.5;62;3.412162;22461.0
64559;The Swindle;1997-10-15;0;0;6.4;5;0.627964;19069.0
222649;Rosewater;2014-11-07;0;0;6.5;98;5.75555;12219.0
115872;The Chambermaid on the Titanic;1997-10-10;0;0;5.3;3;1.031142;37577.0
101173;Coriolanus;2011-02-14;7700000;1072602;5.9;131;7.554799;5469.0
25350;Imaginary Heroes;2004-09-14;10000000;0;6.3;29;2.85283;11013.0
10034;High Heels and Low Lifes;2001-07-16;0;0;6.4;12;1.769593;141450.0
20178;World's Greatest Dad;2009-08-20;10000000;295750;6.5;177;9.805551;95024.0
5072;Severance;2006-05-19;0;0;6.4;169;12.898984;41041.0
18191;Edmond;2005-08-31;10000000;0;6.0;50;2.803642;27991.0
31007;Welcome to the Rileys;2010-10-29;0;42145;6.4;139;6.085879;65317.0
11546;Police Academy: Mission to Moscow;1994-06-09;0;126247;4.1;178;11.946898;69801.0
41894;Blood Done Sign My Name;2010-02-01;0;0;6.0;5;0.397341;7671.0
184374;Cinco de Mayo: La Batalla;2013-05-03;10000000;0;5.8;14;0.072085;1432207.0
268171;Elsa & Fred;2014-03-07;10000000;0;6.2;31;2.849895;28898.0
78149;An Alan Smithee Film: Burn, Hollywood, Burn;1998-02-20;10000000;45779;3.0;9;0.666218;55948.0
24663;The Open Road;2009-02-07;0;0;4.8;19;1.388136;17845.0
39037;The Good Guy;2009-04-25;3200000;0;5.4;59;2.631688;129716.0
22805;Motherhood;2009-01-21;0;0;4.7;44;10.955567;89395.0
39055;Free Style;2008-12-24;0;140987;5.8;4;0.122874;56506.0
245846;Strangerland;2015-07-01;10000000;17472;5.1;83;5.145655;219961.0
25186;Janky Promoters;2009-10-16;10000000;9069;7.0;5;1.728816;65133.0
15017;Blonde Ambition;2007-12-21;10000000;0;3.9;29;3.064563;69144.0
12245;The Oxford Murders;2008-01-18;14100000;0;5.7;188;9.318033;57865.0
49787;The Reef;2010-05-15;0;0;5.4;130;7.245108;81328.0
16358;Eulogy;2004-10-15;0;0;6.4;34;9.085482;4910.0
7006;White Noise 2: The Light;2007-01-05;0;0;5.6;80;6.814247;27226.0
66767;Beat the World;2011-06-10;10000000;0;4.3;16;2.873796;31120.0
17622;Fifty Dead Men Walking;2008-09-10;0;0;6.1;35;4.481897;22140.0
283671;Jungle Shuffle;2014-08-07;0;0;6.5;1;1.413934;1291685.0
18516;Adam Resurrected;2008-08-08;10000000;0;6.4;22;2.574014;1035.0
217708;Of Horses and Men;2013-08-30;10;11;6.9;26;1.617943;42092.0
42057;It's a Wonderful Afterlife;2010-05-07;0;0;4.3;9;1.259968;6220.0
17577;The Devil's Tomb;2009-05-26;10000000;0;4.0;53;5.099472;25527.0
14608;Partition;2007-02-02;0;0;6.4;6;2.131524;87121.0
34417;Good Intentions;2010-03-09;0;0;5.0;6;0.304566;1434341.0
15067;The Good, The Bad, The Weird;2008-07-16;10000000;0;7.1;193;11.847324;543568.0
78383;Nurse 3-D;2013-09-28;10;10000000;4.9;119;10.013629;71901.0
43090;Gunless;2010-04-30;10000000;0;6.7;27;3.753703;107630.0
16614;Adventureland;2009-04-03;9500000;17164377;6.4;737;19.978021;54733.0
9700;The Lost City;2005-09-03;9600000;4386236;6.0;24;3.588529;1271.0
10471;Next Friday;2000-01-12;11000000;59827328;6.4;135;9.337388;52112.0
250066;American Heist;2014-09-11;10000000;0;4.3;158;11.431434;232858.0
667;You Only Live Twice;1967-06-12;9500000;111584787;6.5;531;28.675891;10076.0
208869;Plastic;2014-04-30;10;0;6.1;86;9.70276;63052.0
86837;Amour;2012-07-01;8900000;19839492;7.5;400;17.151293;6011.0
10306;Poltergeist III;1988-06-10;10500000;14144000;4.5;123;11.225044;33094.0
106845;Re-Kill;2015-10-16;9500000;0;4.9;34;5.346205;1040955.0
11576;It's a Mad, Mad, Mad, Mad World;1963-11-07;9400000;60000000;7.0;140;14.562991;4081.0
219;Volver;2006-03-16;12899867;85582407;7.3;406;19.747809;309.0
11827;Heavy Metal;1981-08-07;9300000;0;6.2;148;12.928269;70616.0
22820;Gentlemen Broncos;2009-09-30;10000000;0;6.2;51;3.193777;53925.0
31174;Richard III;1995-12-29;0;0;6.9;49;5.107235;33315.0
244316;Into the Grizzly Maze;2015-02-27;10000000;0;5.1;74;10.073144;2679.0
37737;Kites;2010-05-21;0;0;6.0;40;4.807549;119819.0
62215;Melancholia;2011-05-26;7400000;21817298;7.0;885;36.173598;42.0
66125;Red Dog;2011-08-04;0;0;7.1;83;5.499412;110427.0
132316;Jab Tak Hai Jaan;2012-11-13;0;0;7.3;66;5.900535;35770.0
348;Alien;1979-05-25;11000000;104931801;7.9;4470;94.184658;578.0
30497;The Texas Chain Saw Massacre;1974-10-01;85000;30859000;7.2;590;29.262427;10051.0
27586;The Runaways;2010-03-19;10000000;2995811;6.3;254;17.611971;98521.0
14811;Fiddler on the Roof;1971-11-03;9000000;83304330;7.4;134;7.623979;13563.0
660;Thunderball;1965-12-16;5500000;141195658;6.5;562;31.036;9855.0
68684;Detention;2011-03-16;10000000;0;5.7;129;10.424596;66823.0
40794;Loose Cannons;2010-02-12;7000000;8220215;7.0;118;7.720692;72197.0
9400;Set It Off;1996-11-06;9000000;41590886;6.9;66;6.717994;37932.0
16162;The Best Man;1999-10-22;9000000;34573780;6.8;38;3.951041;72024.0
10585;Child's Play;1988-11-08;9000000;44196684;6.3;581;27.600843;64796.0
2359;Sicko;2007-05-18;9000000;24538513;7.3;235;14.098952;17087.0
238636;The Purge: Anarchy;2014-07-17;9000000;108782847;6.6;1954;82.975841;53120.0
10472;Down to You;2000-01-21;9000000;0;4.9;70;3.269459;65627.0
11282;Harold & Kumar Go to White Castle;2004-05-30;9000000;23936908;6.6;693;18.514292;56591.0
6521;The Contender;2000-10-13;9000000;0;6.7;60;7.029126;21526.0
14181;Boiler Room;2000-02-18;26000000;28780255;6.5;201;11.233081;24294.0
1621;Trading Places;1983-06-07;40600000;90400000;7.1;738;34.022209;4610.0
9656;Black Christmas;2006-12-25;9000000;21510851;4.8;119;4.134327;58403.0
16428;Breakin' All the Rules;2004-05-14;0;0;5.8;21;6.904734;74063.0
10705;Henry V;1989-10-05;9000000;0;7.4;71;4.641006;11181.0
8272;The Savages;2007-01-19;0;0;6.8;110;5.663889;54240.0
24621;Chasing Papi;2003-04-16;0;6126237;6.3;16;1.118511;1214860.0
1619;The Way of the Gun;2000-09-08;8500000;19125401;6.4;100;8.775844;9033.0
9685;Igby Goes Down;2002-09-13;9000000;4777465;6.5;95;2.062087;58552.0
14425;PCU;1994-04-29;9000000;4350774;6.0;41;8.738737;7678.0
14624;The Ultimate Gift;2006-10-20;0;0;6.8;78;4.976268;87178.0
10179;The Ice Pirates;1984-03-16;9000000;0;5.7;49;3.810697;59023.0
15568;Gracie;2007-06-01;9000000;2955039;6.0;17;2.365328;19012.0
14057;Trust the Man;2005-09-01;9000000;0;5.5;29;5.2545;86203.0
12621;Hamlet 2;2008-01-21;0;0;6.1;56;5.293363;41549.0
1808;Velvet Goldmine;1998-10-23;0;1053788;6.9;116;10.932711;16863.0
293670;The Wailing;2016-05-12;0;0;7.2;250;9.05029;1296119.0
67675;Glee: The Concert Movie;2011-08-11;9000000;18663238;6.8;79;9.933926;101518.0
27329;The Legend of Suriyothai;2001-08-17;0;0;5.1;6;0.843067;565524.0
29514;Two Evil Eyes;1990-01-25;9000000;0;6.0;35;8.218383;14999.0
250349;Barbecue;2014-04-30;6000000;14348529;5.8;214;5.119593;121588.0
12454;All or Nothing;2002-05-17;9000000;0;7.0;33;2.872281;65452.0
39806;Princess Kaiulani;2010-05-14;9000000;771499;4.8;14;0.717811;59923.0
15699;Opal Dream;2006-11-22;5000000;140666;6.1;7;1.458884;57630.0
8883;Flame & Citron;2008-03-25;6500000;0;6.8;68;7.028946;56195.0
17926;Undiscovered;2005-08-26;9000000;1046166;4.5;12;2.009597;1045480.0
291081;Red Riding: In the Year of Our Lord 1974;2009-02-28;0;0;7.0;54;7.247023;29226.0
41248;The Girl on the Train;2009-03-18;0;0;5.6;10;2.351706;96627.0
25968;Veronika Decides to Die;2009-05-16;9000000;0;5.8;75;4.799022;47201.0
9671;Crocodile Dundee;1986-09-26;5000000;328203506;6.3;503;16.072466;58453.0
52010;Ultramarines: A Warhammer 40,000 Movie;2010-12-10;0;0;5.2;27;3.891186;145169.0
11588;The I Inside;2004-01-15;8800000;0;5.9;62;3.789485;33036.0
43418;Beneath Hill 60;2010-04-15;7347125;0;7.3;40;3.949796;75544.0
71157;Polisse;2011-10-06;0;20374201;7.9;285;14.038703;64210.0
13483;Awake;2007-11-28;86000000;14373825;6.3;395;18.172736;74569.0
333355;Star Wars: Clone Wars: Volume 1;2005-03-21;0;0;8.0;27;1.881466;185438.0
327833;Skin Trade;2014-11-07;9000000;0;5.6;61;6.677926;49605.0
1547;The Lost Boys;1987-07-31;8500000;32222567;6.8;538;24.750909;5572.0
25196;Crazy Heart;2009-12-16;7000000;39462438;6.8;274;17.697042;65167.0
16323;The Rose;1979-11-07;9250000;29174648;6.8;28;7.000949;21958.0
175528;Baggage Claim;2013-09-27;8500000;22456509;5.6;85;11.436405;109692.0
8069;Barbarella;1968-10-10;9000000;2500000;5.7;146;14.171759;53767.0
71805;Shipwrecked;1990-10-03;0;0;6.1;14;0.702971;22558.0
9451;Election;1999-04-23;0;0;6.7;270;13.476596;13235.0
16727;The Namesake;2006-09-02;12000000;20138836;6.8;50;3.604863;6495.0
272693;The DUFF;2015-02-20;8500000;43528634;6.8;1322;40.28709;991868.0
10696;Glitter;2001-09-21;22000000;5271666;3.4;38;3.809131;6198.0
150202;The Haunting in Connecticut 2: Ghosts of Georgia;2013-02-01;0;0;5.6;175;11.708343;51795.0
19644;Silmido;2003-12-24;8000000;0;6.6;28;2.60632;85006.0
29963;Bright Star;2009-11-05;8500000;4440055;6.8;107;9.230073;10757.0
26022;My Name Is Khan;2010-02-12;12000000;42345360;7.7;232;14.719886;35736.0
152747;All Is Lost;2013-10-18;9000000;6108720;6.6;671;28.540614;556172.0
62676;Limbo;1999-06-04;8000000;1997807;7.0;17;0.034259;102445.0
20360;Namastey London;2007-03-27;0;0;6.6;29;1.840511;88142.0
1116;The Wind That Shakes the Barley;2006-05-18;6500000;22889018;7.1;154;6.787967;15488.0
185008;Yeh Jawaani Hai Deewani;2013-05-31;7700000;46000000;7.2;79;3.353176;87378.0
11620;Quo Vadis;1951-11-08;8250000;30000000;7.0;63;7.973109;9054.0
14353;Repo! The Genetic Opera;2008-07-18;0;188126;6.7;100;5.897479;2675.0
11818;Valley of the Wolves: Iraq;2006-02-03;10000000;0;4.3;7;1.465762;70579.0
680;Pulp Fiction;1994-10-08;8000000;213928762;8.3;8428;121.463076;138.0
11176;The Muppet Movie;1979-05-31;0;76657000;7.0;164;10.639916;68457.0
242582;Nightcrawler;2014-10-23;8500000;38697217;7.6;3395;89.095538;57113.0
11217;Club Dread;2004-02-27;8500000;5001655;5.1;107;2.62082;52049.0
15121;The Sound of Music;1965-03-02;8200000;286214286;7.4;941;37.960289;1744.0
2619;Splash;1984-03-09;8000000;69821334;6.1;321;21.735068;6159.0
773;Little Miss Sunshine;2006-07-26;8000000;100523181;7.5;1686;14.793177;16959.0
235;Stand by Me;1986-08-22;8000000;52287414;7.8;1522;51.109279;3026.0
170;28 Days Later;2002-10-31;5000000;82719885;7.1;1777;45.490374;2034.0
14114;You Got Served;2004-01-30;0;0;4.8;75;3.804597;127936.0
10734;Escape from Alcatraz;1979-06-22;8000000;43000000;7.2;561;26.356697;14773.0
37964;Brown Sugar;2002-10-05;8000000;27362712;7.0;31;3.501158;51866.0
28121;A Thin Line Between Love and Hate;1996-04-04;0;0;5.7;15;2.088251;78029.0
40807;50/50;2011-09-30;8000000;39187783;7.0;1261;33.372828;56661.0
10885;Shutter;2008-03-21;0;0;5.3;180;8.864368;67316.0
225565;That Awkward Moment;2014-01-29;8000000;26049082;6.1;1004;37.821106;1211000.0
16471;Modern Problems;1981-12-25;0;0;5.6;23;4.293706;99339.0
385736;Kicks;2016-09-09;0;0;7.5;18;3.467923;1354959.0
11971;Much Ado About Nothing;1993-05-07;8000000;0;7.2;189;10.19377;11181.0
668;On Her Majesty's Secret Service;1969-12-12;6500000;81974493;6.5;456;25.289665;9868.0
11596;New Nightmare;1994-10-13;14000000;18090181;6.4;291;14.730796;5140.0
14429;Drive Me Crazy;1999-10-01;8000000;22593409;5.8;62;4.482714;79656.0
13751;Akeelah and the Bee;2006-04-28;8000000;18948425;6.7;81;4.932893;109640.0
9490;Half Baked;1998-01-16;8000000;17460020;6.4;177;7.894489;57691.0
14536;New in Town;2009-01-30;8000000;29010817;5.2;99;13.987772;130128.0
1359;American Psycho;2000-04-13;7000000;34266564;7.3;2066;45.310443;16378.0
9962;The Good Girl;2002-01-12;8000000;16856124;6.1;181;9.799177;61069.0
15049;Bon Cop Bad Cop;2006-07-06;8000000;12671300;6.5;42;5.069095;32868.0
22821;The Boondock Saints II: All Saints Day;2009-11-24;8000000;10629321;5.9;261;13.517017;54795.0
42819;The City of Your Final Destination;2009-03-21;0;0;5.7;9;1.353971;54441.0
209263;Enough Said;2013-09-18;0;25288872;6.6;348;14.969093;56539.0
37735;Easy A;2010-09-10;8000000;74952305;6.7;2210;45.395839;82511.0
59930;The Inkwell;1994-04-22;0;8880705;3.9;5;0.269661;230059.0
10873;Shadow of the Vampire;2000-05-15;8000000;8279017;6.6;148;5.93923;17279.0
51588;Prom;2011-04-29;8000000;10130000;5.7;134;11.837067;54597.0
23570;The Pallbearer;1996-05-03;8000000;0;4.6;30;2.149469;32278.0
19489;Held Up;1999-10-08;0;0;4.9;11;1.569449;54590.0
14629;Woman on Top;2000-09-22;8000000;0;5.5;46;3.535789;144277.0
8293;Howards End;1992-03-13;0;25966555;6.9;95;5.897391;54441.0
291270;Anomalisa;2015-12-30;8000000;5659286;7.0;459;21.024346;202.0
44009;Another Year;2010-11-05;8000000;18124262;7.0;97;7.235794;65452.0
1958;8 Women;2002-01-08;8000000;0;6.9;196;8.204829;4387.0
13154;Showdown in Little Tokyo;1991-08-23;8000000;2275557;5.7;95;8.403859;67753.0
26618;Clay Pigeons;1998-09-25;0;0;6.3;39;4.221313;42994.0
43923;It's Kind of a Funny Story;2010-07-06;8000000;6491240;6.9;672;13.143045;53068.0
46138;Made in Dagenham;2010-09-11;7200000;0;6.6;94;6.138802;24248.0
45791;When Did You Last See Your Father?;2007-10-05;0;92;6.9;13;1.939054;26481.0
26306;Prefontaine;1997-01-24;8000000;589304;6.7;21;8.717235;122449.0
110683;The Wicked Lady;1983-04-21;0;0;4.3;4;0.289433;19244.0
26963;The Secret of Kells;2009-02-09;0;0;7.3;181;10.621353;96676.0
198277;Begin Again;2013-09-07;8000000;63464861;7.3;1254;35.735689;45117.0
7870;Down in the Valley;2005-05-13;8000000;852872;5.9;63;7.433574;53212.0
13072;Brooklyn Rules;2007-04-30;8000000;458232;5.8;18;4.090382;77076.0
153397;Restless;2012-12-07;0;0;4.9;8;0.812776;1134201.0
30141;The Singing Detective;2003-10-24;0;0;5.9;41;6.335881;33054.0
17044;The Land Girls;1998-09-25;0;0;7.0;3;1.278092;33317.0
10288;Fido;2006-09-07;8000000;426224;6.6;135;5.244518;64754.0
12183;The Wendell Baker Story;2005-08-03;0;0;5.2;16;1.265683;36422.0
44147;Wild Target;2010-06-17;8000000;3453043;6.4;215;10.791954;21217.0
12192;Pathology;2008-04-11;8000000;0;5.6;144;9.782433;73588.0
36597;Wuthering Heights;2009-01-18;0;0;6.9;37;4.409263;115677.0
13197;10th & Wolf;2006-02-19;8000000;143451;6.3;24;3.942464;137064.0
10913;Dear Wendy;2005-01-22;0;0;5.6;33;2.597665;4453.0
251321;Aloft;2014-02-12;8000000;53086;5.1;41;6.500835;101399.0
149;Akira;1988-07-16;8000000;553171;7.8;773;39.338097;185.0
10425;The Death and Life of Bobby Z;2007-07-23;22000000;413454;5.8;103;12.893219;27846.0
49081;The Rocket: The Legend of Rocket Richard;2005-10-25;8000000;2019009;6.1;17;0.983484;93136.0
256687;Swelter;2014-04-20;0;0;4.6;21;2.214925;228311.0
220488;My Lucky Star;2013-09-17;0;0;4.3;8;1.86453;66960.0
1544;Imagine Me & You;2005-02-01;0;2455831;7.0;177;9.100352;17510.0
374461;Mr. Church;2016-09-16;8000000;0;7.0;129;7.828459;5696.0
302;Swimming Pool;2003-05-18;7800000;22441323;6.4;153;11.000654;4387.0
182873;Green Street Hooligans: Underground;2013-01-01;0;0;5.4;33;5.0005;1088096.0
21512;The Blood of Heroes;1989-10-19;0;882290;5.9;31;6.41678;7191.0
389425;Code of Honor;2016-05-06;8000000;0;4.1;16;2.101718;101233.0
403;Driving Miss Daisy;1989-12-13;7500000;145793296;7.0;350;19.585801;5696.0
29461;Soul Food;1997-09-26;0;0;6.6;19;4.105363;66121.0
33542;Rumble in the Bronx;1995-01-30;7500000;32392047;6.5;240;17.318839;44916.0
283708;Far from Men;2014-08-30;7700000;0;6.6;43;3.363973;585161.0
9388;Thank You for Smoking;2005-09-05;6500000;24793509;7.1;664;29.01153;52443.0
1691;Hostel: Part II;2007-06-08;10200000;35619521;5.6;453;20.745052;16847.0
24684;An Education;2009-10-29;7500000;26096852;6.8;409;16.990308;1176.0
2610;Shopgirl;2005-10-21;10284523;11588205;5.7;75;4.820166;26481.0
11308;The Hotel New Hampshire;1984-03-09;7500000;0;5.8;26;2.226412;32765.0
11022;Narc;2002-01-14;6500000;12633747;6.8;142;8.526635;40223.0
34341;Men with Brooms;2002-09-20;7500000;4245870;4.5;7;1.369528;84021.0
15365;Witless Protection;2008-02-22;0;0;4.0;26;1.82184;84113.0
36046;The Work and the Glory;2004-11-24;7500000;3347647;6.1;7;0.571663;229198.0
12569;Extract;2009-09-03;8000000;10848783;5.7;192;14.652342;17403.0
24356;Masked and Anonymous;2003-08-08;0;0;5.2;13;1.71729;6767.0
55903;Betty Fisher and Other Stories;2001-09-01;0;0;7.0;3;0.024186;18209.0
2577;Code 46;2003-09-02;7500000;0;6.2;116;8.859657;172.0
103903;Outside Bet;2012-04-27;7500000;0;5.8;2;0.086731;107039.0
73873;Albert Nobbs;2011-12-21;8000000;5634828;6.2;132;7.802245;77162.0
312113;Black November;2012-12-07;12500000;0;6.4;4;1.589693;968998.0
14165;Ta Ra Rum Pum;2007-04-27;0;0;6.0;13;0.553752;35785.0
2011;Persepolis;2007-05-23;7300000;0;7.7;450;24.281951;20709.0
45650;The Hole;2009-09-09;0;0;5.6;244;9.983004;4600.0
7735;The Wave;2008-03-11;7500000;19000000;7.5;841;25.281197;52961.0
301365;The Neon Demon;2016-06-08;7000000;1333124;6.4;887;38.150787;21183.0
25941;Harry Brown;2009-11-11;7300000;10329747;6.7;348;16.829837;94918.0
29064;The Omega Code;1999-10-15;0;2400000;4.4;17;1.288173;102797.0
7326;Juno;2007-12-05;7500000;231411584;7.0;2244;19.782725;52443.0
326284;Pound of Flesh;2015-05-07;7500000;0;5.5;63;4.943588;5917.0
681;Diamonds Are Forever;1971-12-13;7200000;116019547;6.3;553;34.634181;9915.0
238;The Godfather;1972-03-14;6000000;245066411;8.4;5893;143.659698;1776.0
535;Flashdance;1983-04-14;4000000;92921203;6.1;302;18.422323;7270.0
19913;(500) Days of Summer;2009-07-17;7500000;60722734;7.2;2904;45.610993;87742.0
713;The Piano;1993-05-19;7000000;116700000;7.1;281;17.681707;10757.0
77930;Magic Mike;2012-06-28;7000000;167221571;6.1;1040;35.897151;1884.0
10727;Darkness Falls;2003-01-24;0;0;4.9;161;11.199544;66739.0
253;Live and Let Die;1973-07-05;7000000;161777836;6.4;533;30.465138;9915.0
17908;My Dog Skip;2000-01-14;7000000;0;6.5;69;5.675535;46297.0
8390;Definitely, Maybe;2008-02-08;0;55447968;6.7;620;29.173266;16328.0
57119;Jumping the Broom;2011-05-06;6600000;37710610;6.0;56;4.492455;225556.0
3291;Good Night, and Good Luck.;2005-09-16;7000000;54600000;6.8;273;17.717681;1461.0
398;Capote;2005-09-30;7000000;49084830;6.8;384;17.434862;5345.0
8068;Desperado;1995-08-25;7000000;25405445;6.8;881;25.511217;2294.0
10803;Logan's Run;1976-06-23;9000000;25000000;6.6;269;12.268143;20412.0
682;The Man with the Golden Gun;1974-12-01;7000000;97572000;6.3;524;30.214716;9915.0
10117;Action Jackson;1988-02-12;7000000;20256975;4.9;50;6.872784;63709.0
9392;The Descent;2005-07-08;0;0;6.8;1005;23.413188;57581.0
24977;Michael Jordan to the Max;2000-05-05;0;21268532;7.5;10;1.830306;52159.0
79316;Devil's Due;2014-01-08;7000000;36433975;4.4;216;14.741589;66681.0
2074;Flirting with Disaster;1996-03-22;7000000;14702438;6.3;66;5.500324;17883.0
1696;The Devil's Rejects;2005-07-22;0;0;6.6;322;16.754452;16848.0
308639;Dope;2015-06-19;700000;17986781;7.2;691;29.761163;51866.0
22314;In Too Deep;1999-08-25;7000000;14011454;6.2;17;2.772178;28741.0
2662;House of 1000 Corpses;2003-04-11;7000000;16829545;6.0;306;19.301432;16848.0
77156;Alien Zone;1978-11-22;0;0;4.0;3;0.000372;158835.0
12573;A Serious Man;2009-10-02;7000000;31430334;6.6;483;23.612409;1223.0
44718;Get Low;2010-01-22;7500000;0;6.5;100;6.557643;58292.0
11342;Warlock;1989-06-01;7000000;0;5.8;95;9.887662;58712.0
241771;Beyond the Lights;2014-09-10;7000000;14618727;7.0;139;8.079046;71947.0
34653;A Single Man;2009-10-19;7000000;0;7.3;463;21.626288;120615.0
11051;The Last Temptation of Christ;1988-08-12;7000000;8373585;7.0;201;14.672151;1032.0
14578;Outside Providence;1999-08-16;7000000;7292175;5.6;30;2.627232;77076.0
57825;Bride & Prejudice;2004-02-11;7000000;0;6.5;110;12.150871;6220.0
9555;Rabbit-Proof Fence;2002-02-04;0;0;6.8;84;2.128211;13015.0
15581;Who's Your Caddy?;2007-07-27;0;0;3.8;18;2.881239;27005.0
13006;Split Second;1992-05-01;7;5;5.7;63;4.857028;70415.0
16651;The Other Side of Heaven;2001-04-12;7000000;4720371;6.7;14;2.206097;86164.0
4251;Veer-Zaara;2004-11-12;7000000;29385320;7.4;64;3.721858;35770.0
12400;Redbelt;2008-04-07;7000000;0;6.4;76;5.091253;1255.0
39053;Cyrus;2010-06-18;7000000;0;6.1;133;15.212569;45405.0
104896;A Dog Of Flanders;1999-08-27;0;0;6.4;6;0.838938;40220.0
14112;Auto Focus;2002-10-18;7000000;2062066;6.1;56;7.051521;1035.0
12271;Factory Girl;2006-12-29;7000000;0;6.2;81;11.400229;37852.0
71859;We Need to Talk About Kevin;2011-09-28;7000000;6038942;7.4;677;21.276864;83287.0
226354;The Christmas Candle;2013-11-22;0;0;5.8;8;1.799504;1387618.0
48620;The Mighty Macs;2009-10-21;7000000;0;5.0;15;2.932784;550857.0
33676;Losin' It;1983-04-08;7000000;1246141;4.5;31;2.550045;323.0
37080;Mother and Child;2009-11-07;7000000;0;6.7;46;5.517597;77162.0
25388;March or Die;1977-09-08;0;0;6.2;16;3.829937;19333.0
11687;The Visitors;1993-01-27;0;0;7.1;420;8.893676;64909.0
39210;Somewhere;2010-09-03;8000000;0;6.0;208;9.590373;1769.0
30128;I Hope They Serve Beer in Hell;2009-09-25;7000000;1429299;5.7;20;7.155519;36187.0
31535;Chairman of the Board;1998-03-13;0;0;2.7;13;0.587276;88077.0
44835;Hesher;2010-01-22;7000000;382946;6.7;212;13.635828;131521.0
192134;Dom Hemingway;2013-11-15;0;523511;5.8;212;10.416332;44740.0
1956;Gerry;2002-01-12;3500000;0;6.2;68;5.038953;5216.0
24985;The Heart of Me;2002-01-01;7000000;0;7.7;5;1.498245;72467.0
306745;Freeheld;2015-10-02;7000000;573335;7.1;164;8.184588;71548.0
47088;The Extra Man;2010-08-01;7000000;453079;5.9;29;2.26778;72205.0
110402;Hard to Be a God;2013-02-27;7000000;1310673;6.7;41;3.120016;270361.0
27004;Ca$h;2010-01-01;7000000;46488;6.0;73;8.207425;96745.0
15013;Wah-Wah;2005-08-17;0;0;6.3;8;2.356244;20766.0
8374;The Boondock Saints;1999-01-22;6000000;30471;7.2;837;34.917447;54795.0
277519;Z Storm;2014-06-19;0;0;5.8;5;0.542814;141503.0
78381;Twixt;2011-09-10;7000000;0;5.0;85;5.060656;1776.0
164372;The Snow Queen;2012-10-11;7000000;12400000;5.1;47;5.33861;1006810.0
294512;Alpha and Omega: The Legend of the Saw Tooth Cave;2014-07-21;0;0;6.5;4;1.874783;107274.0
8879;Pale Rider;1985-06-28;0;41410568;7.0;251;14.574995;190.0
13001;Stargate: The Ark of Truth;2008-03-11;7000000;8900000;6.9;140;8.591387;27745.0
9571;Dazed and Confused;1993-09-24;6900000;7993039;7.4;583;26.181753;564.0
13649;High School Musical 2;2007-08-17;0;7000000;6.1;843;21.01755;65310.0
325373;Two Lovers and a Bear;2016-10-02;0;0;6.8;27;3.139294;646785.0
334527;Criminal Activities;2015-11-20;7000000;0;5.8;110;6.665164;17183.0
2211;Aimee & Jaguar;1999-02-10;0;0;6.3;20;2.832628;22677.0
13919;The Chumscrubber;2005-06-08;0;0;6.7;62;3.528643;76009.0
14576;Shade;2003-05-18;6800000;0;6.1;73;4.665309;77062.0
82505;House at the End of the Street;2012-09-21;6900000;44287131;5.6;555;25.613197;86482.0
46738;Incendies;2010-09-04;6800000;7103838;7.9;479;21.285206;137427.0
38970;Remember Me, My Love;2003-02-11;0;0;5.8;44;4.240495;20646.0
41009;Perrier’s Bounty;2009-09-11;0;0;5.1;24;3.810943;109978.0
7347;Elite Squad;2007-10-12;4000000;0;7.8;504;23.604936;52576.0
250546;Annabelle;2014-10-02;6500000;255273813;5.6;1517;60.225219;26714.0
38415;Bran Nue Dae;2009-08-09;7;7;5.2;6;0.050456;942251.0
650;Boyz n the Hood;1991-07-12;6500000;57504069;7.4;364;17.705671;6482.0
16620;La Bamba;1987-07-24;6500000;54215416;6.8;116;6.847099;82219.0
25113;The Four Seasons;1981-05-22;0;0;6.3;16;8.067702;21278.0
11033;Dressed to Kill;1980-06-25;6500000;31899000;6.8;157;11.208769;1150.0
34723;The Adventures of Huck Finn;1993-04-02;6500000;0;6.2;42;2.163683;7775.0
9430;Go;1999-04-09;6500000;28451622;7.0;196;11.142389;11694.0
8998;Friends with Money;2006-09-07;6500000;13368437;5.1;128;11.885221;56539.0
10514;The Andromeda Strain;1971-03-12;6500000;12376563;7.0;190;12.524953;1744.0
10496;Bats;1999-10-22;0;10;4.1;35;1.537859;65420.0
1591;Nowhere in Africa;2001-12-11;0;0;7.0;32;3.481517;4522.0
76025;Shame;2011-10-02;6500000;17693675;7.0;875;40.688426;72757.0
4836;Layer Cake;2004-09-30;6500000;11850214;7.0;559;24.0034;957.0
14631;The Work and the Glory II: American Zion;2005-10-21;6500000;2025032;8.0;6;2.639106;1053020.0
87499;The East;2013-05-31;6500000;2401510;6.5;305;16.574756;933739.0
18923;A Home at the End of the World;2004-07-23;6500000;1548955;6.8;45;5.483531;50460.0
26665;Aberdeen;2000-07-05;0;0;7.0;6;1.068819;95972.0
28089;The Messenger;2009-11-13;6500000;1521261;7.1;119;8.432401;34110.0
62255;Tracker;2010-05-20;6500000;0;6.0;16;2.074295;113907.0
5708;Control;2007-09-26;0;8159508;7.5;200;11.357474;45052.0
218;The Terminator;1984-10-26;6400000;78371200;7.3;4128;74.234793;2710.0
338;Good bye, Lenin!;2003-02-09;4800000;79384880;7.4;586;11.086001;4780.0
21641;The Damned United;2009-03-27;10000000;0;7.2;152;13.409125;70500.0
10925;The Return of the Living Dead;1985-05-15;4000000;14237000;7.3;267;14.961629;5045.0
2293;Mallrats;1995-10-20;6000000;2122561;6.8;392;16.139771;19303.0
621;Grease;1978-07-07;6000000;181813770;7.2;1581;67.608041;8876.0
792;Platoon;1986-12-18;6000000;138530565;7.5;1205;49.802914;1152.0
1777;Fahrenheit 9/11;2004-06-25;6000000;119114517;6.8;397;16.20985;17087.0
642;Butch Cassidy and the Sundance Kid;1969-09-23;6000000;102308889;7.4;650;24.499996;9577.0
433;Mary Poppins;1964-08-27;6000000;102272727;7.4;1183;59.961523;5834.0
16619;Ordinary People;1980-09-19;6000000;0;7.4;145;12.541983;4135.0
1725;West Side Story;1961-10-18;6000000;43656822;7.0;389;23.431117;1744.0
11977;Caddyshack;1980-07-25;6000000;39846344;6.6;365;15.929648;1524.0
20322;The Brothers;2001-03-23;0;0;6.5;10;3.029944;95458.0
16158;The Wood;1999-07-16;6000000;25059640;7.1;34;5.537646;51866.0
629;The Usual Suspects;1995-07-19;6000000;23341568;8.1;3254;64.025031;9032.0
10160;A Nightmare on Elm Street 5: The Dream Child;1989-08-11;8000000;22168359;5.5;245;12.654051;2042.0
11452;National Lampoon’s Van Wilder;2002-03-29;5000000;38275483;5.9;858;35.108498;68573.0
12163;The Wrestler;2008-09-07;6000000;44703995;7.3;1000;40.196514;6431.0
32275;Duel in the Sun;1946-12-31;6000000;20400000;6.2;37;7.60445;29962.0
13785;Best in Show;2000-09-19;0;0;6.7;166;10.982255;13524.0
1103;Escape from New York;1981-05-22;6000000;50244700;6.9;703;24.351305;11770.0
36739;School Daze;1988-02-12;0;0;6.2;26;3.159574;5281.0
14144;Daddy Day Camp;2007-08-08;6000000;18197398;4.4;91;12.601677;2223.0
10622;Mr. Nice Guy;1997-01-31;12716953;18814720;6.3;128;7.077505;62410.0
13370;A Mighty Wind;2003-04-16;6000000;18750246;6.6;74;4.053017;13524.0
11191;Mystic Pizza;1988-10-13;0;0;5.9;123;6.379933;18281.0
10215;Sliding Doors;1998-04-23;6000000;58000000;6.5;354;15.639016;7791.0
25066;Tales from the Hood;1995-05-24;6000000;12000000;5.4;32;3.89204;141825.0
1523;The Last King of Scotland;2006-09-01;6000000;48027970;7.4;558;26.286954;17350.0
11361;Halloween 5: The Revenge of Michael Myers;1989-10-12;5000000;11642254;5.2;183;8.008844;32813.0
92591;Bernie;2012-04-27;5000000;9206470;6.5;320;12.68514;564.0
57612;Dolphins and Whales: Tribes of the Ocean;2008-02-15;6000000;7518876;8.0;3;0.041651;111085.0
12509;Pollock;2000-09-06;0;0;6.6;91;8.483531;228.0
15256;200 Cigarettes;1999-02-26;6000000;6852450;6.1;44;3.561198;3191.0
83686;The Words;2012-09-07;6000000;13231461;6.4;379;14.988746;51996.0
80304;Casa De Mi Padre;2012-03-15;0;0;5.5;103;5.754416;589159.0
28053;City Island;2009-03-06;6000000;6670712;6.9;113;6.497285;99496.0
67913;The Guard;2011-07-07;6000000;19560274;6.8;372;19.411141;65594.0
13991;College;2008-08-28;7000000;6230276;4.8;48;7.034618;77911.0
1443;The Virgin Suicides;1999-04-21;6000000;10409377;7.1;817;26.218912;1769.0
8545;Little Voice;1998-11-05;0;0;6.6;61;4.647547;55299.0
19556;Miss March;2009-03-13;0;0;5.4;77;9.371534;84833.0
231576;Wish I Was Here;2014-01-18;5500000;5483299;6.4;300;15.015271;5367.0
16172;Simply Irresistible;1999-02-05;6000000;4398989;5.5;52;5.696491;18679.0
13403;Hedwig and the Angry Inch;2001-07-20;0;0;7.4;80;4.25422;17114.0
15797;Only the Strong;1993-08-27;6000000;3283371;6.9;29;5.411243;16590.0
347764;Goddess of Love;2015-08-31;0;0;6.2;9;1.273773;80006.0
13537;Shattered Glass;2003-11-14;6000000;2944752;6.6;111;6.27257;21807.0
20794;Novocaine;2001-11-23;6000000;2025238;6.0;44;4.148253;67910.0
31064;The Business of Strangers;2001-01-19;0;0;5.7;19;1.369649;59210.0
576;The Wild Bunch;1969-06-17;6244087;638641;7.6;259;14.970654;7767.0
13990;The Wackness;2008-07-03;6000000;2899975;6.2;94;7.161051;56661.0
11583;The First Great Train Robbery;1979-01-25;6000000;0;6.6;74;12.434688;4782.0
18602;Morvern Callar;2002-01-01;0;0;7.2;34;2.507912;83287.0
27549;Beastmaster 2: Through the Portal of Time;1991-06-08;6000000;869325;4.6;17;1.478505;24757.0
59728;The 5th Quarter;2011-03-25;6000000;399611;4.7;12;0.215464;71339.0
10930;The Flower of Evil;2003-02-09;0;0;5.7;10;1.229667;19069.0
32395;The Greatest;2009-01-17;6000000;0;6.2;34;6.903186;129718.0
58882;Snow Flower and the Secret Fan;2011-07-15;134005;1332231;5.3;22;2.260315;39819.0
7547;Come Early Morning;2006-01-10;6000000;0;5.9;10;3.427061;16484.0
35944;Lucky Break;2001-08-24;0;0;6.5;11;0.669169;57630.0
42222;Julia;1977-10-02;0;0;6.3;30;6.077735;4065.0
13827;Surfer, Dude;2008-09-05;6000000;69497;4.7;25;2.404626;75882.0
44260;Lake of Fire;2006-09-09;0;25;8.0;10;0.475748;814.0
9282;11:14;2003-05-16;6000000;0;6.8;206;15.048067;57125.0
38940;Men of War;1994-09-04;0;0;5.4;29;1.734764;124783.0
35689;Don McKay;2009-04-24;0;0;5.4;21;1.496454;114596.0
97614;Deadfall;2012-11-08;12000000;66351;5.6;224;10.19041;15115.0
37206;A Shine of Rainbows;2009-10-01;6000000;0;6.3;14;12.099486;87121.0
58626;The Hit List;2011-04-02;6000000;0;5.2;73;4.957014;228177.0
183894;Emma;2009-10-11;0;0;7.6;38;2.135689;152249.0
837;Videodrome;1983-02-04;5952000;2120439;7.1;454;18.119265;224.0
1555;The Spanish Apartment;2002-05-17;5300000;3897799;7.0;266;13.034602;17520.0
244783;Song One;2014-01-20;6000000;32251;5.5;87;6.349218;1280037.0
16564;Winter in Wartime;2008-11-17;4000000;530048;6.8;66;5.013575;80630.0
168027;Freaky Deaky;2012-04-22;0;0;4.9;18;4.448353;122728.0
3482;The Train;1964-09-21;5800000;6800000;7.2;72;4.49029;13776.0
135595;Trade Of Innocents;2012-09-27;0;0;5.5;12;2.204138;1102620.0
8982;The Protector;2005-08-11;6000000;27165581;6.8;167;11.81832;57214.0
89861;Stiff Upper Lips;1998-06-12;0;0;10.0;1;0.356495;20779.0
455;Bend It Like Beckham;2002-04-11;3500159;76578641;6.2;578;22.054546;6220.0
57022;Sunshine State;2002-06-21;0;0;6.0;10;4.245123;102445.0
14351;Crossover;2006-09-01;5800000;7000000;4.2;10;3.201886;76705.0
147767;Khiladi 786;2012-12-07;0;126;4.7;11;0.114342;131856.0
10664;[REC]²;2009-09-15;5600000;18469680;6.4;489;22.341462;54525.0
55567;Standing Ovation;2010-07-16;0;531826;3.9;6;0.305922;59023.0
9277;The Sting;1973-12-25;5500000;159616327;7.9;622;28.500913;9577.0
9443;Chariots of Fire;1981-05-15;5500000;58972904;6.8;207;10.439971;58220.0
16186;Diary of a Mad Black Woman;2005-02-25;0;0;6.4;71;3.784535;77441.0
7863;Shine;1996-01-21;0;0;7.3;131;10.396305;33433.0
138697;Don Jon;2013-07-26;6000000;0;5.9;1671;33.296684;24045.0
11901;High Plains Drifter;1973-04-19;5500000;15700000;7.4;278;19.127239;190.0
1548;Ghost World;2001-07-20;7000000;0;7.1;426;14.072941;17447.0
11889;Iris;2001-12-14;0;0;6.2;47;2.714043;36693.0
33155;Galaxina;1980-06-06;5500000;4865000;3.3;16;2.141143;554946.0
5528;The Chorus;2004-03-17;0;0;7.5;526;20.982455;43993.0
321;Mambo Italiano;2003-06-06;4361898;3031801;5.6;28;2.080741;6980.0
4997;Wonderland;2003-10-23;5000000;2466444;6.2;73;7.79068;40508.0
925;Do the Right Thing;1989-06-30;6500000;37295445;7.6;292;15.580335;5281.0
27451;Harvard Man;2001-01-01;0;0;4.8;15;5.336243;56381.0
73532;Le Havre;2011-05-17;3850000;0;6.8;97;10.787322;16767.0
979;Irreversible;2002-05-22;0;792;7.1;538;32.476098;14597.0
193722;R100;2013-10-05;5500000;0;5.4;31;3.21392;71080.0
7913;Rang De Basanti;2006-01-26;2200000;11502151;7.2;97;5.206967;53671.0
253253;Animals;2014-05-15;0;0;6.2;9;1.5846;1288700.0
51995;Salvation Boulevard;2011-07-15;8000000;0;5.6;28;3.653305;46802.0
13173;The Ten;2007-08-03;0;0;4.9;57;3.865122;22214.0
22908;A Room for Romeo Brass;1999-08-23;0;0;7.3;18;1.391958;70520.0
70670;Headhunters;2011-08-04;0;15699707;7.1;399;20.821846;77965.0
84204;Grabbers;2012-08-10;0;0;6.0;140;9.451228;89824.0
25248;Saint Ralph;2004-09-11;0;0;7.3;24;1.688495;83415.0
230266;Miss Julie;2014-09-07;5500000;5000000;5.9;45;5.033065;11916.0
16633;Somewhere in Time;1980-10-02;5100000;0;7.2;102;5.934016;16187.0
63006;Dum Maaro Dum;2011-04-22;0;0;5.4;7;0.075817;85445.0
91586;Insidious: Chapter 2;2013-09-12;5000000;0;6.5;1211;48.375848;2127.0
215;Saw II;2005-10-28;4000000;152925093;6.3;1251;42.187986;2675.0
333371;10 Cloverfield Lane;2016-03-10;15000000;108286421;6.8;2468;53.698683;568322.0
9012;Jackass: The Movie;2002-10-21;5000000;64282312;6.1;345;14.752587;56578.0
345911;Lights Out;2016-07-21;4900000;44107032;6.3;1129;48.170508;1302082.0
72571;Paranormal Activity 3;2011-10-19;5000000;205703818;5.9;669;29.15813;142272.0
242512;Ouija;2014-10-24;5000000;103590271;4.9;983;56.30466;84962.0
10072;A Nightmare on Elm Street 3: Dream Warriors;1987-02-27;5000000;44793222;6.5;354;17.304055;26713.0
211954;Instructions Not Included;2013-07-20;5500000;99067206;7.5;205;9.59729;239574.0
82990;Paranormal Activity 4;2012-10-17;5000000;142817992;5.2;563;20.326337;142272.0
29912;The Robe;1953-09-16;4100000;36000000;6.4;42;4.028875;33064.0
11843;The Return of the Pink Panther;1975-05-21;5000000;41833347;6.7;137;6.470766;1927.0
11284;Freddy's Dead: The Final Nightmare;1991-09-05;11000000;34872033;5.1;272;16.856231;56891.0
504;Monster;2003-11-16;8000000;60378584;7.0;485;19.683187;6884.0
173;20,000 Leagues Under the Sea;1954-12-23;5000000;28200000;6.8;157;9.358197;2087.0
227348;Paranormal Activity: The Marked Ones;2014-01-01;5000000;86362372;5.2;449;19.984477;54248.0
1955;The Elephant Man;1980-10-02;5000000;26010864;7.9;719;30.271066;5602.0
152532;Dallas Buyers Club;2013-09-07;5000000;55198285;7.9;2886;59.454473;69371.0
243940;The Lazarus Effect;2015-01-29;3300000;64110728;5.1;505;20.304235;928915.0
77;Memento;2000-10-11;9000000;39723096;8.1;4028;60.715151;525.0
157547;Oculus;2013-09-08;5000000;44030246;6.3;1050;35.871248;551463.0
2295;Clerks II;2006-05-25;5000000;26888376;6.9;398;18.077963;19303.0
71;Billy Elliot;2000-05-18;5000000;110000000;7.4;750;20.428237;468.0
147773;The Way Way Back;2013-06-06;4600000;23198652;7.1;688;32.14444;105648.0
16096;House Party 2;1991-10-23;0;0;4.7;21;3.673566;67896.0
24266;The Man from Snowy River;1982-03-02;3500000;20659423;6.8;37;3.656491;1174031.0
16508;Doug's 1st Movie;1999-03-26;0;0;5.4;22;1.88484;261271.0
2895;The Apostle;1997-10-09;5000000;0;6.1;38;4.227807;3087.0
15660;Mommie Dearest;1981-09-18;0;0;6.5;54;3.102862;113799.0
59968;Our Idiot Brother;2011-08-26;10000000;17273593;5.9;365;15.688439;130816.0
323677;Race;2016-02-19;5000000;24804129;7.1;478;22.9951;2042.0
19848;The Players Club;1998-04-08;0;0;6.4;14;5.769822;9778.0
256274;As Above, So Below;2014-08-14;5000000;40100000;6.1;766;26.510558;77147.0
235271;Addicted;2014-10-10;0;0;5.4;63;7.544515;62116.0
45153;Eve's Bayou;1997-09-07;0;0;6.1;27;1.126941;51864.0
284293;Still Alice;2014-12-05;5000000;43884652;7.5;1104;35.307577;82335.0
24973;The Egyptian;1954-08-25;5000000;15000000;6.0;11;4.079111;4109.0
21610;Nighthawks;1981-03-17;5000000;19905359;6.4;86;7.058868;58040.0
10283;Friday the 13th Part VIII: Jason Takes Manhattan;1989-07-28;5000000;14000000;4.8;191;12.904615;64735.0
8346;My Big Fat Greek Wedding;2002-02-22;5000000;368744044;6.2;671;18.115566;54644.0
122081;Spring Breakers;2013-01-24;5000000;31724284;5.0;1551;62.554173;51918.0
10987;Halloween: The Curse of Michael Myers;1995-09-29;5000000;15116634;5.0;170;9.483717;55116.0
1391;Y Tu Mamá También;2001-06-08;5000000;33616692;7.3;315;16.890285;11218.0
747;Shaun of the Dead;2004-04-09;4000000;30039392;7.5;2420;49.12486;11090.0
14745;The Haunting of Molly Hartley;2008-10-31;0;0;4.3;48;8.309894;48498.0
26748;Lone Star;1996-06-21;5000000;13269963;6.9;77;5.960149;102445.0
11357;Halloween 4: The Return of Michael Myers;1988-10-21;5000000;17768757;5.9;209;9.302349;56998.0
24913;April Fool's Day;1986-03-27;5000000;0;5.8;73;8.190888;62556.0
13776;Diner;1982-04-02;0;0;6.9;83;5.87193;8246.0
14854;Lone Wolf McQuade;1983-04-14;5000000;12232628;5.5;67;8.452666;102627.0
50357;Apollo 18;2011-07-20;5000000;25562924;5.0;356;17.028252;77123.0
13090;Sunshine Cleaning;2008-01-18;5000000;16174377;6.5;255;19.336367;74152.0
192141;No Escape;2015-08-26;5000000;54418872;6.7;777;38.006982;77147.0
16441;The Beastmaster;1982-08-20;0;14056528;6.0;97;6.377523;58245.0
29996;Solomon and Sheba;1959-12-25;5000000;12200000;5.4;8;0.835617;29962.0
351819;Fifty Shades of Black;2016-01-28;20000000;21164799;4.3;331;14.947588;1110102.0
14834;Not Easily Broken;2009-01-09;0;0;6.3;9;5.1299;1103.0
22649;A Farewell to Arms;1932-12-08;4;25;6.2;28;1.199451;14855.0
378200;The Perfect Match;2016-03-11;0;0;5.2;42;3.810827;62116.0
20455;Digimon: The Movie;2000-03-17;5500000;0;6.2;72;3.7387;81718.0
13193;Saved!;2004-01-21;0;0;6.3;147;9.85123;74259.0
11042;The Barbarian Invasions;2003-05-21;8000000;3432342;6.7;77;3.03091;38516.0
10786;Robin and Marian;1976-03-11;0;0;6.6;50;3.199904;10586.0
12484;The Forsaken;2001-04-27;5000000;0;4.9;47;2.739307;52371.0
17339;Force 10 from Navarone;1978-11-01;5000000;7230000;6.4;91;5.348446;9915.0
11959;UHF;1989-07-21;5000000;0;6.7;89;4.070044;71042.0
9900;Grandma's Boy;2006-01-06;0;6538177;6.6;220;9.974681;60149.0
14662;Slums of Beverly Hills;1998-08-14;5000000;0;6.5;44;6.308298;54240.0
335;Once Upon a Time in the West;1968-12-21;5000000;5321508;8.1;1128;49.333137;4385.0
15745;Made;2001-07-13;5000000;5476060;6.3;55;4.149628;15277.0
17431;Moon;2009-06-12;5000000;9760104;7.6;1794;46.114184;81850.0
21014;Keeping Up with the Steins;2006-05-12;0;0;5.2;18;3.562563;83070.0
78394;Sea Rex 3D: Journey to a Prehistoric World;2010-05-14;5000000;4074023;5.9;11;4.498368;583893.0
10217;The Sweet Hereafter;1997-05-14;5000000;3263585;6.8;103;7.673124;56205.0
46332;Of Gods and Men;2010-05-18;4000000;41424067;6.5;91;4.992475;72320.0
13996;Bottle Shock;2008-08-06;5000000;4040588;6.6;60;6.174435;77121.0
3028;Jekyll and Hyde ... Together Again;1982-11-10;0;0;4.6;5;0.805312;29705.0
1024;Heavenly Creatures;1994-09-02;5000000;3049135;7.0;294;8.753409;108.0
343795;90 Minutes in Heaven;2015-09-11;5000000;4842699;5.4;40;3.943706;41887.0
45658;Everything Must Go;2010-10-15;5000000;2614773;6.0;208;9.169411;133406.0
16148;Zero Effect;1998-01-30;5000000;1980338;6.0;55;2.732031;51851.0
4553;The Machinist;2004-02-09;5000000;8203235;7.3;1247;35.252056;37948.0
36351;Light Sleeper;1992-08-21;5000000;0;5.7;15;6.063868;1035.0
245916;Kill the Messenger;2014-10-09;5000000;2450846;6.6;355;21.343093;84931.0
27585;Rabbit Hole;2010-12-16;5000000;5129058;6.9;165;10.095184;17114.0
1415;Party Monster;2003-09-05;5000000;742898;5.9;58;4.129165;16957.0
313922;Green Room;2016-04-15;5000000;3220371;6.7;683;30.001024;74655.0
14474;The Oh in Ohio;2006-03-30;5000000;0;5.8;27;6.759235;87191.0
199933;Atlas Shrugged Part III: Who is John Galt?;2014-09-12;5000000;846704;3.9;15;1.731035;1343882.0
13685;Bottle Rocket;1996-02-21;7000000;560069;6.8;281;11.700578;5655.0
8744;Albino Alligator;1996-09-09;6000000;0;5.6;45;2.388683;1979.0
38428;Gandhi, My Father;2007-08-03;0;0;6.0;2;0.080704;120426.0
8847;Standard Operating Procedure;2008-02-12;0;0;6.6;14;0.888986;18533.0
39269;Out of the Blue;1980-05-01;0;0;6.5;17;0.679351;2778.0
46838;Tucker and Dale vs Evil;2010-01-22;5000000;5476793;7.3;847;19.940245;52479.0
51384;Lovely, Still;2008-01-01;0;0;6.2;13;1.286991;989831.0
56930;Tycoon;1947-12-27;0;0;6.6;4;0.042442;95723.0
41730;Desert Blue;1999-06-06;0;0;5.5;9;1.116206;66800.0
18442;Decoys;2004-02-27;5000000;0;4.7;33;3.05434;58912.0
298312;The Visit;2015-09-10;5000000;98450062;6.0;1360;38.94708;11614.0
11600;Redacted;2007-01-01;5000000;782102;6.2;37;3.792015;1150.0
71547;Fascination;2004-10-13;0;0;3.8;4;0.219799;568267.0
57876;Area 51;2015-05-15;5000000;0;4.2;151;7.794;90591.0
77495;Sleep Tight;2011-10-14;5000000;0;7.0;202;9.136965;54525.0
13849;The Cottage;2008-02-07;0;0;6.3;80;8.39685;80384.0
14849;Dead Like Me: Life After Death;2009-02-17;0;0;5.8;65;7.864905;18356.0
12486;Farce of the Penguins;2006-12-01;0;0;3.2;13;1.963219;72450.0
19615;Flying By;2009-01-01;0;0;7.0;2;1.546169;
244403;Rudderless;2014-10-17;5000000;0;7.4;105;10.619574;3905.0
292481;Henry & Me;2014-08-18;5000000;0;3.0;3;0.999655;1365766.0
340816;Christmas Eve;2015-12-04;0;0;6.1;24;1.985243;86164.0
78814;We Have Your Husband;2011-11-12;0;0;5.0;3;0.102003;60045.0
297596;Dying of the Light;2014-12-04;15000000;0;4.5;118;10.48009;1035.0
299552;Born Of War;2013-12-05;0;0;4.1;7;1.136568;1404799.0
11935;Capricorn One;1977-12-10;5000000;0;6.4;131;11.095219;37710.0
113406;Should've Been Romeo;2012-04-28;0;0;0.0;0;0.40703;40385.0
447027;Running Forever;2015-10-27;0;0;0.0;0;0.028756;
290825;Yoga Hosers;2016-07-08;5000000;0;4.7;102;8.618793;19303.0
361159;Navy Seals vs. Zombies;2015-10-08;0;0;3.5;36;2.394613;1393858.0
12555;I Served the King of England;2006-12-19;0;0;7.0;22;2.387463;11720.0
31175;Soul Kitchen;2009-09-09;5000000;17872796;7.1;116;5.461487;5125.0
12498;Sling Blade;1996-08-30;1000000;24475416;7.4;231;14.805264;879.0
77949;The Awakening;2011-08-17;4798235;209696;6.3;458;25.30216;582918.0
1690;Hostel;2005-01-06;4800000;80578934;5.7;887;38.83192;16847.0
8435;A Cock and Bull Story;2005-07-17;0;0;6.2;43;3.500741;172.0
64720;Take Shelter;2011-11-25;5000000;3099314;7.1;471;19.807295;71872.0
49365;Lady in White;1988-04-22;0;0;6.3;25;1.435742;583023.0
11404;Driving Lessons;2006-04-30;0;0;6.3;47;7.667888;35005.0
300706;Let's Kill Ward's Wife;2014-12-23;5000000;0;5.5;76;8.496364;35595.0
16337;The Texas Chainsaw Massacre 2;1986-08-22;4700000;8025872;5.9;139;9.617777;10051.0
11577;Pat Garrett & Billy the Kid;1973-05-23;4638783;11000000;7.2;65;4.495256;7767.0
77987;Only God Forgives;2013-05-30;4800000;10337387;5.6;862;35.754865;21183.0
40185;Camping Sauvage;2005-10-13;0;0;4.8;4;0.20323;123912.0
68202;Without Men;2011-06-29;4;0;4.6;8;0.28076;84437.0
8981;Dear Frankie;2004-05-18;0;0;7.0;46;3.11319;56474.0
10914;All Hat;2007-09-11;0;0;1.0;1;0.137535;69168.0
50848;The Names of Love;2010-11-24;4600000;0;7.3;93;6.368933;225887.0
166624;Treading Water;2013-09-13;4700000;0;5.6;6;0.217538;1148217.0
10822;Savage Grace;2007-05-18;4600000;0;5.7;60;3.531877;66983.0
10844;Out of the Blue;2006-10-12;0;0;5.9;18;0.706355;67106.0
9336;Police Academy;1984-03-22;4500000;146198896;6.5;602;15.002502;28904.0
5689;The Blue Lagoon;1980-07-05;4500000;58853106;5.8;408;22.585384;8876.0
712;Four Weddings and a Funeral;1994-03-09;6000000;254700832;6.6;632;29.834065;10723.0
13342;Fast Times at Ridgemont High;1982-08-13;4500000;27092880;7.0;322;20.403344;57434.0
10339;Moby Dick;1956-06-27;4500000;10400000;6.9;89;5.224593;6593.0
1429;25th Hour;2002-12-16;15000000;13060843;7.2;629;30.196039;5281.0
9303;Bound;1996-09-13;4500000;7011317;6.9;198;15.359952;9339.0
641;Requiem for a Dream;2000-10-27;4500000;7390108;7.9;2443;11.573034;6431.0
27686;State Fair;1945-08-29;0;0;6.2;19;1.847822;80570.0
65749;Tango;1998-02-12;0;0;6.8;6;0.425551;96369.0
6106;Salvador;1986-04-23;4500000;0;7.0;71;3.819796;1152.0
252680;Moms' Night Out;2014-03-25;5000000;10429707;5.5;121;10.274542;844266.0
141;Donnie Darko;2001-01-18;6000000;1270522;7.7;3452;61.210016;1577.0
66607;Saving Private Perez;2011-03-18;0;0;6.1;18;0.177356;545086.0
17139;Character;1997-04-17;4500000;0;7.7;25;0.011697;123150.0
12079;Spun;2002-06-01;2000000;0;6.6;132;6.249262;71329.0
39800;Life During Wartime;2009-10-10;4500000;744816;6.3;30;3.108881;66605.0
4550;Sympathy for Lady Vengeance;2005-07-29;0;23803308;7.4;356;17.074843;10099.0
62116;Mozart's Sister;2010-06-09;0;0;6.2;13;0.774442;24481.0
9991;Mean Machine;2001-12-26;0;0;6.0;157;8.816995;61571.0
13807;Exiled;2006-09-06;4500000;0;7.0;46;8.48639;25236.0
68818;Blackthorn;2011-08-31;0;623528;6.6;73;5.223096;19841.0
12093;Lilya 4-ever;2002-08-23;0;0;7.7;139;7.759215;11037.0
36419;After.Life;2010-04-09;4500000;3606395;5.4;251;14.570359;129715.0
281730;Fugly;2014-06-13;0;0;5.3;2;0.371337;1352997.0
510;One Flew Over the Cuckoo's Nest;1975-11-18;3000000;108981275;8.2;2919;127.525581;3974.0
362105;R.L. Stine's Monsterville: The Cabinet of Souls;2015-09-29;4400000;0;6.9;35;3.898737;118463.0
10970;Silent Movie;1976-06-17;0;0;6.7;78;7.315935;14639.0
375290;Airlift;2016-01-22;4500000;32000000;7.3;57;2.551559;87296.0
17663;Anne of Green Gables;1985-12-01;0;0;8.2;68;8.772574;134306.0
270938;Falcon Rising;2014-09-05;0;0;5.5;71;6.988357;5917.0
116613;The Sweeney;2012-09-11;3730500;6294161;5.7;109;6.938854;41530.0
11826;Sexy Beast;2000-09-13;5000000;0;7.0;217;11.21273;66728.0
29920;Easy Money;2010-01-15;0;0;6.5;63;7.217328;125738.0
1088;Whale Rider;2003-01-30;8000000;41400000;7.1;111;12.439495;15287.0
26379;Paa;2009-12-04;3250000;0;6.6;19;2.126139;
34069;Cargo;2009-09-24;0;0;5.9;140;10.142218;114545.0
10947;High School Musical;2006-01-20;4200000;0;6.1;1000;16.536374;65310.0
47452;Love and Death on Long Island;1997-01-01;0;0;6.9;11;0.933891;228797.0
3040;Night Watch;2004-06-27;4200000;32000000;6.3;210;12.540624;23430.0
11386;The Crying Game;1992-09-02;3705538;62548947;6.9;176;8.839651;17016.0
10246;Porky's;1981-11-13;4000000;125728258;6.1;183;12.891276;12698.0
29426;Survival of the Dead;2010-05-06;4000000;0;4.6;116;10.789912;14999.0
10331;Night of the Living Dead;1968-10-01;114000;30000000;7.5;580;25.666029;14999.0
153;Lost in Translation;2003-08-31;4000000;119723856;7.3;1895;45.66662;1769.0
703;Annie Hall;1977-04-19;4000000;38251425;7.8;1010;35.892034;1243.0
27191;The Greatest Show on Earth;1952-01-10;4000000;36000000;6.6;50;8.988455;8636.0
1365;Monster's Ball;2001-11-11;4000000;44909486;6.5;250;14.042041;12995.0
287424;Maggie;2015-05-08;4000000;187112;5.2;593;40.016306;1354171.0
451;Leaving Las Vegas;1995-10-27;3600000;49800000;7.1;360;22.030517;6111.0
165864;Hansel and Gretel Get Baked;2013-02-19;4500000;0;4.8;67;2.503612;1149038.0
987;The Front Page;1974-12-01;4000000;0;6.9;68;4.117968;3146.0
241251;The Boy Next Door;2015-01-23;4000000;52425855;4.1;1022;24.161735;18878.0
40494;Trapeze;1956-05-30;4000000;14400000;6.4;22;1.379354;15378.0
39781;The Kids Are All Right;2010-07-09;3500000;34705850;6.5;506;15.338211;75699.0
8337;They Live;1988-11-23;4000000;13008928;7.1;550;29.852608;11770.0
5925;The Great Escape;1963-06-20;4000000;11744471;7.8;717;35.061467;14520.0
8357;What the #$*! Do We (K)now!?;2004-04-23;0;10000000;5.8;34;7.288352;55420.0
146203;The Last Exorcism Part II;2013-02-28;5000000;15179302;4.4;203;10.605752;557179.0
85350;Boyhood;2014-06-05;4000000;44349000;7.5;1971;43.40352;564.0
512;Scoop;2006-07-27;4000000;31584901;6.4;420;17.229537;1243.0
13408;The Wash;2001-11-16;7000000;10229331;5.3;26;2.453459;65134.0
47816;3 Strikes;2000-03-01;6000000;9000000;5.9;15;1.433692;65134.0
10744;The Cooler;2003-01-17;32000000;0;6.7;89;9.976428;19000.0
11536;The Misfits;1961-01-01;4000000;8200000;6.8;72;2.930058;6593.0
9782;The Night Listener;2006-02-12;0;0;5.5;57;7.173059;59210.0
18713;The Jerky Boys;1995-02-03;0;0;4.8;10;1.735462;73668.0
6537;The Orphanage;2007-08-27;0;44000000;7.1;633;29.071955;51894.0
184345;A Haunted House 2;2014-04-17;0;0;5.4;346;18.428909;1110102.0
1809;The Rules of Attraction;2002-10-11;4000000;0;6.3;168;11.387335;8297.0
2370;Topaz;1969-12-18;4000000;6000000;6.1;77;5.975604;2636.0
9809;Let's Go to Prison;2006-11-17;4000000;4630045;5.5;69;4.59841;59410.0
5;Four Rooms;1995-12-09;4000000;4300000;6.5;530;22.87623;3110.0
11013;Secretary;2002-01-11;4000000;9304609;6.7;376;19.107285;67795.0
19153;The Real Cancun;2003-04-23;0;0;3.3;8;0.456485;1491995.0
10132;Talk Radio;1988-12-21;4000000;3468572;6.7;46;4.541908;1152.0
16448;Waiting for Guffman;1996-01-31;0;0;7.3;63;4.348416;13524.0
15122;Love Stinks;1999-09-10;0;0;5.4;11;3.347885;60621.0
8141;You Kill Me;2007-02-09;4000000;2426851;6.2;80;6.091951;21053.0
1546;Thumbsucker;2005-01-23;0;1919197;6.1;67;4.757625;17439.0
48572;Red State;2011-08-19;4000000;1104682;5.9;316;12.062371;19303.0
14517;Mirrormask;2005-01-25;4000000;866999;6.6;102;7.758188;87081.0
89708;Samsara;2011-09-16;4000000;0;8.0;167;12.781973;68994.0
27551;The Barbarians;1987-03-01;0;0;5.1;8;1.631993;45572.0
64678;The Art of Getting By;2011-06-17;0;1406224;6.5;415;12.690224;119417.0
309503;Zipper;2015-08-28;0;0;5.5;58;8.516229;1004172.0
14293;Poolhall Junkies;2002-06-07;0;0;6.5;25;5.90259;91389.0
15059;The Loss of Sexual Innocence;1999-04-29;4000000;0;5.2;9;2.866934;6111.0
103328;Holy Motors;2012-07-02;0;641100;6.9;228;9.140936;27977.0
157847;Joe;2014-04-11;4000000;2365467;6.5;338;22.987897;64141.0
25719;Shooting Fish;1997-08-22;3000000;302204;7.0;23;1.204941;94155.0
48309;Prison;1988-03-04;1300000;354704;6.7;27;7.605291;16938.0
27723;Psycho Beach Party;2000-08-06;1500000;0;6.0;26;2.855963;133183.0
20468;The Big Tease;1999-01-01;0;0;5.8;6;0.502396;36083.0
242575;Guten Tag, Ramón;2013-10-18;4000000;0;8.1;18;1.771584;940807.0
44945;Trust;2010-09-10;9500000;120000;6.6;307;21.230737;14409.0
29122;An Everlasting Piece;2000-12-22;0;0;6.0;1;0.068246;8246.0
125123;Among Giants;1998-06-24;0;0;4.5;2;0.541652;134156.0
111190;Adore;2013-04-03;16000000;318982;6.1;291;18.790221;48583.0
133575;The Velocity of Gary;1999-07-16;4000000;0;4.2;5;0.409089;69099.0
54580;Mondays in the Sun;2002-09-27;4000000;146402;7.1;36;3.663108;15602.0
52015;Stake Land;2010-09-30;650000;33245;6.2;285;12.496261;87082.0
34941;The Last Time I Committed Suicide;1997-06-20;0;0;6.7;7;0.596889;56435.0
227975;Futuro Beach;2014-05-01;0;0;6.4;31;2.611364;55018.0
60422;Another Happy Day;2011-11-18;4000000;355688;6.2;37;3.238466;96172.0
81390;A Lonely Place to Die;2011-04-09;4000000;25345000;6.2;157;8.30723;63052.0
10981;Nothing;2003-09-09;0;0;5.8;38;3.408955;5877.0
225235;The Geographer Drank His Globe Away;2013-07-26;0;4037782;7.3;23;1.876621;1210747.0
14902;1776;1972-11-09;0;0;7.1;20;1.807571;129514.0
121676;Inescapable;2012-09-14;0;0;5.2;13;6.783053;108072.0
22301;Hell's Angels;1930-11-15;3950000;8000000;6.1;19;8.484123;2917.0
20065;Purple Violets;2007-04-30;4000000;0;5.7;9;0.936232;12833.0
257087;The Veil;2016-04-21;4000000;0;4.5;118;12.822534;18500.0
46420;The Loved Ones;2009-09-13;0;0;6.6;207;4.989985;136345.0
114635;The Helpers;2012-10-27;4000000;0;4.1;8;1.390659;127936.0
158150;How to Fall in Love;2012-07-21;4000000;0;5.2;20;1.923514;106491.0
251979;The Perfect Wave;2014-02-28;0;0;4.4;21;4.118612;144528.0
874;A Man for All Seasons;1966-12-12;3900000;28350000;7.5;89;9.541688;4065.0
10774;Network;1976-11-01;3800000;23689877;7.7;381;17.234745;39996.0
770;Gone with the Wind;1939-12-15;4000000;400176459;7.7;970;48.98255;9049.0
266102;Desert Dancer;2014-07-03;0;0;6.5;18;1.972668;1030160.0
29715;Major Dundee;1965-04-07;3800000;14873;6.2;38;3.490215;7767.0
25209;Annie Get Your Gun;1950-05-17;3768785;8000000;7.3;22;1.726175;21506.0
37495;Four Lions;2010-05-07;967686;4270000;7.0;423;20.544999;117794.0
29262;The House of Sand;2005-05-13;0;0;6.7;9;0.389471;237884.0
34769;Defendor;2009-09-12;3500000;44462;6.5;195;8.45342;55587.0
35032;The Pirate;1948-06-11;3700000;2956000;6.6;17;0.90522;13980.0
5178;The Good Heart;2009-09-11;3800000;0;6.0;21;2.201678;18823.0
8618;The History Boys;2006-10-02;4000000;13401952;6.6;66;3.771652;55476.0
3116;Midnight Cowboy;1969-05-25;3600000;44785053;7.4;299;21.119209;19304.0
9427;The Full Monty;1997-08-13;3500000;257850122;6.8;363;17.002623;57630.0
813;Airplane!;1980-07-02;3500000;83453539;7.1;1074;46.116885;3415.0
352978;Chain of Command;2015-08-30;5000000;0;5.3;11;1.398981;105860.0
10634;Friday;1995-04-26;3500000;28215918;7.0;503;25.5748;37932.0
9516;Menace II Society;1993-05-26;3500000;27900000;7.2;173;3.418871;11447.0
16288;Creepshow 2;1987-05-01;3500000;14000000;5.9;129;10.729884;15056.0
23330;The Ballad of Cable Hogue;1970-05-13;3716946;5000000;6.9;47;2.676535;7767.0
18900;In Cold Blood;1967-12-14;3500000;13007551;7.4;82;7.821438;3632.0
27029;The Nun's Story;1959-06-18;3500000;12800000;7.4;46;3.281509;4065.0
26268;Harper;1966-02-23;3500000;12000000;6.2;35;2.938973;30422.0
573;Frenzy;1972-05-25;3500000;12600000;7.1;158;10.219942;2636.0
310131;The Witch;2016-02-19;3500000;40423945;6.3;1434;50.319662;138781.0
40505;I Got the Hook Up;1998-05-27;0;0;5.4;8;0.593068;258199.0
11363;She's the One;1996-08-26;3500000;9482579;5.7;70;8.406025;12833.0
3033;Gods and Monsters;1998-01-21;10000000;6451628;6.8;81;5.588652;15557.0
25376;The Secret in Their Eyes;2009-08-13;2000000;33965843;7.8;626;25.894065;84714.0
22007;Train;2008-10-16;0;0;4.8;36;3.280081;60099.0
765;Evil Dead II;1987-03-13;3600000;5923044;7.6;742;35.674774;7623.0
10615;Pootie Tang;2001-06-29;0;0;5.4;43;3.115754;52849.0
205321;Sharknado;2013-07-11;1000000;0;3.8;476;20.466433;85822.0
89540;The Other Conquest;1999-04-01;0;0;5.4;4;0.015597;937439.0
46146;Troll Hunter;2010-10-29;3500000;4159678;6.7;583;12.982319;135113.0
38007;Ira & Abby;2006-01-01;0;0;5.8;9;0.595136;119367.0
14256;Winter Passing;2006-02-07;3500000;113783;6.7;28;3.643608;585272.0
540;D.E.B.S.;2004-01-21;3500000;0;5.6;90;6.396936;7312.0
370464;The Masked Saint;2016-01-08;0;0;2.9;7;0.909067;63852.0
20055;The Betrayed;2008-09-27;3500000;0;5.2;10;1.348114;938649.0
224569;Taxman;1999-09-16;0;0;2.0;1;0.964802;95550.0
395766;The Secret;2016-04-29;0;0;0.0;0;0.042346;582918.0
39303;2:13;2009-04-25;3500000;0;4.6;10;1.271621;996070.0
142061;Batman: The Dark Knight Returns, Part 2;2013-01-18;3500000;0;7.9;419;25.891466;105643.0
370662;Time to Choose;2015-09-04;3500000;0;0.0;0;1.618138;74058.0
252360;In the Name of the King III;2013-12-27;3500000;0;3.3;19;4.304341;23799.0
256740;Wicked Blood;2014-03-04;3500000;0;5.3;37;3.158056;87183.0
299145;Stranded;2015-06-05;0;0;5.0;11;3.230779;774.0
241766;Lords of London;2014-01-06;3440000;0;3.6;6;1.913302;1283831.0
12535;High Anxiety;1977-12-25;3400000;31063038;6.5;84;5.690619;14639.0
1667;March of the Penguins;2005-01-26;8000000;127392239;6.9;358;17.537154;18525.0
50839;Margin Call;2011-09-28;3500000;19504039;6.7;524;26.259389;556172.0
86549;August;2011-06-09;0;0;6.2;15;1.419431;933320.0
13973;Choke;2008-09-26;3000000;3830137;6.0;127;11.637458;9048.0
244786;Whiplash;2014-10-10;3300000;13092000;8.3;4254;192.528841;136495.0
598;City of God;2002-02-05;3300000;30641770;8.1;1814;44.356711;8557.0
11129;Human Traffic;1999-06-04;600000;4000000;6.8;97;4.859873;68281.0
75861;To Write Love on Her Arms;2015-03-13;3400000;0;6.8;47;6.723057;131668.0
13551;The Dead Girl;2006-11-07;0;0;6.4;66;3.069605;74638.0
103663;The Hunt;2012-08-28;3800000;16800000;7.9;927;21.826888;4453.0
850;A Christmas Story;1983-11-18;0;19294144;7.4;344;15.128316;12698.0
12586;Bella;2006-09-09;0;0;6.7;37;1.814802;72960.0
11564;Class of 1984;1982-08-20;4300000;0;6.2;66;5.643023;67753.0
301748;The Opposite Sex;2014-11-08;3300000;45000;4.1;9;2.964785;55265.0
108346;Dreaming of Joseph Lees;1999-10-29;2000000;7;8.0;1;0.11615;231521.0
8841;The Class;2008-09-24;0;28814580;6.8;174;13.437038;17386.0
805;Rosemary's Baby;1968-06-12;3200000;33395426;7.5;863;26.180367;3556.0
11697;The Man Who Shot Liberty Valance;1962-04-22;3200000;8000000;7.4;265;11.735287;8500.0
22051;Adam;2009-07-29;0;2277396;6.9;150;8.308442;100516.0
436;Maria Full of Grace;2004-01-18;0;0;6.9;101;3.027892;5872.0
55347;Beginners;2010-09-11;3200000;5332926;6.8;347;11.933449;17439.0
10070;Feast;2005-10-14;0;658573;6.1;160;8.825113;62797.0
8469;Animal House;1978-07-27;2700000;141000000;7.0;418;17.332585;4610.0
658;Goldfinger;1964-09-17;2500000;124881062;7.2;987;47.812466;9915.0
125490;Antiviral;2012-09-19;2400000;0;5.7;112;11.753553;1081445.0
1585;It's a Wonderful Life;1946-12-20;3180000;9644124;8.0;1076;42.868495;2662.0
627;Trainspotting;1996-02-23;4000000;16491080;7.8;2655;63.513324;2034.0
23618;The Original Kings of Comedy;2000-08-18;0;0;6.3;15;1.918959;5281.0
41436;Paranormal Activity 2;2010-10-20;3000000;177512032;5.7;722;22.789649;20133.0
10162;Waking Ned;1998-09-15;0;0;7.4;54;5.735912;64045.0
1430;Bowling for Columbine;2002-10-09;4000000;35564473;7.3;453;11.414843;17087.0
259943;Coming Home;2014-05-16;0;0;6.9;49;6.017273;607.0
10014;A Nightmare on Elm Street Part 2: Freddy's Revenge;1985-10-31;3000000;29999213;5.7;361;21.607228;62020.0
11257;A Room with a View;1985-12-13;3000000;20966644;6.9;156;7.961559;54441.0
158015;The Purge;2013-05-31;3000000;89328627;6.0;2428;54.403033;53120.0
82507;Sinister;2012-03-29;3000000;77712439;6.7;1573;41.045084;55499.0
20337;Martin Lawrence Live: Runteldat;2002-08-01;3000000;19184015;5.0;1;0.295226;78029.0
261;Cat on a Hot Tin Roof;1958-02-17;3000000;17570324;7.6;165;16.553594;3632.0
1685;Beneath the Planet of the Apes;1970-05-01;3000000;18999718;6.2;361;24.393296;18635.0
20737;Air Bud;1997-08-01;3000000;23144499;5.3;106;11.241802;1270.0
10991;Pokémon: Spell of the Unknown;2000-07-08;16000000;68411275;5.9;137;9.18885;65428.0
10225;Friday the 13th Part VI: Jason Lives;1986-08-01;3000000;19472057;5.7;216;11.158167;63550.0
826;The Bridge on the River Kwai;1957-10-02;3000000;33300000;7.7;542;23.109959;12238.0
34086;Spaced Invaders;1990-04-27;3000000;15369573;4.7;25;1.586598;56059.0
5854;Family Plot;1976-04-09;2000000;7900000;6.7;86;3.832858;2636.0
284;The Apartment;1960-06-15;3000000;25000000;8.1;483;22.889294;3146.0
10285;Jason Goes to Hell: The Final Friday;1993-08-13;3000000;15938065;4.2;193;10.341982;64743.0
5780;Torn Curtain;1966-07-13;3000000;13000000;6.4;120;7.924982;2636.0
292;Dave Chappelle's Block Party;2005-09-12;3000000;11718595;6.4;28;1.697846;201.0
223485;Slow West;2015-04-16;0;229094;6.6;367;14.936661;1062805.0
29463;Krush Groove;1985-10-25;3000000;0;7.0;11;0.720091;77300.0
18065;Next Day Air;2009-02-06;0;0;5.3;36;2.747402;134129.0
22013;Elmer Gantry;1960-06-19;3000000;10400000;7.3;41;6.734965;3632.0
821;Judgment at Nuremberg;1961-12-01;3000000;10000000;7.6;155;13.338539;4081.0
53862;Trippin';1999-05-12;0;9016377;4.5;4;0.185373;161858.0
3089;Red River;1948-08-26;3000000;9012000;7.3;82;5.344815;11435.0
30139;Phat Girlz;2006-01-01;0;0;3.7;10;0.982624;1039544.0
132344;Before Midnight;2013-04-05;3000000;11176469;7.4;568;23.299907;564.0
15582;Teen Wolf Too;1987-11-20;0;0;3.8;46;4.103764;57436.0
15158;Phantasm II;1988-07-08;3000000;7282851;6.3;94;5.003615;58245.0
44634;Woman Thou Art Loosed;2004-09-30;3000000;6804016;5.0;3;0.019984;77300.0
30309;Real Women Have Curves;2002-01-01;0;0;5.8;19;1.026243;116832.0
7509;Water;2005-09-08;0;10422387;6.8;34;2.787375;4760.0
10557;East Is East;1999-05-14;3800000;28200000;6.5;59;3.667372;65865.0
23531;Whipped;2000-09-01;3000000;0;3.1;11;2.144354;1058138.0
28005;Kama Sutra - A Tale of Love;1996-09-11;3000000;4109095;5.7;35;3.937939;6495.0
40247;Please Give;2010-01-22;3000000;0;6.0;57;5.325156;56539.0
252;Willy Wonka & the Chocolate Factory;1971-06-29;3000000;4000000;7.4;798;23.981601;3451.0
24126;Warlock: The Armageddon;1993-05-01;0;0;5.2;38;3.107149;48965.0
13982;8 Heads in a Duffel Bag;1997-04-18;0;0;5.4;39;5.016607;2691.0
16642;Days of Heaven;1978-09-13;0;0;7.6;234;13.857194;30715.0
17734;Thirteen Conversations About One Thing;2001-09-02;0;0;6.4;25;6.997495;145134.0
18892;Jawbreaker;1999-01-30;3000000;3076820;5.9;90;4.337685;239418.0
549;Basquiat;1996-08-09;2962051;3011195;6.6;94;3.636634;7482.0
121986;Frances Ha;2013-05-17;0;4069826;7.2;345;15.492257;5656.0
868;Tsotsi;2005-08-18;3000000;9879971;6.9;94;2.504169;13079.0
10683;Happiness;1998-10-16;3000000;2807390;7.4;194;10.757539;66605.0
17995;DysFunktional Family;2003-04-04;0;0;6.1;4;1.580027;21792.0
246403;Tusk;2014-09-19;2800000;1826705;5.1;366;15.754614;19303.0
670;Oldboy;2003-01-01;3000000;14980005;8.0;1945;56.76349;10099.0
35691;Letters to God;2010-04-09;0;0;6.5;37;3.644872;114614.0
49010;Hobo with a Shotgun;2011-05-06;3000000;748453;5.7;211;16.900433;141673.0
317930;Compadres;2016-03-31;3000000;0;5.2;17;1.569246;1480591.0
11229;Freeway;1996-08-23;3000000;0;6.5;95;4.682881;55117.0
22488;Love's Abiding Joy;2006-10-06;0;0;5.8;12;1.128559;60438.0
24469;Fish Tank;2009-05-14;3000000;2357852;6.9;250;12.68672;71082.0
82533;Damsels in Distress;2012-04-06;0;0;5.6;67;3.750338;78188.0
50942;Creature;1998-05-17;0;0;4.0;21;2.857848;76418.0
84174;Bachelorette;2012-08-06;3000000;11947954;5.3;444;20.95282;217587.0
34099;Brave New Girl;2004-04-25;0;0;3.7;3;0.18094;111944.0
79940;Tim and Eric's Billion Dollar Movie;2012-03-02;0;0;5.2;34;1.75311;132856.0
342;Summer Storm;2004-09-02;2700000;0;6.7;59;3.120747;5192.0
281230;Fort McCoy;2014-01-01;0;0;6.3;2;0.384496;84769.0
38033;Chain Letter;2010-10-01;0;0;3.9;37;2.504156;119419.0
100975;Just Looking;1999-10-21;3000000;0;5.8;5;0.431332;1206.0
38541;The Divide;2011-03-13;3000000;22000;5.7;197;11.882563;18184.0
39563;The Eclipse;2009-04-24;0;0;6.1;15;9.342465;73289.0
234212;Demonic;2015-02-12;3000000;3387000;4.9;148;12.564554;223098.0
27404;My Big Fat Independent Movie;2005-03-04;0;0;3.0;5;0.68822;1271492.0
170480;The Deported;2010-06-15;0;0;0.0;0;0.194848;109905.0
71866;Tanner Hall;2009-09-14;0;0;5.4;32;2.015525;564082.0
192210;Open Road;2013-04-12;3000000;0;5.2;18;2.680629;228041.0
180296;They Came Together;2014-06-27;0;0;5.3;171;12.036888;22214.0
157058;30 Nights of Paranormal Activity With the Devil Inside the Girl With the Dragon Tattoo;2013-01-14;0;0;2.9;28;1.737032;130051.0
70006;Never Back Down 2: The Beatdown;2011-09-13;3000000;0;5.8;136;9.249229;64856.0
26039;Point Blank;1967-08-30;2500000;3200000;7.1;95;5.164423;19665.0
79587;Four Single Fathers;2009-01-15;3;0;0.0;0;0.008263;587519.0
176077;Enter the Dangerous Mind;2013-03-11;0;0;4.8;14;1.998826;930627.0
260947;Something Wicked;2014-04-04;3000000;0;4.6;16;1.968679;57777.0
342502;AWOL-72;2015-08-07;3000000;0;2.8;10;1.141463;130530.0
191229;Iguana;1988-04-01;0;0;6.0;1;0.214704;20921.0
43213;Chicago Overcoat;2009-10-10;3200000;0;6.1;5;1.034844;566314.0
44594;Barry Munday;2010-03-13;0;0;6.3;22;1.975941;131060.0
666;Central Station;1998-01-16;2900000;5596708;7.6;126;5.928937;8574.0
248;Pocketful of Miracles;1961-12-18;2900000;5000000;7.3;25;3.370225;2662.0
325173;Close Range;2015-12-11;0;0;4.9;54;5.485217;78108.0
55831;Boynton Beach Club;2005-08-05;0;0;6.8;3;0.18887;
351043;Amnesiac;2015-08-14;3000000;0;4.1;52;3.077885;41887.0
43942;Freakonomics;2010-10-01;3000000;103735;6.6;36;1.781462;19003.0
10226;High Tension;2003-06-18;0;0;6.6;271;4.952983;59291.0
66942;Griff the Invisible;2011-08-19;2902660;0;6.1;34;1.35088;84451.0
356483;Unnatural;2015-10-16;0;0;4.3;12;0.687656;117168.0
10476;Hustle & Flow;2005-07-22;8000000;23563727;6.9;99;6.39503;53267.0
239;Some Like It Hot;1959-03-18;2883848;25000000;8.0;808;39.30982;3146.0
10281;Friday the 13th Part VII: The New Blood;1988-05-13;2800000;19170001;5.3;192;9.070842;64722.0
630;The Wizard of Oz;1939-08-15;2777000;33754967;7.4;1642;67.417542;9049.0
3034;Young Frankenstein;1974-12-15;2800000;86273333;7.7;854;36.444894;14639.0
13025;Diary of the Dead;2007-09-08;2000000;5364858;5.4;190;15.351412;14999.0
21461;Lage Raho Munna Bhai;2006-01-01;0;0;7.6;44;2.436019;85675.0
55306;Ulee's Gold;1997-06-13;0;0;6.5;19;0.93392;138322.0
17264;The Black Stallion;1979-10-17;2700000;37799643;7.0;59;11.35972;68212.0
346081;Sardaarji;2015-06-26;0;0;9.5;2;0.296981;1312905.0
16016;Journey to Saturn;2008-09-26;0;0;4.9;10;1.776624;66879.0
15875;Donovan's Reef;1963-06-12;2686000;6600000;6.0;30;1.897263;8500.0
5900;The Dress;1996-03-21;0;0;7.0;3;0.144031;27875.0
43306;A Guy Named Joe;1944-03-01;2627000;5363000;6.0;8;0.531444;9049.0
11072;Blazing Saddles;1974-02-07;2600000;119500000;7.2;609;22.793929;14639.0
9730;Friday the 13th: The Final Chapter;1984-04-13;2600000;32980880;5.9;237;14.013414;64195.0
209274;Ida;2013-10-25;2159280;10700000;7.1;260;13.265432;64194.0
26371;Maurice;1987-09-18;0;0;7.1;61;11.552247;54441.0
14137;Beer League;2006-09-15;0;0;5.3;22;1.73892;111745.0
291;Riding Giants;2004-07-09;2600000;3166000;7.6;23;0.895946;4319.0
14139;Timecrimes;2007-09-20;2600000;553198;7.0;308;19.02965;118303.0
33106;Silver Medalist;2009-01-20;0;0;7.4;13;0.406645;17295.0
8875;Timber Falls;2007-12-07;2600000;0;5.2;38;3.687574;42712.0
872;Singin' in the Rain;1952-04-10;2540800;7200000;7.8;727;36.556954;13284.0
72914;Fat, Sick & Nearly Dead;2010-04-16;0;0;7.1;47;0.545825;567558.0
139038;A Haunted House;2013-01-11;2500000;60141683;5.4;516;18.661541;1110102.0
126509;2016: Obama's America;2012-07-13;2500000;33400000;4.6;19;0.973582;151460.0
9591;That Thing You Do!;1996-10-04;0;34585416;6.8;225;14.885388;31.0
10676;Halloween III: Season of the Witch;1982-10-22;2500000;14400000;5.0;229;12.030456;11777.0
1687;Escape from the Planet of the Apes;1971-05-20;2500000;12348905;6.3;264;18.30961;9108.0
24748;Hud;1963-05-29;2500000;10000000;7.5;66;6.82919;18854.0
181330;Kevin Hart: Let Me Explain;2013-07-03;0;32230907;7.1;95;9.799357;559968.0
468;My Own Private Idaho;1991-10-17;2500000;0;7.1;212;10.363642;5216.0
401;Garden State;2004-07-28;2500000;26781723;7.1;618;30.583959;5367.0
76;Before Sunrise;1995-01-27;2500000;5535405;7.7;959;23.672571;564.0
50538;Evil Words;2003-10-03;0;0;6.9;8;0.205034;130358.0
25636;Jesus' Son;1999-09-05;0;0;6.7;22;5.581743;157879.0
19316;Saving Face;2004-09-12;0;0;6.8;32;2.487255;84461.0
21074;Brick Lane;2007-11-16;0;0;5.2;15;0.262135;93288.0
84329;Robot & Frank;2012-08-16;2500000;3325038;6.8;450;23.419061;836732.0
20;My Life Without Me;2003-03-07;0;9726954;7.2;77;7.958831;90.0
157386;The Spectacular Now;2013-08-02;2500000;6854611;6.8;1048;25.722747;930710.0
13007;Religulous;2008-10-01;0;0;7.2;197;9.774126;6767.0
13518;Fuel;2008-11-14;0;0;7.0;3;0.197469;74600.0
116584;Valley of the Heart's Delight;2006-04-24;0;0;7.0;1;0.142255;133684.0
46849;Eye of the Dolphin;2007-08-24;2500000;71904;7.1;7;0.301884;59975.0
40428;8: The Mormon Proposition;2010-01-01;0;0;5.5;6;0.424957;123990.0
17334;The Other End of the Line;2008-10-29;14000000;0;6.1;50;3.393648;61848.0
1698;Anatomy;2000-02-03;0;0;6.1;61;5.025938;15115.0
20764;Sleep Dealer;2008-12-10;2500000;107559;6.0;40;4.624691;91252.0
45132;Super;2010-09-09;2500000;324138;6.6;441;12.204569;15218.0
76706;Christmas Mail;2010-12-01;0;0;5.0;15;0.630226;110834.0
254472;Stung;2015-07-03;2500000;0;4.9;63;4.270489;1290942.0
332285;Antibirth;2016-09-02;35000000;0;4.8;40;3.674294;130858.0
49471;Get on the Bus;1996-10-16;2400000;5731103;7.0;11;4.623059;5281.0
13569;Thr3e;2006-12-01;0;0;4.8;21;1.946715;21415.0
7512;Idiocracy;2006-09-01;30000000;495303;6.3;664;27.940093;17403.0
356216;The Rise of the Krays;2015-08-29;2500000;0;4.5;19;1.759506;439236.0
11798;This Is England;2006-09-12;2380000;8176544;7.4;363;8.395624;70520.0
146631;U.F.O.;2012-12-14;2500000;0;3.1;47;8.248149;230157.0
43546;Bathing Beauty;1944-07-01;2361000;6892000;7.0;4;0.628051;21506.0
61038;Go for It!;2011-05-13;2450000;0;4.6;5;0.500753;232216.0
78373;Dancer, Texas Pop. 81;1998-05-01;0;565592;10.0;1;0.376662;77919.0
17820;Show Boat;1951-07-13;2300000;11000000;6.9;18;1.606314;21506.0
74457;Redemption Road;2011-08-26;0;0;4.7;6;0.197264;16214.0
283384;The Calling;2014-08-05;0;0;5.6;88;5.759493;1046127.0
19933;The Brave Little Toaster;1987-07-09;2000000;0;6.7;93;6.86302;108217.0
756;Fantasia;1940-11-13;2280000;83320000;7.2;808;32.875469;5446.0
433715;8 Days;2014-06-15;0;0;0.0;0;0.015295;1734565.0
9728;Friday the 13th Part III;1982-08-13;4000000;36690067;5.7;254;14.206525;58712.0
9731;Friday the 13th: A New Beginning;1985-03-22;2200000;21930418;5.1;196;12.639469;58822.0
9916;The Last Sin Eater;2007-02-09;0;0;6.2;11;2.371477;60438.0
309425;Do You Believe?;2015-03-20;0;0;6.6;48;2.470443;94471.0
14156;Impact Point;2008-06-13;0;0;5.7;5;1.532518;449832.0
43610;The Valley of Decision;1945-06-01;2160000;9132000;5.8;4;0.1813;74878.0
360339;Eden;2015-10-22;2300000;0;5.6;19;2.713171;1413504.0
31163;Chicken Tikka Masala;2005-04-22;0;0;3.5;5;0.258413;107725.0
297621;There's Always Woodstock;2014-11-14;0;0;5.4;12;2.025701;1385666.0
16205;Jack Brooks: Monster Slayer;2007-10-09;0;0;5.7;59;2.659804;80006.0
887;The Best Years of Our Lives;1946-12-25;2100000;23650000;7.6;143;8.38717;10001.0
9517;Bully;2001-06-15;0;480811;6.7;125;6.677093;51917.0
6007;Elling;2001-03-16;0;0;7.0;51;2.526356;49555.0
364083;Mi America;2015-10-16;2100000;3330;0.0;0;0.039007;1523137.0
8329;[REC];2007-04-10;1500000;30448000;7.1;934;31.691617;54525.0
69640;Lies in Plain Sight;2010-10-03;0;0;4.5;4;0.47909;116832.0
371085;Sharkskin;2015-01-01;0;0;0.0;0;0.027801;
347548;Containment;2015-07-09;0;0;5.1;36;2.122451;1560279.0
322443;The Timber;2015-02-27;0;0;4.1;15;0.803761;1388653.0
657;From Russia with Love;1963-10-11;2000000;78898765;6.9;760;41.298723;9855.0
28165;The Toxic Avenger Part II;1989-02-24;0;0;5.3;39;1.791331;78021.0
11561;Sleeper;1973-12-17;2000000;18344729;7.0;200;10.664202;1243.0
270303;It Follows;2015-02-04;2000000;14674076;6.6;1832;100.876794;558929.0
11624;Everything You Always Wanted to Know About Sex *But Were Afraid to Ask;1972-08-06;2000000;18016290;6.6;215;13.223111;1243.0
595;To Kill a Mockingbird;1962-12-25;2000000;13129846;8.0;657;22.139842;8482.0
8810;Mad Max 2: The Road Warrior;1981-12-24;2000000;24600832;7.3;957;37.117362;20629.0
12207;The Legend of Drunken Master;1994-02-03;0;0;7.2;242;15.046612;26775.0
226;Boys Don't Cry;1999-09-02;2000000;11540607;7.2;353;15.557144;2836.0
92182;Silent House;2011-01-21;2000000;13101672;5.2;125;11.66632;640.0
582;The Lives of Others;2006-03-15;2000000;70000000;7.9;958;34.938177;8193.0
72213;Courageous;2011-09-30;1000000;34522221;6.8;77;5.961119;78040.0
990;The Hustler;1961-09-25;2000000;7600000;7.6;240;17.639478;14875.0
55604;Boom Town;1940-08-30;2000000;9172000;6.5;8;1.867004;82413.0
9662;The Triplets of Belleville;2003-06-11;8000000;1477676;7.3;231;13.944645;21768.0
20862;Smoke Signals;1998-01-16;0;0;6.6;24;2.304552;1232592.0
2771;American Splendor;2003-08-15;0;6003587;7.1;120;7.792851;72205.0
80;Before Sunset;2004-02-10;2700000;15992615;7.6;718;14.799323;564.0
55;Amores perros;2000-06-16;2000000;20908467;7.6;521;23.281616;223.0
11023;Thirteen;2003-08-20;2000000;4601043;6.7;339;20.331593;19850.0
33667;Gentleman's Agreement;1947-11-11;2000000;7800000;6.8;47;5.381536;2746.0
39013;Winter's Bone;2010-06-11;2000000;13831503;6.8;565;20.834883;121873.0
11194;Touching the Void;2003-09-05;0;13885802;7.6;138;14.045887;17350.0
43839;Alexander's Ragtime Band;1938-05-24;2000000;4000000;4.8;6;0.483974;37362.0
1382;Me and You and Everyone We Know;2005-06-17;0;0;7.0;107;9.719094;16860.0
44639;Inside Job;2010-10-08;2000000;7871522;7.7;286;16.930914;74058.0
301351;We Are Your Friends;2015-08-26;6000000;11122090;6.3;658;28.819424;1257827.0
4816;Ghost Dog: The Way of the Samurai;1999-09-13;0;0;7.2;298;18.223139;4429.0
7873;Harsh Times;2005-09-11;2000000;5967038;6.3;197;12.999023;19769.0
331190;Captive;2015-09-17;2000000;2801508;5.6;92;6.728882;52094.0
15186;Full Frontal;2002-08-02;2000000;2506446;4.8;26;1.95686;1884.0
17994;Witchboard;1986-12-31;0;0;5.9;58;7.151154;82579.0
1378;Shortbus;2006-05-20;2000000;5179037;6.3;140;14.846001;17114.0
8885;Waltz with Bashir;2008-06-25;2000000;11125849;7.8;291;14.08251;56198.0
48382;The Book of Mormon Movie, Volume 1: The Journey;2003-09-12;2000000;1672730;5.0;2;0.031947;
12901;No End in Sight;2007-07-27;2000000;1431623;7.2;23;2.283796;74058.0
250124;The Diary of a Teenage Girl;2015-08-07;2000000;1477002;6.8;279;18.224326;177532.0
14284;In the Shadow of the Moon;2007-01-19;2000000;0;7.6;31;3.43159;86662.0
57120;Meek's Cutoff;2010-09-05;0;876302;6.5;77;4.749885;56383.0
12228;Inside Deep Throat;2005-02-11;2000000;653621;6.8;31;3.980072;16957.0
22617;Dinner Rush;2000-09-01;0;0;7.1;19;1.096355;89467.0
55561;Clockwatchers;1997-01-01;0;0;5.6;13;1.196943;145134.0
42889;The Virginity Hit;2010-09-10;2000000;563706;4.6;19;3.125382;120246.0
10656;Subway;1985-04-10;2000000;390659;6.3;86;5.261065;59.0
24363;House of D;2005-04-15;0;0;6.1;23;6.337735;12640.0
13121;Teeth;2007-01-19;0;0;5.2;210;7.359286;57055.0
24746;Six-String Samurai;1998-09-18;2000000;124494;5.8;36;1.892183;116653.0
325140;Hum To Mohabbat Karega;2000-05-26;0;0;0.0;0;0.001186;
12109;It's All Gone Pete Tong;2004-09-12;2000000;120620;7.1;52;3.911445;71280.0
27023;Saint John of Las Vegas;2009-06-10;3800000;111731;5.9;18;2.559806;223909.0
22913;24 7: Twenty Four Seven;1997-08-31;0;0;6.3;10;0.744406;70520.0
273899;Stonewall;2015-09-18;13500000;187674;5.2;32;5.16023;6046.0
20653;Roadside Romeo;2008-10-24;7000000;1100000;6.7;3;0.253595;
67373;This Thing of Ours;2005-01-01;0;0;5.0;1;0.046868;1736589.0
171759;The Lost Medallion: The Adventures of Billy Stone;2013-03-01;0;0;5.6;13;2.952932;1062889.0
206296;The Last Five Years;2014-11-03;0;0;5.5;143;5.563068;2163.0
35219;The Missing Person;2009-01-16;0;0;6.4;9;1.161034;114004.0
28260;Return of the Living Dead 3;1993-10-01;2000000;54207;5.9;88;7.502934;27992.0
7515;London;2005-02-10;0;0;6.1;96;5.350423;52856.0
13075;Sherrybaby;2006-09-08;2000000;622806;6.3;41;4.261509;96222.0
335866;Circle;2015-10-02;0;0;6.0;333;6.752141;1454563.0
13510;Eden Lake;2008-09-12;0;3983997;6.7;406;20.362373;63306.0
215881;Plush;2013-09-13;0;0;5.4;40;5.099368;19850.0
18238;Lesbian Vampire Killers;2009-03-16;0;0;5.3;124;6.632891;82822.0
22600;Gangster's Paradise: Jerusalema;2008-02-11;0;0;6.8;16;1.717376;88970.0
12612;Freeze Frame;2004-05-01;0;0;6.9;18;4.922397;73112.0
50698;Grave Encounters;2011-09-09;1000000;0;6.1;381;13.222268;1310518.0
115210;Stitches;2012-05-19;100000;95000;5.5;92;7.447714;78545.0
34335;Nine Dead;2010-01-01;2000000;0;5.2;84;9.68793;112289.0
459488;To Be Frank, Sinatra at 100;2015-12-12;2;0;0.0;0;0.050625;1253596.0
11302;Bananas;1971-04-28;2000000;11833696;6.7;165;5.941852;1243.0
119458;Supercapitalist;2012-08-10;0;0;3.5;2;0.174311;1070340.0
20406;Rockaway;2007-07-07;0;0;5.8;2;0.361554;86037.0
3766;The Lady from Shanghai;1947-12-24;2300000;0;7.2;102;8.055084;40.0
18616;No Man's Land: The Rise of Reeker;2008-05-01;2000000;0;4.4;27;4.346271;30870.0
18808;Highway;2002-01-01;14000000;0;5.6;37;3.419685;40508.0
95755;Small Apartments;2012-03-10;2000000;0;5.7;50;5.100741;71329.0
198062;Coffee Town;2013-07-09;0;0;6.7;45;2.253589;68574.0
188652;The Ghastly Love of Johnny X;2013-04-26;0;0;6.6;8;0.209475;1031972.0
174311;All Is Bright;2013-09-10;0;0;5.3;36;3.613577;17246.0
12602;The Torture Chamber of Dr. Sadism;1967-10-05;0;0;6.3;12;1.296784;33542.0
153795;Straight A's;2013-01-16;7000000;0;5.2;46;4.50829;40508.0
17768;A Funny Thing Happened on the Way to the Forum;1966-10-16;0;0;6.1;24;8.902102;10586.0
13516;Slacker Uprising;2007-09-27;0;0;5.9;10;1.619635;17087.0
98549;The Legend of Hell's Gate: An American Conspiracy;2011-03-03;0;0;3.9;8;1.002585;1018660.0
312793;The Walking Deceased;2015-03-20;0;0;4.2;35;1.332804;1434686.0
309919;The Curse of Downers Grove;2015-08-21;2000000;0;4.4;24;2.00163;33349.0
299553;Shark Lake;2015-10-02;2000000;0;4.4;19;1.187764;1378892.0
21309;River's Edge;1986-08-27;19000000;0;6.7;59;6.463806;15858.0
32235;Northfork;2003-01-01;0;0;6.7;24;1.980265;41887.0
329540;The Marine 4: Moving Target;2015-04-10;1950000;0;5.8;49;3.696123;228177.0
26388;Buried;2010-09-24;1987650;19152480;6.6;827;32.841229;95320.0
49020;Submarine;2011-03-18;0;864659;7.4;443;8.518866;98103.0
159037;The Square;2013-06-07;0;0;7.8;55;4.892203;115892.0
12838;One to Another;2006-07-21;0;0;5.8;12;4.665026;1642.0
157293;ABCD (Any Body Can Dance);2013-02-07;0;222000;5.6;10;1.294967;1170143.0
14048;Man on Wire;2008-07-25;0;2957978;7.5;275;14.331992;76998.0
356987;Abandoned;2015-08-30;0;0;5.8;27;3.068463;1108711.0
295886;Brotherly Love;2015-04-24;1900000;0;6.9;21;1.367751;121473.0
38358;The Last Exorcism;2010-08-27;1800000;67738090;5.6;328;14.838986;120245.0
33511;Nowhere Boy;2009-12-25;0;0;7.2;244;1.950959;1137903.0
702;A Streetcar Named Desire;1951-09-18;1800000;8000000;7.6;281;14.884756;2746.0
935;Dr. Strangelove or: How I Learned to Stop Worrying and Love the Bomb;1964-01-29;1800000;9440272;8.0;1442;41.996783;240.0
542;The Crime of Padre Amaro;2002-10-01;1800000;0;6.2;36;2.179428;7348.0
84175;Beasts of the Southern Wild;2012-06-29;1800000;21107746;6.8;403;12.471239;223516.0
1705;Battle for the Planet of the Apes;1973-06-15;1700000;8844595;5.5;215;13.315383;18669.0
62677;Songcatcher;2001-03-01;0;0;5.6;9;3.363321;94831.0
50875;Higher Ground;2011-08-26;2000000;841733;5.3;14;1.699101;21657.0
260778;Vaalu;2015-08-14;0;0;6.7;5;0.320387;588015.0
58492;The Greatest Movie Ever Sold;2011-04-22;0;621951;6.4;88;0.692497;57492.0
44562;Ed and His Dead Mother;1993-06-04;0;0;5.5;12;0.023436;196769.0
37232;Travellers and Magicians;2003-09-09;0;0;6.8;9;0.749699;115309.0
4929;Hang 'em High;1968-07-31;1800000;6800000;6.7;192;11.756943;18635.0
36334;Deadline - U.S.A.;1952-03-14;0;0;6.9;17;0.225627;3632.0
9783;Sublime;2007-06-15;0;0;5.3;33;6.833164;41621.0
386826;A Beginner's Guide to Snuff;2016-03-04;0;0;0.0;0;0.060127;94917.0
205126;Independence Daysaster;2013-06-27;1800000;0;4.2;22;1.959405;1187609.0
98557;Dysfunctional Friends;2012-02-03;1800000;0;5.0;4;0.21544;1018699.0
104;Run Lola Run;1998-08-20;1530000;7267585;7.2;664;27.36562;1071.0
10894;May;2002-01-13;500000;150277;6.3;152;8.650779;51534.0
246449;Against the Wild;2013-12-29;1493619;0;4.9;19;2.492747;115585.0
32579;Under the Same Moon;2008-03-20;0;23311391;7.0;28;2.756435;437833.0
1688;Conquest of the Planet of the Apes;1972-06-29;1700000;9700000;6.1;236;18.828683;18669.0
1999;In the Bedroom;2001-11-23;1700000;0;6.4;89;6.979638;5010.0
43947;I Spit on Your Grave;2010-06-17;2000000;572809;6.3;519;26.281839;88039.0
24066;Happy, Texas;1999-12-03;1700000;1943649;5.5;39;2.079125;942084.0
9709;My Summer of Love;2004-08-20;0;0;6.0;59;3.939753;64194.0
191714;The Lunchbox;2013-09-19;1000000;4235151;7.3;221;14.017809;1117026.0
25312;Yes;2005-08-05;0;0;5.9;7;3.677831;57206.0
34106;You Can't Take It With You;1938-08-23;1644736;7433101;7.2;79;3.426314;2662.0
11426;From Here to Eternity;1953-08-04;1650000;30500000;7.2;133;6.915201;4065.0
13909;She Wore a Yellow Ribbon;1949-10-22;1600000;5400000;7.1;61;8.535178;8500.0
206284;Grace Unplugged;2013-10-04;0;0;6.0;24;2.160586;1156260.0
27455;Foolish;1999-04-09;0;6033999;6.3;3;0.796009;54827.0
66468;N-Secure;2010-10-15;0;2592808;4.3;4;0.13456;155747.0
7973;Caramel;2007-07-01;0;0;6.8;52;4.554574;53431.0
283686;Out of the Dark;2014-08-27;0;0;4.6;55;3.215465;1346215.0
15976;The Bubble;2006-06-06;0;0;7.6;20;1.49436;160.0
592;The Conversation;1974-04-07;1600000;4420000;7.5;372;20.810292;1776.0
74084;Dil Jo Bhi Kahey...;2006-12-07;0;0;0.0;0;0.122704;231345.0
1651;Mississippi Mermaid;1969-06-18;0;0;6.7;32;3.654018;1650.0
25428;I Love Your Work;2003-10-05;0;0;6.5;2;3.313339;6163.0
298584;Cabin Fever;2016-02-12;0;0;4.4;111;5.379319;22239.0
10758;Waitress;2007-05-25;2000000;22179430;6.7;129;9.67299;66496.0
11690;Bloodsport;1988-02-26;1500000;11806119;6.6;363;17.49699;70250.0
3083;Mr. Smith Goes to Washington;1939-10-19;1500000;9600000;7.9;241;12.2624;2662.0
9344;Kids;1995-07-28;1500000;7412216;6.8;279;13.291991;51917.0
10707;The Squid and the Whale;2005-10-05;1500000;11098131;6.9;226;13.788054;5656.0
15647;Kissing Jessica Stein;2001-04-21;1000000;10013424;5.9;48;3.990215;76247.0
308529;Kickboxer: Vengeance;2016-07-14;17000000;0;4.5;99;6.526588;57082.0
4174;Spellbound;1945-12-28;1500000;7000000;7.3;160;11.145915;2636.0
20156;Exotica;1994-09-24;0;0;6.5;64;5.446832;56205.0
9464;Buffalo '66;1998-01-20;1500000;2375097;7.1;166;10.009994;22461.0
49018;Insidious;2010-09-13;1500000;97009150;6.8;1737;58.594852;2127.0
13820;Repo Man;1984-02-20;1500000;2300000;6.7;144;11.35344;31493.0
18079;Nine Queens;2000-08-31;1500000;0;7.4;153;8.589355;74907.0
127918;The Gatekeepers;2012-07-09;0;0;6.5;39;2.828303;1085923.0
17113;The Ballad of Jack and Rose;2005-03-25;1500000;712294;6.5;43;3.618646;41670.0
129139;The To Do List;2013-07-24;1500000;3566225;5.5;342;15.017068;1088647.0
507;Killing Zoe;1993-10-01;1500000;418961;6.1;111;5.817519;8297.0
4012;The Believer;2001-01-19;1500000;416925;6.8;151;9.856826;30458.0
14054;Snow Angels;2008-03-07;0;414404;6.5;48;4.262374;64141.0
323271;Unsullied;2015-08-28;0;0;3.0;1;0.06124;1501366.0
10972;Session 9;2001-08-10;1500000;373967;6.2;251;11.064228;37948.0
13066;I Want Someone to Eat Cheese With;2006-01-01;0;0;5.7;12;1.742383;60074.0
66025;Mooz-lum;2011-02-11;0;330048;4.5;3;0.414754;550858.0
11908;Hatchet;2006-04-27;0;0;5.7;159;12.677016;70890.0
3082;Modern Times;1936-02-05;1;8500000;8.1;856;28.27648;13848.0
39541;Stolen Summer;2002-03-22;0;0;6.4;9;0.87066;285452.0
1961;My Name Is Bruce;2007-10-01;1500000;173066;5.9;107;7.5591;11357.0
51820;The Salon;2005-01-13;1500000;0;3.5;1;2.02817;66116.0
291362;Road Hard;2015-03-06;1500000;0;6.6;8;0.859014;76245.0
30082;Forty Shades of Blue;2005-12-07;1500000;0;6.0;2;0.071377;53708.0
72913;Amigo;2010-07-14;1200000;0;6.0;2;0.193172;102445.0
23963;Pontypool;2009-03-06;1500000;32000;6.6;183;4.680206;55189.0
29406;Trucker;2008-04-24;2000000;0;6.8;16;1.20173;105313.0
361505;Me You and Five Bucks;2015-07-07;1;0;10.0;2;0.094105;
104755;The Lords of Salem;2012-09-10;1500000;1165882;5.1;242;14.504326;16848.0
253306;Housebound;2014-09-04;0;0;6.5;358;10.322858;1288796.0
29595;Wal-Mart: The High Cost of Low Price;2005-11-04;0;0;6.9;24;1.404175;51521.0
46729;Fetching Cody;2005-10-01;1;0;6.8;6;0.077876;1375378.0
294600;Last I Heard;2013-01-01;0;0;6.0;1;0.35819;991853.0
137347;Closer to the Moon;2013-11-29;9000000;0;6.4;13;9.159265;55520.0
290370;Mutant World;2014-09-27;0;1500000;2.6;9;1.893697;52044.0
426469;Growing Up Smith;2017-02-03;0;0;7.4;7;0.71087;1002001.0
356841;Checkmate;2015-07-03;0;0;4.2;13;1.105357;1169157.0
301325;#Horror;2015-11-20;1500000;0;3.3;52;2.815228;61111.0
347755;Wind Walkers;2016-01-28;0;0;7.5;6;0.446858;70076.0
408;Snow White and the Seven Dwarfs;1937-12-20;1488423;184925486;6.9;1914;80.171283;5446.0
44413;The Holy Girl;2004-05-06;1400000;0;6.8;10;0.684881;56208.0
39209;Shalako;1968-11-06;1455000;2620000;5.4;12;3.598457;64114.0
48463;Incident at Loch Ness;2004-12-17;1;0;5.9;18;1.452152;11011.0
394047;The Dog Lover;2016-07-08;2000000;0;5.3;6;1.193219;474199.0
312791;GirlHouse;2014-10-16;3150000;0;5.2;97;8.039223;80006.0
266034;The Blue Room;2014-05-16;0;0;6.2;32;2.486992;8789.0
280381;House at the End of the Drive;2014-01-11;0;0;0.0;0;0.43049;22012.0
2661;Batman;1966-07-30;1377800;0;6.1;203;9.815394;27728.0
100;Lock, Stock and Two Smoking Barrels;1998-03-05;1350000;3897569;7.5;1648;16.032594;956.0
218500;The Ballad of Gregorio Cortez;1983-08-19;0;0;0.0;0;0.592821;86293.0
309;The Celebration;1998-05-20;1300000;0;7.7;207;10.240917;4453.0
27845;Trees Lounge;1996-10-11;0;0;6.7;51;3.443916;884.0
25784;Journey from the Fall;2006-02-22;1300000;639000;5.0;1;0.072066;143430.0
52790;The Basket;2000-05-05;0;619042;6.5;6;0.430758;39822.0
100275;Eddie: The Sleepwalking Cannibal;2012-04-22;0;1632;6.1;30;0.143784;1024216.0
295914;Queen of the Mountains;2014-08-22;0;0;0.0;0;0.077873;1372345.0
42033;Def-Con 4;1985-03-15;0;0;2.8;10;0.319792;144430.0
19187;The Hebrew Hammer;2003-01-01;1000000;0;5.9;18;1.600797;557818.0
46415;Neal 'n' Nikki;2005-12-09;0;0;2.3;4;0.285131;631226.0
38570;The 41–Year–Old Virgin Who Knocked Up Sarah Marshall and Felt Superbad About It;2010-06-08;0;0;3.2;34;5.628399;130051.0
27588;Forget Me Not;2009-10-22;0;0;5.0;66;5.065752;971918.0
223;Rebecca;1940-04-12;1288000;6000000;7.7;336;18.426825;2636.0
9725;Friday the 13th Part 2;1981-05-01;1250000;21722776;6.0;315;16.517777;58712.0
28580;The Lost Weekend;1945-11-25;1250000;11000000;7.4;112;6.903314;3146.0
23730;C.H.U.D.;1984-08-31;1250000;3412497;5.3;62;4.45544;90525.0
84197;Filly Brown;2013-04-19;0;0;5.9;10;0.106949;133790.0
46256;The Lion of Judah;2011-06-03;15000000;0;5.8;2;0.165909;932013.0
19997;Niagara;1953-01-21;1250000;8500000;6.7;79;9.903992;37360.0
43266;How Green Was My Valley;1941-10-28;1250000;6000000;6.8;72;7.70019;8500.0
278316;Da Sweet Blood of Jesus;2014-06-22;0;0;4.1;13;4.480579;5281.0
1412;Sex, Lies, and Videotape;1989-08-18;1200000;0;6.7;185;10.869492;1884.0
176;Saw;2004-10-01;1200000;103911669;7.2;2184;63.655973;2127.0
39939;Super Troopers;2001-01-18;3000000;18492362;6.6;362;16.312803;52049.0
357834;The Algerian;2015-08-07;1;0;0.0;0;0.025364;1504620.0
215924;The Amazing Catfish;2013-08-10;1300000;0;5.7;17;1.473405;1200528.0
480;Monsoon Wedding;2001-08-30;0;0;6.8;57;8.109958;6495.0
14295;You Can Count on Me;2000-11-17;0;0;6.8;88;7.142448;30711.0
11219;The Trouble with Harry;1955-10-03;1200000;7000000;6.9;149;6.920873;2636.0
20770;But I'm a Cheerleader;1999-09-12;0;0;6.5;101;4.826908;59466.0
176124;Home Run;2013-04-19;1200000;2861020;6.3;24;3.085411;55441.0
500;Reservoir Dogs;1992-09-02;1200000;14661007;8.0;3697;66.925866;138.0
60400;The Blue Bird;1940-01-19;0;0;6.4;8;1.280733;80570.0
429;The Good, the Bad and the Ugly;1966-12-23;1200000;6000000;8.1;2311;88.377076;4385.0
310569;The Second Mother;2015-02-08;0;0;7.8;165;9.683622;550280.0
98369;Blue Like Jazz;2012-04-13;1250000;0;5.8;25;1.6116;440517.0
114065;Down & Out With The Dolls;2003-03-20;0;0;0.0;0;0.002386;
89750;Pink Ribbons, Inc.;2011-09-11;900000;25000;6.8;6;0.097913;135534.0
49951;Certifiably Jonathan;2007-03-01;1200000;0;0.0;0;0.047781;233519.0
86331;Desire;2011-09-14;1344000;0;4.1;140;20.422246;128712.0
355629;The Blade of Don Juan;2013-10-27;0;0;0.0;0;0.021678;1499089.0
16433;Grand Theft Parsons;2003-06-18;0;0;6.0;11;1.998557;108497.0
15544;Extreme Movie;2008-12-05;0;0;3.9;44;8.148187;66514.0
43884;The Charge of the Light Brigade;1936-10-20;1200000;2736000;6.8;18;2.968235;4109.0
107315;Below Zero;2011-10-22;0;0;4.4;12;1.36514;1041549.0
137955;Crowsnest;2012-01-01;1200000;0;4.8;12;0.057564;
13064;Airborne;1993-09-17;2600000;2850263;6.1;20;8.001156;12523.0
59917;Cotton Comes to Harlem;1970-05-27;1200000;0;6.7;13;1.079125;15531.0
157422;The Wicked Within;2015-10-16;0;0;4.2;26;1.906151;204325.0
310933;Bleeding Hearts;2013-06-01;0;0;2.0;1;0.100533;479587.0
7553;Waiting...;2005-10-07;3000000;18637690;6.2;237;10.230583;52941.0
12877;Dead Man's Shoes;2004-09-29;0;0;7.2;151;12.818441;70520.0
39895;From a Whisper to a Scream;1987-09-25;1100000;1400000;6.8;15;1.220072;31621.0
102840;Sex With Strangers;2002-02-22;0;0;5.0;1;0.014406;
55616;Dracula: Pages from a Virgin's Diary;2002-02-28;1596010;0;6.9;8;0.552361;97579.0
29697;Faith Like Potatoes;2006-10-27;0;0;6.0;9;0.147886;93916.0
50037;Beyond the Black Rainbow;2010-12-03;1100000;0;5.7;77;7.717237;1044250.0
94329;The Raid;2011-09-08;1100000;4105187;7.3;1055;40.285095;142013.0
53502;The Dead Undead;2010-05-13;0;0;3.1;6;0.249457;24528.0
202604;The Vatican Exorcisms;2013-05-29;0;0;4.4;11;0.447166;1184745.0
289;Casablanca;1942-11-26;878000;10462500;7.9;1422;43.729123;4109.0
27374;Lake Mungo;2008-06-17;0;0;6.1;90;4.653047;97591.0
26815;Rocket Singh: Salesman of the Year;2009-12-11;1250000;0;7.0;27;3.000435;76447.0
811;Silent Running;1972-03-09;1000000;0;6.3;177;11.095414;12112.0
1366;Rocky;1976-11-21;1000000;117235147;7.5;1791;72.19808;16513.0
244776;The Sleepwalker;2014-01-20;0;0;4.1;7;0.926084;1280031.0
5769;Tom Jones;1963-10-06;1000000;37600000;6.1;39;2.833166;32765.0
277685;Unfriended;2015-04-17;1000000;62882090;5.5;1047;41.972329;86688.0
103;Taxi Driver;1976-02-07;1300000;28262574;8.0;2535;58.845025;1032.0
11298;The Howling;1981-04-03;1000000;17985893;6.4;161;6.532855;4600.0
646;Dr. No;1962-10-04;950000;59600000;6.9;940;48.901542;9855.0
93856;Chernobyl Diaries;2012-05-24;0;18112929;4.9;483;20.649145;999812.0
9003;Hellraiser;1987-09-11;1000000;14564027;6.9;449;22.583834;31211.0
347126;God's Not Dead 2;2016-04-01;5000000;23507567;5.7;72;6.96858;937340.0
10092;Cry_Wolf;2005-09-16;1000000;10047674;5.6;126;6.926926;55075.0
10643;Godzilla 2000;1999-12-11;1000000;10037390;5.9;43;3.322721;50651.0
46705;Blue Valentine;2010-12-27;3500000;16566240;6.9;890;26.881611;139098.0
546;Transamerica;2005-12-23;1000000;13350369;6.9;144;9.773398;7426.0
76487;The Devil Inside;2012-01-06;1000000;101758490;4.6;262;13.152822;62768.0
5722;Beyond the Valley of the Dolls;1970-07-17;2090000;40000000;6.6;53;4.289003;4590.0
39833;Love Me Tender;1956-11-15;1000000;9000000;5.5;21;1.444258;89216.0
1781;An Inconvenient Truth;2006-01-24;1000000;46243000;6.7;251;14.139004;19012.0
18712;Sands of Iwo Jima;1949-12-14;1000000;7800000;6.2;33;3.851;93905.0
7944;Shine a Light;2008-02-07;0;0;7.2;44;2.162522;1032.0
171424;The Green Inferno;2014-09-04;5000000;6833445;5.0;349;17.845161;16847.0
361475;Departure;2016-05-20;0;0;7.5;12;0.42583;1521130.0
113947;The Sessions;2012-05-02;1000000;9138338;6.6;179;9.115486;168330.0
18570;Food, Inc.;2008-09-07;0;0;7.4;217;15.017162;95687.0
83860;October Baby;2011-10-30;0;5355847;6.8;35;1.86221;909318.0
41469;Next Stop Wonderland;1998-08-21;0;0;6.0;20;1.334481;37948.0
244772;The Skeleton Twins;2014-01-18;0;5284309;6.7;292;15.699363;303056.0
50837;Martha Marcy May Marlene;2011-10-21;0;3538446;6.7;277;17.806082;527607.0
248774;Obvious Child;2014-06-06;0;3123963;6.7;187;10.12895;1284099.0
10183;Frozen River;2008-08-01;0;0;6.7;99;4.805651;64131.0
159014;20 Feet from Stardom;2013-06-14;1000000;0;7.4;85;5.247956;228643.0
32456;Two Girls and a Guy;1997-09-07;1000000;2057193;5.4;24;4.86805;56381.0
49963;Walking and Talking;1996-07-17;0;0;6.6;7;0.367312;56539.0
13508;Who Killed the Electric Car?;2006-08-04;1000000;1678874;7.2;59;5.323184;74589.0
22597;The Broken Hearts Club: A Romantic Comedy;2000-02-01;1000000;1744858;6.3;25;3.424158;88967.0
9707;Bubba Ho-tep;2002-06-09;1000000;0;6.7;191;9.954848;58245.0
37532;Slam;1998-10-07;1;0;6.7;7;0.29245;82286.0
26791;Brigham City;2001-03-30;1000000;852206;7.3;4;0.280083;114925.0
56666;Fiza;2000-09-08;1000000;623791;6.1;7;0.043023;224751.0
8675;Orgazmo;1997-09-06;1000000;0;6.2;115;5.06516;34517.0
13132;All the Real Girls;2003-08-01;0;0;5.9;30;3.65924;64141.0
47686;Dream with the Fishes;1997-01-01;0;0;7.7;10;0.948316;
46989;Blue Car;2002-01-11;1000000;464000;6.7;13;0.672695;74638.0
192132;Palo Alto;2014-05-09;0;0;6.4;348;16.570708;1193602.0
24424;Ajami;2009-09-17;0;0;6.8;27;0.51799;91602.0
13198;Wristcutters: A Love Story;2006-01-24;0;0;6.7;160;8.542921;74272.0
244267;I Origins;2014-07-18;0;336472;7.5;1063;37.555398;45459.0
21413;The Battle of Shaker Heights;2003-08-22;1000000;0;5.6;17;5.20209;88832.0
123678;The Act of Killing;2012-08-31;1000000;444575;7.5;210;8.887411;53296.0
13362;Taxi to the Dark Side;2007-04-30;1000000;274661;6.6;53;0.748565;71797.0
39183;Once in a Lifetime: The Extraordinary Story of the New York Cosmos;2006-01-01;1000000;0;4.7;3;0.436148;4339.0
62402;Guiana 1838;2004-09-24;0;0;2.8;3;0.030253;1867383.0
206412;Lisa Picard Is Famous;2000-05-14;0;0;4.0;1;0.690089;2171.0
201132;Antarctica: A Year on Ice;2013-09-05;1000000;0;7.2;29;1.883947;1182832.0
251471;A LEGO Brickumentary;2015-07-31;650000;0;6.4;55;1.631274;129921.0
112456;Hardflip;2012-06-01;1000000;0;4.7;5;0.341461;1023720.0
20296;Chocolate: Deep Dark Secrets;2005-09-16;0;0;3.4;6;0.887821;126763.0
25983;The House of the Devil;2009-04-25;0;0;6.0;197;8.628485;101542.0
66195;The Perfect Host;2010-07-01;0;14870;6.2;135;6.507094;550681.0
16155;Safe Men;1998-08-17;0;0;6.3;16;1.190729;17871.0
46727;Speedway Junky;1999-02-11;1000000;0;5.2;7;0.340019;137392.0
55180;The Last Big Thing;1998-09-23;0;0;6.0;3;0.678475;158480.0
29015;The Specials;2000-09-22;0;0;5.5;11;9.055447;35796.0
91122;16 to Life;2009-09-19;0;0;4.4;5;0.108468;939176.0
18206;Alone With Her;2006-04-28;1000000;10018;6.2;20;2.175696;103031.0
320146;Creative Control;2016-03-11;1000000;0;5.4;25;1.50211;101810.0
13856;Special;2006-01-30;1000000;7202;6.6;32;1.260314;75919.0
219716;Sparkler;1999-03-19;0;0;0.0;1;0.547654;239418.0
43630;The Helix... Loaded;2005-01-01;0;0;4.8;2;0.0206;
56491;In Her Line of Fire;2006-04-21;0;0;3.3;9;0.429587;84981.0
99826;The Jimmy Show;2002-01-16;0;0;8.0;1;0.098351;11805.0
186935;Heli;2013-08-09;1000000;0;6.2;32;3.629777;56375.0
357441;Karachi se Lahore;2015-07-31;0;0;8.0;1;0.060003;
19344;Loving Annabelle;2006-03-08;900000;0;6.4;55;7.145832;84515.0
242083;Hits;2014-01-21;1000000;0;4.9;23;3.638411;212.0
18869;Jimmy and Judy;2006-01-01;0;0;5.4;8;1.255771;92834.0
26673;Frat Party;2009-01-01;0;0;3.5;4;0.783842;194915.0
41830;The Party's Over;1965-04-22;0;0;6.1;6;0.118324;9915.0
37694;Proud;2004-07-02;0;0;5.5;3;0.023681;568822.0
63287;The Poker House;2008-06-20;0;0;6.1;47;2.948576;15309.0
335874;Childless;2015-04-03;0;0;4.5;2;0.243853;1467662.0
34592;ZMD: Zombies of Mass Destruction;2009-01-01;0;0;4.7;31;1.563711;115627.0
92635;Snow White: A Deadly Summer;2012-03-16;1000000;0;4.8;11;0.653495;97618.0
258755;Hidden Away;2014-10-03;0;0;7.6;26;1.233688;1012105.0
96534;My Last Day Without You;2011-06-11;1000000;0;5.7;3;0.153625;227945.0
21283;Steppin: The Movie;2009-05-19;0;0;5.0;4;0.328498;87360.0
272724;Doc Holliday's Revenge;2014-06-01;1000000;0;3.2;3;0.4594;97618.0
84178;Black Rock;2012-01-21;0;0;4.9;78;7.207051;221944.0
101179;Truth or Dare;2012-08-05;0;0;5.7;117;6.679954;145045.0
52462;The Pet;2006-05-17;0;0;5.3;3;1.284741;146026.0
269057;Bang Bang Baby;2014-09-08;1000000;0;6.6;8;0.973323;1196522.0
287524;Fear Clinic;2014-10-31;1;0;4.0;42;1.859965;82101.0
206213;Zombie Hunter;2013-07-25;0;0;3.5;34;3.418372;1188585.0
248402;A Fine Step;2014-04-16;0;0;4.1;7;0.65434;985146.0
29146;Charly;1968-09-23;950000;814666;6.6;28;0.178689;16888.0
207769;Banshee Chapter;2013-08-26;950000;0;5.7;92;7.310879;1191051.0
271185;Ask Me Anything;2014-04-19;950000;0;5.5;155;8.976128;54781.0
29731;And Then Came Love;2007-01-01;0;0;5.0;1;0.280829;76462.0
292539;Food Chains;2014-04-26;913000;0;7.4;8;0.795698;1341629.0
654;On the Waterfront;1954-06-22;910000;9600000;8.0;357;16.015599;2746.0
91070;L!fe Happens;2011-06-18;930000;30905;5.3;66;5.974156;939123.0
2009;4 Months, 3 Weeks and 2 Days;2007-08-24;852510;1185783;7.3;156;9.270133;20657.0
323270;The Horror Network Vol. 1;2015-10-27;0;0;5.0;2;0.392658;146275.0
2652;Hard Candy;2005-01-14;950000;7022209;6.8;701;25.918007;27571.0
9813;The Quiet;2005-09-12;900000;381420;6.1;73;4.0971;59466.0
60421;Circumstance;2011-08-26;0;0;7.4;23;2.34239;549971.0
157354;Fruitvale Station;2013-07-25;0;17385830;7.3;390;20.967146;1056121.0
127867;The Brass Teapot;2012-09-08;0;0;5.8;160;10.639774;1085904.0
3170;Bambi;1942-08-14;858000;267447150;6.8;1405;47.651878;5446.0
14014;The Hammer;2007-04-01;0;0;6.5;15;0.957022;76247.0
15708;Latter Days;2003-07-10;850000;819939;6.7;56;5.424916;69737.0
146882;Elza;2011-04-11;0;0;0.0;0;0.007254;1124971.0
215918;1982;2013-12-31;1000000;0;5.0;1;0.175885;1150712.0
84200;For a Good Time, Call...;2012-08-31;850000;1243961;5.8;110;14.238376;930629.0
84184;Celeste & Jesse Forever;2012-08-03;0;3094813;6.4;163;9.436431;109745.0
45767;Time Changer;2002-10-25;0;0;5.2;9;0.339757;122842.0
14823;London to Brighton;2006-12-01;0;0;6.5;34;3.060685;80384.0
367551;American Hero;2015-12-11;0;0;5.0;62;5.023091;41530.0
343409;Windsor Drive;2015-06-26;0;0;2.0;1;0.504251;1517664.0
60243;A Separation;2011-03-15;800000;0;7.7;469;12.049373;229931.0
57294;Crying with Laughter;2009-06-01;0;0;7.0;1;0.108135;222098.0
11446;Welcome to the Dollhouse;1995-05-24;0;0;6.9;103;5.870319;66605.0
47889;Ruby in Paradise;1993-10-08;800000;1001437;5.6;10;0.59424;138322.0
25461;Raising Victor Vargas;2002-05-16;800000;2816116;7.8;13;3.643662;71548.0
905;Pandora's Box;1929-01-30;0;0;7.6;45;1.824184;13899.0
279759;Harrison Montgomery;2008-01-01;0;0;0.0;0;0.006943;
78705;Live-In Maid;2004-09-21;0;0;7.8;3;0.038706;1018728.0
25212;Deterrence;2000-03-10;0;0;6.1;7;2.171288;21526.0
26899;The Mudge Boy;2003-01-17;800000;62852;7.3;23;5.292536;42952.0
146269;The Young Unknowns;2000-03-12;0;0;0.0;0;0.004922;210562.0
292483;Not Cool;2014-09-23;0;0;3.7;25;1.186971;168349.0
14451;Dead Snow;2009-01-09;800000;1984662;6.1;311;11.205726;76927.0
10105;Saints and Soldiers;2003-09-11;780000;0;6.6;98;6.003418;63477.0
211557;Vessel;2012-10-28;0;0;5.9;8;0.322553;554900.0
838;American Graffiti;1973-08-01;777000;140000000;6.9;324;19.326115;1.0
40862;Iraq for Sale: The War Profiteers;2006-01-01;0;0;8.0;6;1.517771;51521.0
13158;Aqua Teen Hunger Force Colon Movie Film for Theaters;2007-04-13;0;0;6.5;35;1.453146;74339.0
84332;Safety Not Guaranteed;2012-06-08;750000;4007792;6.8;556;25.186002;930707.0
74510;Kevin Hart: Laugh at My Pain;2011-09-09;0;0;7.7;43;5.498834;20400.0
74725;Kill List;2011-09-02;500000;171760;6.0;210;12.203041;137467.0
58428;The Innkeepers;2011-12-01;750000;78396;5.4;219;14.386807;101542.0
8416;The Conformist;1970-10-21;750000;0;7.6;127;8.429295;4956.0
36584;Interview with the Assassin;2002-05-09;500000;0;5.6;5;0.471264;17329.0
13429;Donkey Punch;2008-07-18;0;0;4.5;52;3.283886;74436.0
9022;All the Boys Love Mandy Lane;2008-02-15;750000;0;5.7;209;12.284939;56661.0
22530;Bled;2008-01-01;0;0;3.8;4;1.039149;113682.0
288;High Noon;1952-03-27;730000;8000000;7.6;334;18.644023;4065.0
14275;Hoop Dreams;1994-09-12;700000;7830611;7.7;87;9.188431;122449.0
2287;Rize;2005-01-15;0;0;5.9;13;1.623769;23590.0
18734;L.I.E.;2001-01-20;700000;1667192;6.7;31;7.731064;84931.0
206197;The Sisterhood of Night;2015-04-10;0;0;6.5;31;2.868942;544748.0
26837;B-Girl;2009-07-29;0;0;5.5;7;0.631571;1058257.0
7859;Half Nelson;2006-08-11;700000;4911725;6.5;240;12.378031;53068.0
302579;Naturally Native;1999-10-08;700000;10508;0.0;0;0.578798;131455.0
51955;Hav Plenty;1997-09-11;0;0;0.0;0;0.003142;93133.0
376004;Adulterers;2016-01-05;750000;0;5.2;16;1.471139;688807.0
158752;Escape from Tomorrow;2013-10-11;650;0;4.8;87;1.352222;1140160.0
40658;Starsuckers;2009-09-30;0;0;6.2;5;0.429083;1122434.0
296943;The Hadza:  Last of the First;2014-10-31;0;0;0.0;0;0.045648;948217.0
118612;After;2012-08-27;0;0;5.6;63;4.596157;1100753.0
138976;Treachery;2013-05-16;625000;0;4.8;5;0.283059;1110059.0
323967;Walter;2015-03-13;700000;0;5.3;26;2.659006;62773.0
3080;Top Hat;1935-09-06;609000;3202000;7.4;59;3.898498;30165.0
2667;The Blair Witch Project;1999-07-14;60000;248000000;6.3;1055;41.690578;26849.0
9459;Woodstock;1970-03-26;600000;34505110;7.1;66;3.409764;57885.0
11598;The Kentucky Fried Movie;1977-08-10;600000;0;6.4;66;10.861167;4610.0
26916;Mercy Streets;2000-10-31;0;0;5.5;2;0.099902;94471.0
181940;Carousel of Revenge;2007-07-20;0;0;0.0;0;0.006069;1164825.0
125263;Broken Vessels;1998-04-18;0;0;6.0;2;0.069277;43439.0
263503;Water & Power;2014-05-02;0;0;3.0;1;0.350557;57414.0
324322;They Will Have to Kill Us First;2015-10-13;522360;0;5.0;1;0.071349;1424432.0
331493;Light from the Darkroom;2014-01-01;0;0;0.0;0;0.012942;
375950;The Country Doctor;2016-03-23;0;0;6.0;63;2.651304;231431.0
278348;The Maid's Room;2014-08-08;0;0;4.8;4;1.501688;185995.0
704;A Hard Day's Night;1964-07-06;560000;12299668;7.3;168;10.730056;10586.0
70875;The Harvest (La Cosecha);2011-07-29;56000;0;0.0;0;0.010909;232190.0
75986;Love Letters;1983-04-01;550000;0;4.6;4;0.001586;21371.0
385636;Juliet and Alfa Romeo;2015-09-17;0;0;6.0;1;0.061248;1380244.0
14438;Fireproof;2008-09-26;500000;33456317;7.0;100;6.093989;78040.0
211086;Faith Connections;2013-11-21;550000;0;4.2;3;0.48088;7324.0
23069;Benji;1974-10-17;0;0;6.1;35;2.651418;94787.0
83;Open Water;2004-08-06;130000;54667954;5.4;315;15.611857;640.0
89857;High Road;2012-03-06;0;0;5.8;22;1.292948;59841.0
30315;Kingdom of the Spiders;1977-08-24;500000;17000000;5.7;30;2.537032;97966.0
14358;Mad Hot Ballroom;2005-05-13;0;0;7.2;8;0.772668;229374.0
2056;The Station Agent;2003-01-26;500000;8679814;7.4;210;11.578545;17867.0
41144;To Save A Life;2009-11-05;0;0;6.2;21;0.05021;125637.0
35199;Wordplay;2006-06-26;0;0;7.3;10;0.906096;116330.0
14271;Beyond the Mat;1999-10-22;2053648;500000;7.8;17;2.778633;57328.0
16653;The Singles Ward;2002-01-30;0;0;7.5;4;0.920591;288712.0
14757;Osama;2003-05-20;46000;0;6.3;32;1.447734;77273.0
84401;Sholem Aleichem: Laughing In The Darkness;2012-02-24;500000;845188;7.0;2;0.109579;656971.0
23655;Groove;2000-06-08;0;0;5.6;6;1.09454;17042.0
36825;The R.M.;2003-01-31;0;0;4.8;4;0.082978;288712.0
33430;Twin Falls Idaho;1999-07-30;0;0;7.0;11;0.619136;41887.0
12281;Mean Creek;2004-01-15;500000;603943;6.9;106;8.519202;72034.0
125052;Hurricane Streets;1997-01-21;0;0;4.8;4;0.36447;66800.0
96238;Never Again;2002-07-12;0;0;4.0;3;0.039077;68185.0
30246;Civil Brand;2003-08-29;0;0;5.3;4;0.665512;105882.0
7301;Lonesome Jim;2005-11-16;0;0;6.4;26;3.433625;884.0
172533;Drinking Buddies;2013-08-23;0;343341;6.0;356;17.378455;40863.0
180383;Deceptive Practice: The Mysteries and Mentors of Ricky Jay;2012-10-04;500000;0;7.1;17;0.425195;1115066.0
346;Seven Samurai;1954-04-26;2000000;271841;8.2;878;39.756748;5026.0
84318;The Other Dream Team;2012-09-28;0;0;6.9;7;0.388401;930701.0
45145;Johnny Suede;1991-08-18;500000;0;4.7;13;1.354816;6400.0
13983;Finishing The Game;2007-01-21;0;0;4.9;8;0.459625;58189.0
45649;Rubber;2010-07-09;500000;98017;5.7;251;9.108949;133398.0
19844;Kiss the Bride;2007-01-01;0;0;4.2;11;1.65426;69737.0
21801;The Slaughter Rule;2002-01-01;0;0;6.2;9;1.390909;641437.0
43933;Monsters;2010-06-18;500000;4242978;6.2;587;26.406001;129894.0
73511;The Californians;2005-10-21;0;0;4.0;1;0.218736;132812.0
43653;The Living Wake;2007-01-01;0;0;5.0;1;0.383442;93022.0
139715;Detention of the Dead;2012-04-27;500000;0;4.5;34;2.391847;92287.0
45380;Crazy Stone;2006-01-01;0;0;6.9;22;1.68502;17295.0
30867;Scott Walker: 30 Century Man;2006-10-31;0;0;7.0;8;0.607782;107168.0
81220;Everything Put Together;2001-11-02;500000;0;5.0;2;0.046903;12995.0
253626;Good Kill;2015-04-09;0;316472;5.9;208;10.924273;8685.0
294550;The Outrageous Sophie Tucker;2014-05-02;0;0;0.0;0;0.021419;139537.0
90369;Now Is Good;2012-05-25;0;0;7.3;371;14.142073;17510.0
117942;Girls Gone Dead;2012-03-28;500000;0;3.5;14;1.600171;98541.0
380097;America Is Still the Place;;0;0;0.0;0;0.0;
322194;Subconscious;2015-03-10;0;0;3.4;4;0.397323;1184351.0
98568;Enter Nowhere;2011-10-22;0;0;6.5;49;3.637857;155945.0
119657;El Rey de Najayo;2012-03-01;500;0;0.0;0;0.080105;1070682.0
380733;Fight to the Finish;2016-02-02;0;0;5.2;3;0.251828;1571422.0
285743;Alleluia! The Devil's Carnival;2016-03-29;0;0;6.0;2;0.674398;2675.0
362765;The Sound and the Shadow;2014-10-19;0;0;0.0;0;0.072359;1519326.0
379532;Rodeo Girl;2016-01-05;0;0;5.5;1;0.087574;88506.0
253261;Born to Fly: Elizabeth Streb vs. Gravity;2014-03-08;0;0;5.0;1;0.069244;1161761.0
297100;The Little Ponderosa Zoo;2014-09-11;500000;0;2.0;1;0.073079;
15239;The Toxic Avenger;1984-05-01;0;0;6.3;113;6.672008;78021.0
94072;Straight Out of Brooklyn;1991-06-13;0;0;4.3;4;0.161517;230059.0
4107;Bloody Sunday;2002-01-16;0;773228;7.2;53;7.330691;25598.0
325579;Diamond Ruff;2015-01-01;0;0;2.4;4;0.165257;
15624;Conversations with Other Women;2006-06-07;450000;973525;6.2;38;4.442355;78481.0
17287;Poultrygeist: Night of the Chicken Dead;2006-12-26;0;0;5.9;41;3.905877;78021.0
198370;Mutual Friends;2014-04-15;0;0;0.0;0;0.136721;1291408.0
3062;42nd Street;1933-02-02;439000;2281000;6.1;37;1.933366;21305.0
328307;Rise of the Entrepreneur: The Search for a Better Way;2014-11-20;0;0;8.0;1;0.052942;
15389;Metropolitan;1990-08-03;225000;0;7.0;38;1.014966;78188.0
464;As It Is in Heaven;2004-09-03;0;0;6.9;42;4.321249;6284.0
308467;Roadside;2013-03-01;0;0;4.2;5;0.160234;582527.0
8193;Napoleon Dynamite;2004-06-11;400000;46118097;6.7;554;23.603514;53925.0
188166;Blue Ruin;2014-04-25;0;258384;6.9;462;25.349758;74655.0
23827;Paranormal Activity;2007-09-14;15000;193355800;5.9;1316;47.456823;90591.0
1282;Dogtown and Z-Boys;2001-01-18;0;0;7.2;52;3.291609;4319.0
762;Monty Python and the Holy Grail;1975-03-13;400000;5028948;7.8;1708;64.782984;280.0
64499;Quinceañera;2006-06-05;0;0;7.0;7;0.034135;82335.0
281189;Gory Gory Hallelujah;2003-11-05;0;0;1.0;1;0.033883;1116801.0
1435;Tarnation;2003-10-19;218;1162014;7.5;22;1.063439;17108.0
47546;I Want Your Money;2010-07-06;0;0;3.8;5;0.084344;
189711;Love in the Time of Monsters;2014-03-08;0;0;5.0;2;0.133619;1425142.0
19204;The Beyond;1981-04-22;0;0;6.6;117;8.022122;29433.0
9029;What Happens in Vegas;2008-05-07;35000000;170000000;5.8;923;38.100488;56717.0
18045;The Dark Hours;2005-03-11;500000;0;5.5;22;1.428483;82641.0
11240;My Beautiful Laundrette;1985-09-07;860000;2451545;6.6;51;3.703005;3224.0
43743;Fabled;2002-01-01;0;0;0.0;0;0.003352;
157909;Show Me;2004-09-23;0;0;5.6;4;0.231297;545261.0
10238;Cries and Whispers;1972-12-21;0;0;7.8;115;11.347855;6648.0
3059;Intolerance;1916-09-04;385907;8394751;7.4;60;3.232447;100036.0
15800;Trekkies;1997-10-18;0;0;6.3;22;2.77754;63983.0
65203;The Broadway Melody;1929-02-08;379000;4358000;5.0;19;0.968865;145605.0
764;The Evil Dead;1981-10-15;350000;29400000;7.3;894;35.037625;7623.0
103620;Maniac;2012-12-26;6000000;31081;6.0;316;19.331884;64211.0
319069;Censored Voices;2015-01-24;0;0;5.1;8;0.59458;1414864.0
14278;Murderball;2005-07-22;300000;1750211;6.9;23;1.085909;82839.0
25678;American Ninja 2: The Confrontation;1987-05-01;0;0;4.9;49;5.061107;72543.0
79161;51 Birch Street;2006-10-18;0;0;6.8;6;0.049921;586066.0
371690;Rotor DR1;2015-10-20;350000;0;4.7;3;0.249561;1557430.0
389;12 Angry Men;1957-03-25;350000;1000000;8.2;2078;59.259204;39996.0
52032;My Dog Tulip;2009-01-01;0;246574;7.6;9;1.170257;146883.0
3078;It Happened One Night;1934-02-22;325000;4500000;7.7;275;11.871424;2662.0
38810;Dogtooth;2009-06-01;0;110197;6.9;332;28.858238;122423.0
21525;Tupac: Resurrection;2003-01-23;300000;7808524;8.0;26;1.314576;1110343.0
55123;Tumbleweeds;1999-11-28;312000;1281176;6.2;11;1.505703;77003.0
11980;The Prophecy;1995-09-01;8;16;6.4;138;11.818333;28902.0
11956;When the Cat's Away;1996-04-03;0;0;6.1;16;1.410387;17520.0
1550;Pieces of April;2003-01-19;300000;0;6.4;64;4.270596;3290.0
162396;The Big Swap;1998-06-11;0;0;0.0;0;0.627763;58547.0
26518;Old Joy;2006-01-01;300000;0;6.3;36;1.673208;56383.0
8942;Wendy and Lucy;2008-05-22;200000;0;6.4;64;0.713906;56383.0
68412;3 Backyards;2010-01-01;0;0;4.8;4;0.17817;115226.0
2786;Pierrot le Fou;1965-08-29;300000;0;7.6;127;7.791898;3776.0
87943;Sisters in Law;2005-09-03;0;0;7.3;2;0.025211;1046935.0
73981;Ayurveda: Art of Being;2001-09-20;300000;2074000;5.5;3;0.055868;7324.0
91721;Nothing But a Man;1964-01-01;0;0;7.0;2;0.008453;1043404.0
118452;First Love, Last Rites;1998-08-07;300000;40542;3.0;1;0.374291;130816.0
47534;Fighting Tommy Riley;2005-05-06;0;0;5.3;4;0.045429;112632.0
40914;Royal Kill;2009-04-10;0;0;2.8;6;1.088501;125044.0
365052;The Looking Glass;2015-10-23;0;0;7.0;1;0.062979;79726.0
13282;Death Race 2000;1975-04-27;300000;8000000;5.9;124;6.473667;101377.0
250184;Locker 13;2014-03-29;0;0;6.8;3;1.905197;61983.0
426067;Midnight Cabaret;1990-01-01;0;0;0.0;0;0.001389;1708905.0
324352;Anderson's Cross;2010-05-20;300000;0;0.0;0;0.006323;1424519.0
318040;Bizarre;2015-02-07;0;0;6.2;11;0.583446;1555903.0
27420;Graduation Day;1981-05-01;0;0;5.0;22;1.452199;22423.0
80468;Some Guy Who Kills People;2011-04-14;300000;0;5.7;45;2.733725;65242.0
84188;Compliance;2012-08-23;0;319285;6.3;221;8.942203;79434.0
2255;Chasing Amy;1997-04-04;250000;12021272;6.7;433;20.601483;19303.0
50035;Lovely & Amazing;2001-08-31;250000;4186931;6.3;23;1.45917;56539.0
300327;Death Calls;2010-09-01;0;0;0.0;0;0.005883;
14290;Better Luck Tomorrow;2002-01-12;0;0;6.5;27;3.877036;58189.0
29371;The Incredibly True Adventure of Two Girls In Love;1995-06-16;0;0;5.7;13;1.70819;86035.0
44490;Chuck & Buck;2000-01-21;0;0;5.7;16;0.812855;61069.0
32222;American Desi;2001-01-01;250000;0;5.0;4;0.126304;109026.0
378237;Amidst the Devil's Wings;2014-12-01;300000;0;0.0;0;0.018087;
431;Cube;1997-09-09;250000;501818;6.9;1069;44.656151;5877.0
76996;Love and Other Catastrophes;1996-08-01;0;0;5.8;9;0.619348;142513.0
51942;I Married a Strange Person!;1998-08-28;250;203;7.5;12;0.293649;126125.0
1424;November;2004-07-22;0;0;4.9;11;5.742359;17042.0
60420;Like Crazy;2011-10-28;250000;3542353;6.4;381;21.825564;132964.0
325123;Teeth and Blood;2015-03-10;0;0;3.0;1;0.055325;
142132;Sugar Town;1999-09-17;0;0;5.5;2;0.375423;3110.0
20520;The Motel;2005-01-01;0;0;7.0;3;0.120505;86262.0
109729;The Canyons;2013-07-29;250000;56825;4.1;75;6.978907;1035.0
78307;On the Outs;2004-09-11;0;0;5.9;6;0.493223;930628.0
12247;Shotgun Stories;2007-10-01;0;0;6.9;57;5.251143;71872.0
29917;Exam;2009-06-19;0;0;6.6;523;20.265518;105239.0
70687;The Sticky Fingers of Time;1997-06-06;250000;0;4.8;3;0.130169;85925.0
60463;Sunday School Musical;2008-10-21;0;0;5.5;4;0.46049;110876.0
46252;Rust;2010-10-07;0;0;0.0;0;0.399491;21246.0
24869;Ink;2009-01-23;250000;0;6.4;101;5.217002;92743.0
77934;The Christmas Bunny;2010-11-28;250000;0;5.7;7;0.065103;582841.0
34697;Butterfly;1982-02-05;0;0;5.0;12;1.063615;140086.0
320435;UnDivided;2013-02-01;0;0;0.0;0;0.010607;
150211;The Frozen;2012-10-10;0;0;4.2;14;1.084387;1331465.0
306667;Horse Camp;2015-01-10;0;0;5.5;2;0.172299;88506.0
274758;Give Me Shelter;2014-06-24;0;0;0.0;0;0.278981;1460398.0
3060;The Big Parade;1925-11-05;245000;22000000;7.0;21;0.785744;29962.0
40963;Little Big Top;2006-01-01;0;0;10.0;1;0.0921;
173224;Along the Roadside;2013-02-28;250;0;7.7;3;0.166655;1155992.0
18533;Bronson;2008-10-09;230000;2260712;6.9;733;18.450613;21183.0
376010;Western Religion;2015-10-09;0;0;0.0;0;0.58954;1562428.0
139948;Burn;2012-11-01;225000;111300;6.9;6;0.126676;1111709.0
77332;Urbania;2000-01-24;0;0;5.2;10;0.065155;193390.0
70478;The Stewardesses;1969-07-25;100000;27000000;4.3;5;1.183892;558559.0
35073;The Beast from 20,000 Fathoms;1953-06-13;210000;5000000;6.7;41;2.043661;11558.0
9659;Mad Max;1979-04-12;400000;100000000;6.6;1213;33.142185;20629.0
10218;Swingers;1996-10-18;200000;4505922;6.8;253;13.971674;11694.0
391;A Fistful of Dollars;1964-09-12;200000;14500000;7.6;883;38.771062;4385.0
43595;She Done Him Wrong;1933-02-09;200000;2200000;5.1;27;0.622752;116186.0
194588;Short Cut to Nirvana: Kumbh Mela;2004-05-11;0;0;0.0;0;0.004998;
54897;The Grace Card;2011-02-25;200000;2295733;6.5;10;0.616283;557883.0
83588;Middle of Nowhere;2012-10-12;0;0;6.6;7;2.836537;929825.0
53256;Three;2010-12-23;0;2611555;6.3;31;5.937602;1071.0
40920;The Business of Fancydancing;2002-01-14;200000;0;8.0;2;0.06104;1201090.0
287815;Call + Response;2008-10-10;0;0;8.0;1;0.062089;1553042.0
54702;Malevolence;2004-09-10;450000;0;4.9;14;1.077321;151017.0
176074;Reality Show;2015-01-01;0;0;5.5;2;0.472123;50583.0
69270;Super Hybrid;2010-01-01;13000000;0;4.6;24;4.009379;51445.0
5759;Baghead;2008-01-21;0;0;5.8;23;3.299345;45405.0
402515;American Beast;2014-10-21;0;0;0.0;0;0.018716;1686666.0
126141;The Case of the Grinning Cat;2004-12-05;0;0;7.7;3;0.092562;9956.0
48035;Ordet;1955-01-09;0;0;7.8;65;3.225189;11572.0
14758;Good Dick;2008-10-03;0;0;6.1;34;1.948435;77775.0
13363;The Man from Earth;2007-06-10;0;0;7.7;687;31.339015;76462.0
37985;The Trials Of Darryl Hunt;2007-06-15;0;0;6.8;4;0.15066;74105.0
25786;Samantha: An American Girl Holiday;2004-11-23;0;0;4.6;9;4.980585;15672.0
36549;Yesterday Was a Lie;2008-01-01;0;0;6.0;4;0.145014;1187357.0
361398;Theresa Is a Mother;2015-09-25;0;0;0.0;0;0.036532;1514634.0
289180;H.;2014-08-28;0;0;6.5;4;1.045623;1330498.0
288927;Archaeology of a Woman;2014-09-12;0;0;0.0;0;0.254659;1375627.0
21334;Children of Heaven;1997-08-01;180000;900000;7.8;112;7.072118;110695.0
79120;Weekend;2011-09-22;8000;469947;7.4;163;1.041254;586002.0
27995;She's Gotta Have It;1986-08-08;0;0;6.1;25;6.722213;5281.0
253290;Butterfly Girl;2014-03-10;0;0;0.0;0;0.015189;1288774.0
344466;The World Is Mine;2015-06-05;0;0;0.0;0;0.327622;1476699.0
55420;Another Earth;2011-07-22;100000;1776935;6.8;527;25.402697;45459.0
5822;Sweet Sweetback's Baadasssss Song;1971-04-23;150000;15200000;4.6;18;0.132878;135650.0
408429;Perfect Cowboy;2014-07-13;200;0;5.0;1;0.050978;1677569.0
39141;Tadpole;2002-11-01;150000;2891288;5.5;19;8.570328;17046.0
5723;Once;2007-03-23;160000;20710513;7.3;453;19.052179;45117.0
28666;The Woman Chaser;1999-10-08;0;0;4.9;4;0.619979;101515.0
30979;The Horse Boy;2009-11-25;0;0;5.5;2;0.465404;107447.0
50497;When the Lights Went Out;2012-01-31;0;0;5.8;49;2.805351;88323.0
354624;Heroes of Dirt;2015-09-04;0;0;0.0;0;0.076647;1562421.0
13187;A Charlie Brown Christmas;1965-12-09;0;0;7.5;153;8.701183;94011.0
335244;Antarctic Edge: 70° South;2015-04-17;0;0;0.0;0;0.021392;1456123.0
178862;Aroused;2013-02-20;0;0;7.2;11;2.557258;1162816.0
331745;Top Spin;2014-11-15;0;0;6.8;6;0.523122;1448550.0
1779;Roger & Me;1989-09-01;160000;6706368;7.4;90;3.284903;17087.0
282128;An American in Hollywood;2014-07-18;0;0;0.0;0;0.015697;1343876.0
86812;Sound of My Voice;2011-01-22;0;0;6.3;108;6.192383;933739.0
38786;The Blood of My Brother: A Story of Death in Iraq;2005-11-25;0;0;0.0;0;0.005256;
84355;Your Sister's Sister;2011-09-11;125000;3200000;6.5;137;12.833247;90492.0
18632;A Dog's Breakfast;2007-03-03;120000;0;5.9;24;2.213889;5892.0
40652;The Married Woman;1964-12-04;120000;0;7.1;20;1.112792;3776.0
339408;The Birth of a Nation;2016-09-09;8500000;15861566;6.5;178;9.452808;77277.0
266857;The Work and The Story;2003-01-01;0;0;0.0;0;0.002388;1314011.0
18925;Facing the Giants;2006-09-29;100000;10178331;6.6;64;4.563698;78040.0
299245;The Gallows;2015-07-10;100000;42664410;4.9;361;18.045782;1401541.0
985;Eraserhead;1977-03-19;10000;7000000;7.5;485;20.399578;5602.0
34101;Hollywood Shuffle;1987-03-20;0;0;5.7;19;2.353483;68750.0
9821;The Mighty;1998-10-23;0;0;7.1;51;5.497682;36804.0
65448;Penitentiary;1979-12-01;0;0;4.9;8;0.001117;932993.0
18841;The Lost Skeleton of Cadavra;2001-09-12;0;0;6.5;30;1.680525;88837.0
272726;Dude Where's My Dog?;2014-06-12;0;0;0.0;0;0.28397;99240.0
175291;Cheap Thrills;2013-03-08;0;0;6.3;155;10.826253;84697.0
80215;Indie Game: The Movie;2012-05-18;0;0;7.4;203;7.676677;1044256.0
13538;Straightheads;2007-04-27;0;0;5.2;40;8.302951;74626.0
51130;Open Secret;1948-02-14;0;0;7.0;2;0.186401;114396.0
270554;Echo Dr.;2013-11-08;0;0;5.0;1;0.053755;1321304.0
72086;The Night Visitor;1971-01-01;0;0;7.3;6;0.074005;89981.0
268917;The Past Is a Grotesque Animal;2014-06-15;100;0;5.5;2;0.394575;1645102.0
64973;Peace, Propaganda & the Promised Land;2005-01-28;0;0;6.4;4;0.020168;1184450.0
473;Pi;1998-07-10;60000;3221152;7.1;586;27.788067;6431.0
90414;I Love You, Don't Touch Me!;1997-01-21;0;0;6.0;1;0.020839;87033.0
111794;20 Dates;1998-01-01;0;0;3.7;3;0.408073;162102.0
360188;Queen Crab;2015-09-29;75000;0;3.3;3;0.140989;98094.0
9372;Super Size Me;2004-01-17;65000;28575078;6.6;506;10.400603;57492.0
85860;The FP;2011-03-13;0;0;4.5;11;0.838957;64227.0
244534;Happy Christmas;2014-06-26;0;0;5.2;58;7.052422;40863.0
33468;The Brain That Wouldn't Die;1962-02-25;62000;0;4.4;32;2.407048;110726.0
294086;Tiger Orange;2014-07-26;0;0;6.4;4;0.176377;1366270.0
139998;Supporting Characters;2012-01-23;0;0;6.7;10;0.620554;90575.0
74777;Absentia;2011-03-03;70000;0;5.8;121;6.328665;551463.0
16388;The Brothers McMullen;1995-08-09;0;0;6.3;23;1.578903;12833.0
159770;The Dirties;2013-10-04;0;0;6.0;42;0.833937;1144092.0
42109;Gabriela;1983-03-24;0;0;6.0;2;0.557602;69719.0
47607;Tiny Furniture;2010-11-12;65000;416498;5.6;59;2.380332;139135.0
193603;Hayride;2012-10-13;60000;0;5.1;6;0.412342;1434676.0
84659;The Naked Ape;2006-09-16;0;0;5.0;1;0.077577;1289580.0
322745;Counting;2015-02-09;50000;0;8.3;3;0.293587;74971.0
20981;The Call of Cthulhu;2005-01-01;50000;0;6.9;41;1.777148;229182.0
174362;Bending Steel;2013-04-20;0;0;5.0;1;0.048726;1168852.0
242095;The Signal;2014-03-15;4000000;600896;5.8;631;27.662696;125324.0
250902;The Image Revolution;2013-11-21;50000;0;5.7;3;0.54562;220274.0
158895;This Is Martin Bonner;2013-06-28;0;0;6.6;4;0.76368;1031144.0
222250;A True Story;2013-09-20;0;0;6.8;2;0.970351;57997.0
18292;George Washington;2000-10-01;0;0;6.4;36;2.058834;64141.0
125537;Smiling Fish & Goat On Fire;1999-09-16;0;0;7.0;1;0.00734;85242.0
326576;Dawn of the Crescent Moon;2014-04-05;0;0;2.0;1;0.049469;1429671.0
228550;Raymond Did It;2011-03-27;0;0;3.2;8;0.160779;1263110.0
13963;The Last Waltz;1978-05-01;0;321952;7.9;64;3.277287;1032.0
290391;Run, Hide, Die;2015-09-01;50000;0;3.5;2;0.595809;1360439.0
44770;The Exploding Girl;2009-04-22;0;0;6.4;15;0.611081;131388.0
69382;The Legend of God's Gun;2007-07-08;0;0;0.0;0;0.003582;558540.0
40769;Mutual Appreciation;2005-03-01;500000;0;6.1;8;0.123068;40864.0
220490;Her Cry: La Llorona Investigation;2013-04-19;0;0;0.0;0;0.056459;1263945.0
42151;Down Terrace;2009-09-01;31192;10000;6.3;26;1.330379;137467.0
2292;Clerks;1994-09-13;27000;3151130;7.4;755;19.748658;19303.0
42497;Pink Narcissus;1971-01-01;27000;0;6.0;9;0.027811;237393.0
33693;Funny Ha Ha;2002-09-20;0;76901;6.3;8;0.362633;40864.0
14585;In the Company of Men;1997-01-19;0;0;6.8;44;2.634007;58689.0
185465;Manito;2002-01-15;0;0;5.5;2;0.039264;151092.0
38780;Rampage;2009-08-14;0;0;6.0;131;7.101197;23799.0
14022;Slacker;1990-07-27;0;0;6.4;77;3.320622;564.0
366967;Dutch Kills;2015-10-02;0;0;0.0;0;0.038143;1532382.0
255266;Dry Spell;2013-02-14;22000;0;6.0;1;0.048948;1263110.0
17345;Flywheel;2003-01-01;0;0;6.8;19;1.048524;78040.0
226458;Backmask;2015-01-16;0;0;4.7;79;3.619167;29922.0
24055;The Puffy Chair;2005-01-17;0;0;6.2;15;1.243955;45405.0
287625;Stories of Our Lives;2014-09-05;0;0;0.0;0;0.327794;1360240.0
44990;Breaking Upwards;2009-03-14;0;0;5.6;12;0.67457;131870.0
86304;All Superheroes Must Die;2011-10-26;0;0;4.2;13;3.545991;1009255.0
692;Pink Flamingos;1972-03-12;12000;6000000;6.2;110;4.553644;10367.0
39851;Clean;2004-09-01;0;0;6.7;17;1.464566;21678.0
13898;The Circle;2000-09-08;0;0;6.6;17;1.193779;120229.0
157185;Tin Can Man;2007-01-01;13;0;2.0;1;0.332679;1310498.0
36095;Cure;1997-11-06;20000;99000;7.4;63;0.212443;26882.0
182291;On The Downlow;2004-04-11;0;0;6.0;2;0.029757;1398500.0
286939;Sanctuary: Quite a Conundrum;2012-01-20;0;0;0.0;0;0.166513;1171387.0
124606;Bang;1995-09-09;0;0;6.0;1;0.918116;77465.0
14337;Primer;2004-10-08;7000;424760;6.9;658;23.307949;76624.0
67238;Cavite;2005-03-12;0;0;7.5;2;0.022173;1174437.0
9367;El Mariachi;1992-09-04;220000;2040920;6.6;238;14.269792;2294.0
72766;Newlyweds;2011-12-26;9000;0;5.9;5;0.642552;12833.0
231617;Signed, Sealed, Delivered;2013-10-13;0;0;7.0;6;1.444476;1219158.0
126186;Shanghai Calling;2012-05-03;0;0;5.7;7;0.857008;208138.0
25975;My Date with Drew;2005-08-05;0;0;6.3;16;1.929883;85563.0
